Transaction_ID,Timestamp,Store,Cashier_ID,Transaction_Type,Payment_Method,Amount_USD
TXN-10000,11/05/2026 11:33,Store 6,109,Completed,Cash,24.4
TXN-10001,01/05/2026 14:10,Store 5,105,Refund,Mobile App,10.61
TXN-10002,25/05/2026 19:09,Store 4,110,Completed,Mobile App,35.58
TXN-10003,11/05/2026 11:13,Store 4,104,Completed,Credit Card,35.12
TXN-10004,03/05/2026 11:28,Store 6,101,Completed,Mobile App,19.3
TXN-10005,28/05/2026 21:31,Store 6,105,Completed,Cash,35.78
TXN-10006,25/05/2026 11:10,Store 6,100,Completed,Mobile App,44.61
TXN-10007,02/05/2026 16:06,Store 6,108,Completed,Credit Card,43.16
TXN-10008,17/05/2026 9:26,Store 2,107,Completed,Credit Card,28.26
TXN-10009,13/05/2026 8:20,Store 4,106,Completed,Credit Card,6.8
TXN-10010,26/05/2026 9:39,Store 3,106,Completed,Mobile App,22.84
TXN-10011,14/05/2026 18:27,Store 3,109,Completed,Credit Card,13.18
TXN-10012,15/05/2026 11:19,Store 4,110,Completed,Mobile App,33.24
TXN-10013,02/05/2026 11:49,Store 2,109,Completed,Credit Card,21.97
TXN-10014,01/05/2026 13:03,Store 1,105,Completed,Cash,43.6
TXN-10015,05/05/2026 21:28,Store 2,100,Void,Mobile App,6.42
TXN-10016,22/05/2026 18:04,Store 5,104,Completed,Mobile App,25.92
TXN-10017,26/05/2026 17:43,Store 3,103,Completed,Credit Card,16.68
TXN-10018,15/05/2026 18:20,Store 6,104,Completed,Cash,20.81
TXN-10019,18/05/2026 21:25,Store 6,106,Completed,Credit Card,13.76
TXN-10020,14/05/2026 17:54,Store 2,110,Completed,Mobile App,15.78
TXN-10021,04/05/2026 20:08,Store 1,110,Completed,Credit Card,14.11
TXN-10022,07/05/2026 21:25,Store 6,104,Completed,Mobile App,22.73
TXN-10023,23/05/2026 18:21,Store 3,103,Completed,Credit Card,23.29
TXN-10024,03/05/2026 14:04,Store 2,109,Completed,Credit Card,40.21
TXN-10025,23/05/2026 10:48,Store 6,100,Completed,Mobile App,14.24
TXN-10026,01/05/2026 21:17,Store 3,103,Void,Cash,30.38
TXN-10027,25/05/2026 12:46,Store 4,110,Completed,Cash,12.47
TXN-10028,25/05/2026 10:10,Store 4,106,Void,Mobile App,17.1
TXN-10029,21/05/2026 20:03,Store 2,109,Completed,Credit Card,25.41
TXN-10030,25/05/2026 21:40,Store 3,103,Completed,Mobile App,20.56
TXN-10031,26/05/2026 11:37,Store 2,105,Completed,Credit Card,24.72
TXN-10032,07/05/2026 8:19,Store 5,108,Completed,Mobile App,23.48
TXN-10033,02/05/2026 15:46,Store 4,109,Completed,Mobile App,44.7
TXN-10034,10/05/2026 17:52,Store 6,104,Completed,Mobile App,39.33
TXN-10035,15/05/2026 7:12,Store 1,101,Completed,Credit Card,5.77
TXN-10036,04/05/2026 9:30,Store 2,100,Completed,Cash,33.74
TXN-10037,22/05/2026 21:33,Store 4,110,Void,Cash,19.59
TXN-10038,09/05/2026 13:22,Store 2,107,Completed,Mobile App,20.57
TXN-10039,03/05/2026 21:48,Store 5,100,Completed,Mobile App,24.43
TXN-10040,14/05/2026 18:53,Store 3,106,Completed,Cash,23.54
TXN-10041,14/05/2026 18:46,Store 4,105,Completed,Mobile App,33.74
TXN-10042,29/05/2026 14:05,Store 6,104,Completed,Cash,41.29
TXN-10043,21/05/2026 18:24,Store 1,109,Completed,Credit Card,21.71
TXN-10044,10/05/2026 8:51,Store 3,105,Completed,Credit Card,21.91
TXN-10045,12/05/2026 15:58,Store 2,107,Completed,Mobile App,23.67
TXN-10046,02/05/2026 17:58,Store 1,110,Completed,Cash,37.77
TXN-10047,14/05/2026 20:24,Store 2,109,Completed,Credit Card,42.97
TXN-10048,26/05/2026 18:46,Store 3,100,Completed,Credit Card,38.17
TXN-10049,26/05/2026 12:26,Store 6,104,Completed,Mobile App,5.39
TXN-10050,23/05/2026 11:06,Store 4,109,Completed,Credit Card,8.53
TXN-10051,18/05/2026 16:24,Store 3,108,Void,Credit Card,32.81
TXN-10052,11/05/2026 16:37,Store 3,108,Completed,Credit Card,29.75
TXN-10053,06/05/2026 20:06,Store 2,101,Completed,Credit Card,37.9
TXN-10054,10/05/2026 17:29,Store 2,106,Completed,Mobile App,41.27
TXN-10055,14/05/2026 20:12,Store 3,103,Completed,Mobile App,27.89
TXN-10056,24/05/2026 15:04,Store 2,107,Completed,Credit Card,21.08
TXN-10057,16/05/2026 11:21,Store 2,110,Completed,Credit Card,5.85
TXN-10058,29/05/2026 21:59,Store 3,103,Completed,Cash,24.47
TXN-10059,16/05/2026 18:48,Store 4,101,Completed,Credit Card,30.34
TXN-10060,30/05/2026 17:59,Store 4,108,Completed,Credit Card,23.35
TXN-10061,16/05/2026 13:05,Store 2,102,Completed,Credit Card,17
TXN-10062,21/05/2026 21:28,Store 4,106,Completed,Mobile App,5.41
TXN-10063,04/05/2026 15:10,Store 1,101,Completed,Cash,35.73
TXN-10064,02/05/2026 19:34,Store 1,106,Completed,Mobile App,42.28
TXN-10065,21/05/2026 15:37,Store 2,107,Completed,Mobile App,35.64
TXN-10066,28/05/2026 9:26,Store 3,106,Completed,Cash,25.09
TXN-10067,12/05/2026 20:22,Store 5,109,Completed,Credit Card,39.67
TXN-10068,07/05/2026 11:52,Store 2,107,Completed,Cash,7.68
TXN-10069,28/05/2026 15:34,Store 5,104,Completed,Cash,29.11
TXN-10070,05/05/2026 17:39,Store 1,100,Discount applied,Mobile App,30.16
TXN-10071,13/05/2026 16:05,Store 2,104,Completed,Cash,35.58
TXN-10072,11/05/2026 10:42,Store 4,100,Completed,Credit Card,8.03
TXN-10073,13/05/2026 21:30,Store 6,100,Completed,Credit Card,6.74
TXN-10074,07/05/2026 8:47,Store 4,100,Completed,Cash,30.1
TXN-10075,24/05/2026 16:21,Store 4,108,Completed,Credit Card,6.23
TXN-10076,12/05/2026 11:53,Store 4,109,Completed,Credit Card,40.33
TXN-10077,16/05/2026 7:08,Store 6,102,Completed,Credit Card,39.79
TXN-10078,21/05/2026 16:43,Store 2,107,Discount applied,Cash,35.85
TXN-10079,07/05/2026 13:45,Store 2,110,Completed,Mobile App,7.57
TXN-10080,23/05/2026 15:26,Store 6,100,Completed,Mobile App,37.81
TXN-10081,19/05/2026 16:02,Store 1,104,Completed,Credit Card,28.35
TXN-10082,28/05/2026 19:52,Store 6,110,Completed,Mobile App,22.84
TXN-10083,04/05/2026 18:46,Store 1,105,Completed,Credit Card,11.92
TXN-10084,06/05/2026 9:37,Store 6,105,Completed,Mobile App,35.32
TXN-10085,22/05/2026 20:36,Store 1,109,Completed,Credit Card,22.72
TXN-10086,21/05/2026 21:09,Store 4,110,Discount applied,Credit Card,34.1
TXN-10087,08/05/2026 16:42,Store 4,106,Completed,Cash,30.86
TXN-10088,04/05/2026 12:21,Store 6,104,Completed,Credit Card,38.77
TXN-10089,08/05/2026 18:27,Store 6,109,Completed,Mobile App,16.62
TXN-10090,18/05/2026 7:44,Store 3,102,Completed,Credit Card,7.45
TXN-10091,21/05/2026 11:31,Store 2,100,Completed,Mobile App,33.71
TXN-10092,30/05/2026 19:34,Store 1,110,Refund,Credit Card,10.47
TXN-10093,18/05/2026 7:52,Store 5,101,Completed,Credit Card,37.31
TXN-10094,14/05/2026 11:54,Store 6,104,Completed,Mobile App,42.92
TXN-10095,24/05/2026 20:10,Store 1,105,Completed,Credit Card,15.65
TXN-10096,24/05/2026 7:34,Store 6,106,Completed,Credit Card,6.22
TXN-10097,09/05/2026 7:46,Store 4,109,Completed,Credit Card,14.91
TXN-10098,25/05/2026 19:32,Store 3,103,Completed,Mobile App,21.31
TXN-10099,27/05/2026 9:55,Store 3,108,Completed,Cash,13
TXN-10100,15/05/2026 18:30,Store 3,103,Completed,Credit Card,18.11
TXN-10101,21/05/2026 20:25,Store 5,102,Completed,Cash,22.4
TXN-10102,15/05/2026 18:39,Store 3,106,Completed,Cash,38.4
TXN-10103,18/05/2026 17:51,Store 5,109,Completed,Mobile App,40.48
TXN-10104,15/05/2026 15:57,Store 5,102,Completed,Credit Card,39.83
TXN-10105,14/05/2026 12:34,Store 2,107,Completed,Mobile App,35.33
TXN-10106,15/05/2026 12:38,Store 1,102,Completed,Cash,7.27
TXN-10107,18/05/2026 21:27,Store 3,105,Completed,Cash,32.4
TXN-10108,02/05/2026 10:09,Store 5,109,Completed,Cash,23.81
TXN-10109,07/05/2026 20:08,Store 2,104,Completed,Cash,28.06
TXN-10110,03/05/2026 20:58,Store 3,103,Completed,Credit Card,13.45
TXN-10111,27/05/2026 12:32,Store 5,104,Completed,Cash,31.79
TXN-10112,23/05/2026 10:58,Store 2,106,Completed,Mobile App,41.63
TXN-10113,16/05/2026 9:33,Store 4,105,Completed,Mobile App,23.78
TXN-10114,04/05/2026 15:48,Store 4,104,Completed,Credit Card,30.09
TXN-10115,22/05/2026 20:13,Store 2,100,Completed,Cash,25.78
TXN-10116,07/05/2026 20:39,Store 3,101,Completed,Credit Card,26.22
TXN-10117,13/05/2026 8:52,Store 2,109,Completed,Credit Card,33.82
TXN-10118,16/05/2026 19:10,Store 3,103,Completed,Cash,10.98
TXN-10119,27/05/2026 8:39,Store 3,108,Completed,Mobile App,43.95
TXN-10120,20/05/2026 20:04,Store 6,110,Completed,Mobile App,17.53
TXN-10121,04/05/2026 7:20,Store 2,104,Completed,Credit Card,19.79
TXN-10122,11/05/2026 18:14,Store 5,106,Completed,Cash,13.22
TXN-10123,23/05/2026 14:35,Store 5,106,Completed,Credit Card,42.32
TXN-10124,04/05/2026 7:36,Store 5,105,Completed,Credit Card,34.85
TXN-10125,17/05/2026 16:55,Store 1,101,Completed,Cash,24.13
TXN-10126,05/05/2026 11:54,Store 1,100,Discount applied,Cash,34.26
TXN-10127,28/05/2026 14:04,Store 3,104,Completed,Credit Card,14.95
TXN-10128,16/05/2026 18:12,Store 6,104,Completed,Cash,15.62
TXN-10129,01/05/2026 17:54,Store 5,104,Completed,Cash,22.29
TXN-10130,17/05/2026 10:44,Store 3,110,Completed,Cash,14.48
TXN-10131,17/05/2026 19:53,Store 1,100,Completed,Mobile App,22.91
TXN-10132,21/05/2026 18:27,Store 2,108,Completed,Cash,27.97
TXN-10133,05/05/2026 10:45,Store 4,105,Completed,Cash,41
TXN-10134,07/05/2026 10:34,Store 2,110,Completed,Credit Card,24.32
TXN-10135,13/05/2026 19:03,Store 2,106,Completed,Cash,41.02
TXN-10136,13/05/2026 13:04,Store 4,105,Completed,Credit Card,22.95
TXN-10137,26/05/2026 19:51,Store 5,100,Completed,Credit Card,7.18
TXN-10138,22/05/2026 8:29,Store 2,100,Completed,Credit Card,25.1
TXN-10139,05/05/2026 12:31,Store 5,100,Completed,Mobile App,7.79
TXN-10140,29/05/2026 14:35,Store 2,107,Completed,Credit Card,23.48
TXN-10141,29/05/2026 20:15,Store 3,103,Completed,Credit Card,19.3
TXN-10142,14/05/2026 8:30,Store 2,110,Completed,Mobile App,11.71
TXN-10143,04/05/2026 16:10,Store 2,107,Completed,Credit Card,5.12
TXN-10144,04/05/2026 12:42,Store 5,102,Completed,Credit Card,40.19
TXN-10145,05/05/2026 21:54,Store 3,100,Completed,Cash,11.24
TXN-10146,28/05/2026 20:52,Store 6,108,Completed,Cash,28.46
TXN-10147,07/05/2026 20:43,Store 5,105,Refund,Cash,18.55
TXN-10148,28/05/2026 7:12,Store 6,109,Completed,Mobile App,20.16
TXN-10149,18/05/2026 19:24,Store 5,108,Completed,Credit Card,12.36
TXN-10150,22/05/2026 17:38,Store 3,108,Completed,Cash,24.45
TXN-10151,01/05/2026 20:18,Store 3,106,Completed,Credit Card,13.3
TXN-10152,25/05/2026 14:04,Store 1,109,Completed,Credit Card,21.26
TXN-10153,02/05/2026 11:44,Store 2,107,Completed,Mobile App,31.85
TXN-10154,28/05/2026 10:11,Store 4,104,Discount applied,Mobile App,12.24
TXN-10155,29/05/2026 13:27,Store 5,100,Refund,Credit Card,10.14
TXN-10156,25/05/2026 12:16,Store 6,102,Completed,Cash,31.83
TXN-10157,04/05/2026 15:19,Store 1,101,Completed,Credit Card,21.92
TXN-10158,30/05/2026 16:35,Store 3,109,Completed,Mobile App,12.49
TXN-10159,29/05/2026 18:15,Store 2,109,Completed,Credit Card,39.91
TXN-10160,25/05/2026 18:17,Store 5,108,Completed,Cash,42.37
TXN-10161,01/05/2026 11:54,Store 3,109,Completed,Credit Card,42.4
TXN-10162,19/05/2026 12:28,Store 5,104,Completed,Credit Card,12.39
TXN-10163,26/05/2026 12:32,Store 6,102,Discount applied,Cash,32.72
TXN-10164,14/05/2026 16:47,Store 2,101,Completed,Mobile App,33.31
TXN-10165,12/05/2026 9:14,Store 4,106,Completed,Credit Card,36.05
TXN-10166,21/05/2026 11:53,Store 6,110,Completed,Credit Card,28.27
TXN-10167,06/05/2026 9:16,Store 5,106,Completed,Credit Card,18.11
TXN-10168,10/05/2026 21:04,Store 3,103,Completed,Mobile App,19.61
TXN-10169,21/05/2026 19:55,Store 3,105,Completed,Credit Card,22.53
TXN-10170,12/05/2026 17:29,Store 5,100,Completed,Cash,14.72
TXN-10171,29/05/2026 13:32,Store 6,108,Completed,Credit Card,6.25
TXN-10172,13/05/2026 18:39,Store 6,100,Completed,Credit Card,37.7
TXN-10173,06/05/2026 21:54,Store 4,102,Completed,Cash,33.56
TXN-10174,20/05/2026 10:29,Store 3,104,Completed,Mobile App,15.44
TXN-10175,08/05/2026 20:21,Store 2,104,Completed,Credit Card,17.43
TXN-10176,23/05/2026 20:00,Store 2,102,Discount applied,Cash,11.98
TXN-10177,29/05/2026 16:28,Store 2,108,Completed,Mobile App,27.32
TXN-10178,27/05/2026 17:31,Store 4,109,Completed,Cash,12.62
TXN-10179,12/05/2026 17:52,Store 3,103,Completed,Mobile App,9.39
TXN-10180,16/05/2026 10:38,Store 2,107,Completed,Mobile App,16.88
TXN-10181,24/05/2026 17:39,Store 4,106,Completed,Mobile App,17.23
TXN-10182,18/05/2026 17:25,Store 1,109,Void,Credit Card,25.05
TXN-10183,29/05/2026 16:35,Store 1,105,Completed,Credit Card,12.19
TXN-10184,06/05/2026 13:16,Store 2,108,Completed,Cash,20.91
TXN-10185,15/05/2026 20:33,Store 2,105,Completed,Credit Card,16.83
TXN-10186,13/05/2026 7:42,Store 6,108,Void,Mobile App,5.8
TXN-10187,11/05/2026 21:04,Store 3,100,Completed,Credit Card,37.86
TXN-10188,07/05/2026 15:12,Store 4,109,Completed,Mobile App,5.87
TXN-10189,05/05/2026 7:38,Store 3,102,Completed,Credit Card,15.4
TXN-10190,11/05/2026 9:48,Store 3,102,Completed,Credit Card,40.74
TXN-10191,12/05/2026 18:01,Store 3,102,Completed,Credit Card,6.7
TXN-10192,13/05/2026 7:55,Store 1,106,Discount applied,Mobile App,21.76
TXN-10193,04/05/2026 9:12,Store 6,109,Completed,Credit Card,40.33
TXN-10194,18/05/2026 14:50,Store 2,100,Completed,Cash,40.46
TXN-10195,12/05/2026 14:17,Store 3,108,Completed,Credit Card,41.56
TXN-10196,30/05/2026 15:00,Store 3,100,Completed,Credit Card,37.08
TXN-10197,07/05/2026 19:02,Store 3,102,Completed,Credit Card,38.58
TXN-10198,08/05/2026 19:49,Store 2,106,Completed,Mobile App,17.59
TXN-10199,10/05/2026 15:48,Store 4,106,Completed,Cash,20.09
TXN-10200,11/05/2026 18:05,Store 3,103,Completed,Credit Card,17.26
TXN-10201,01/05/2026 12:58,Store 4,100,Completed,Cash,31
TXN-10202,10/05/2026 10:05,Store 1,110,Completed,Mobile App,17.72
TXN-10203,07/05/2026 14:58,Store 3,105,Completed,Credit Card,31.27
TXN-10204,13/05/2026 19:59,Store 2,101,Completed,Credit Card,36.15
TXN-10205,16/05/2026 15:17,Store 5,108,Completed,Cash,9.89
TXN-10206,11/05/2026 18:29,Store 5,100,Completed,Mobile App,43.84
TXN-10207,16/05/2026 13:36,Store 6,101,Completed,Credit Card,40.75
TXN-10208,26/05/2026 11:06,Store 4,110,Completed,Credit Card,30.87
TXN-10209,06/05/2026 12:11,Store 3,102,Completed,Mobile App,25.9
TXN-10210,18/05/2026 13:32,Store 1,101,Completed,Mobile App,9.7
TXN-10211,22/05/2026 17:09,Store 1,109,Completed,Credit Card,26.71
TXN-10212,26/05/2026 20:00,Store 5,105,Completed,Mobile App,21.9
TXN-10213,24/05/2026 7:25,Store 6,105,Completed,Cash,13.72
TXN-10214,02/05/2026 18:11,Store 2,104,Completed,Mobile App,44.32
TXN-10215,20/05/2026 19:29,Store 1,106,Completed,Mobile App,6.02
TXN-10216,19/05/2026 18:47,Store 4,100,Completed,Credit Card,20.59
TXN-10217,29/05/2026 20:10,Store 3,110,Completed,Credit Card,5.29
TXN-10218,13/05/2026 9:13,Store 5,106,Completed,Mobile App,44.01
TXN-10219,30/05/2026 21:46,Store 3,104,Completed,Mobile App,31.41
TXN-10220,05/05/2026 7:52,Store 4,101,Completed,Credit Card,40.9
TXN-10221,27/05/2026 18:36,Store 3,109,Completed,Mobile App,34.61
TXN-10222,15/05/2026 15:21,Store 6,100,Completed,Credit Card,5.49
TXN-10223,30/05/2026 8:27,Store 2,101,Completed,Mobile App,8.71
TXN-10224,15/05/2026 16:58,Store 5,106,Refund,Mobile App,8.05
TXN-10225,17/05/2026 7:33,Store 1,101,Completed,Credit Card,38.69
TXN-10226,02/05/2026 15:00,Store 2,105,Completed,Mobile App,30.67
TXN-10227,01/05/2026 12:54,Store 4,102,Completed,Credit Card,11.56
TXN-10228,16/05/2026 7:02,Store 6,104,Completed,Cash,11.11
TXN-10229,30/05/2026 12:40,Store 3,101,Completed,Credit Card,15.68
TXN-10230,16/05/2026 20:20,Store 3,100,Completed,Cash,36.91
TXN-10231,23/05/2026 13:52,Store 3,102,Completed,Credit Card,10.5
TXN-10232,01/05/2026 22:39,Store 3,103,Void,Cash,32.41
TXN-10233,30/05/2026 7:33,Store 6,101,Completed,Mobile App,37.41
TXN-10234,05/05/2026 19:19,Store 3,103,Completed,Mobile App,5.05
TXN-10235,07/05/2026 14:34,Store 1,110,Completed,Mobile App,22.97
TXN-10236,25/05/2026 19:30,Store 1,100,Completed,Mobile App,22.54
TXN-10237,20/05/2026 20:18,Store 6,105,Completed,Credit Card,41.65
TXN-10238,17/05/2026 17:04,Store 1,101,Void,Cash,10.36
TXN-10239,22/05/2026 18:23,Store 6,108,Completed,Cash,13.01
TXN-10240,09/05/2026 21:13,Store 2,110,Completed,Credit Card,16.88
TXN-10241,15/05/2026 10:15,Store 4,104,Completed,Mobile App,30.34
TXN-10242,26/05/2026 13:43,Store 2,107,Completed,Credit Card,16.78
TXN-10243,15/05/2026 12:33,Store 6,109,Completed,Credit Card,40.66
TXN-10244,26/05/2026 11:48,Store 3,108,Completed,Credit Card,30.65
TXN-10245,26/05/2026 15:06,Store 4,110,Completed,Mobile App,28.37
TXN-10246,05/05/2026 14:46,Store 4,100,Completed,Credit Card,40.57
TXN-10247,22/05/2026 17:41,Store 4,106,Completed,Credit Card,27.33
TXN-10248,19/05/2026 7:48,Store 6,105,Completed,Mobile App,31.06
TXN-10249,21/05/2026 7:25,Store 4,100,Void,Credit Card,32.26
TXN-10250,19/05/2026 20:18,Store 2,104,Completed,Credit Card,44.46
TXN-10251,29/05/2026 19:05,Store 1,105,Completed,Mobile App,19.18
TXN-10252,21/05/2026 10:22,Store 6,101,Completed,Credit Card,30.55
TXN-10253,17/05/2026 19:14,Store 4,100,Completed,Mobile App,39.69
TXN-10254,05/05/2026 14:22,Store 1,101,Completed,Credit Card,36.5
TXN-10255,26/05/2026 12:04,Store 2,105,Completed,Cash,29.12
TXN-10256,25/05/2026 17:42,Store 2,107,Completed,Cash,23.65
TXN-10257,02/05/2026 20:46,Store 1,100,Completed,Credit Card,32.06
TXN-10258,09/05/2026 16:38,Store 2,107,Completed,Mobile App,17.26
TXN-10259,29/05/2026 13:28,Store 4,101,Completed,Cash,17.57
TXN-10260,02/05/2026 17:51,Store 2,106,Completed,Credit Card,6.95
TXN-10261,29/05/2026 10:25,Store 4,105,Completed,Cash,37.95
TXN-10262,21/05/2026 10:58,Store 1,108,Completed,Mobile App,43.54
TXN-10263,10/05/2026 15:23,Store 2,108,Completed,Credit Card,41.71
TXN-10264,06/05/2026 15:46,Store 2,102,Completed,Credit Card,44.46
TXN-10265,26/05/2026 15:14,Store 6,101,Completed,Mobile App,27.75
TXN-10266,08/05/2026 17:31,Store 3,104,Completed,Mobile App,43.99
TXN-10267,12/05/2026 9:42,Store 4,102,Completed,Cash,36.9
TXN-10268,11/05/2026 10:49,Store 2,100,Completed,Mobile App,26.73
TXN-10269,02/05/2026 11:38,Store 5,100,Void,Mobile App,29.73
TXN-10270,12/05/2026 11:10,Store 4,106,Completed,Credit Card,33.18
TXN-10271,27/05/2026 12:26,Store 1,109,Completed,Cash,5.08
TXN-10272,12/05/2026 8:04,Store 5,106,Completed,Cash,15.32
TXN-10273,04/05/2026 19:59,Store 5,106,Completed,Cash,34.43
TXN-10274,15/05/2026 8:40,Store 1,108,Completed,Credit Card,37.18
TXN-10275,28/05/2026 14:32,Store 2,107,Refund,Credit Card,37.74
TXN-10276,30/05/2026 16:46,Store 5,108,Completed,Credit Card,19.57
TXN-10277,18/05/2026 11:23,Store 6,104,Completed,Mobile App,19.36
TXN-10278,02/05/2026 21:43,Store 3,110,Completed,Cash,13.45
TXN-10279,05/05/2026 18:24,Store 3,109,Completed,Credit Card,9.02
TXN-10280,14/05/2026 7:31,Store 2,110,Completed,Cash,6.4
TXN-10281,27/05/2026 19:29,Store 4,106,Completed,Credit Card,5.09
TXN-10282,05/05/2026 20:43,Store 3,101,Completed,Cash,10.05
TXN-10283,11/05/2026 10:28,Store 6,105,Completed,Credit Card,22.74
TXN-10284,21/05/2026 21:05,Store 3,102,Completed,Mobile App,34.17
TXN-10285,01/05/2026 14:09,Store 5,106,Completed,Mobile App,25.69
TXN-10286,07/05/2026 17:11,Store 4,100,Completed,Credit Card,17.63
TXN-10287,05/05/2026 17:13,Store 6,105,Completed,Cash,13.18
TXN-10288,12/05/2026 13:44,Store 2,101,Completed,Cash,44.4
TXN-10289,07/05/2026 8:25,Store 6,106,Completed,Mobile App,37.37
TXN-10290,04/05/2026 7:25,Store 2,110,Discount applied,Cash,33.01
TXN-10291,28/05/2026 14:18,Store 2,110,Completed,Cash,30.93
TXN-10292,23/05/2026 15:24,Store 2,105,Completed,Mobile App,36.49
TXN-10293,06/05/2026 21:41,Store 5,106,Completed,Mobile App,20.67
TXN-10294,12/05/2026 18:01,Store 1,102,Completed,Credit Card,43.51
TXN-10295,22/05/2026 7:55,Store 4,109,Completed,Credit Card,34.18
TXN-10296,10/05/2026 17:35,Store 4,104,Completed,Credit Card,34.4
TXN-10297,24/05/2026 19:13,Store 6,108,Completed,Mobile App,31.08
TXN-10298,05/05/2026 14:11,Store 1,108,Completed,Credit Card,23.23
TXN-10299,16/05/2026 13:26,Store 3,102,Completed,Credit Card,25.8
TXN-10300,18/05/2026 18:59,Store 2,104,Completed,Mobile App,43.43
TXN-10301,05/05/2026 22:27,Store 3,103,Void,Cash,24.12
TXN-10302,26/05/2026 11:38,Store 6,104,Completed,Cash,6.8
TXN-10303,04/05/2026 16:27,Store 1,110,Completed,Credit Card,29.82
TXN-10304,26/05/2026 12:32,Store 2,107,Completed,Credit Card,7.33
TXN-10305,30/05/2026 12:39,Store 2,106,Completed,Credit Card,9.22
TXN-10306,01/05/2026 13:00,Store 1,104,Completed,Credit Card,35.75
TXN-10307,14/05/2026 8:31,Store 4,104,Completed,Credit Card,44.78
TXN-10308,19/05/2026 20:48,Store 1,110,Completed,Mobile App,14.81
TXN-10309,28/05/2026 18:07,Store 5,106,Completed,Mobile App,40.85
TXN-10310,04/05/2026 21:51,Store 3,103,Completed,Cash,13.24
TXN-10311,21/05/2026 20:39,Store 4,101,Completed,Cash,33.34
TXN-10312,15/05/2026 9:55,Store 3,100,Completed,Credit Card,19.17
TXN-10313,22/05/2026 9:14,Store 3,100,Completed,Credit Card,29.92
TXN-10314,03/05/2026 12:53,Store 2,102,Completed,Cash,7.04
TXN-10315,06/05/2026 10:04,Store 2,107,Discount applied,Cash,18.1
TXN-10316,08/05/2026 17:15,Store 2,101,Completed,Cash,41.69
TXN-10317,13/05/2026 14:04,Store 1,101,Completed,Credit Card,11.07
TXN-10318,21/05/2026 14:55,Store 2,108,Completed,Credit Card,35.01
TXN-10319,16/05/2026 16:30,Store 4,110,Completed,Credit Card,40.92
TXN-10320,09/05/2026 9:30,Store 4,108,Void,Cash,5.51
TXN-10321,13/05/2026 20:28,Store 2,100,Completed,Credit Card,8.79
TXN-10322,27/05/2026 13:36,Store 2,110,Completed,Cash,40.38
TXN-10323,10/05/2026 12:24,Store 5,108,Completed,Credit Card,10.73
TXN-10324,29/05/2026 13:31,Store 5,104,Completed,Credit Card,8.75
TXN-10325,29/05/2026 20:01,Store 5,100,Completed,Credit Card,41.68
TXN-10326,09/05/2026 21:39,Store 4,110,Completed,Mobile App,16.73
TXN-10327,25/05/2026 21:48,Store 2,108,Completed,Credit Card,22.72
TXN-10328,16/05/2026 19:18,Store 6,106,Completed,Mobile App,28.56
TXN-10329,08/05/2026 16:31,Store 4,108,Completed,Credit Card,36.59
TXN-10330,24/05/2026 16:14,Store 1,102,Completed,Credit Card,10.66
TXN-10331,10/05/2026 20:48,Store 3,103,Completed,Credit Card,24.04
TXN-10332,30/05/2026 17:31,Store 1,100,Refund,Credit Card,18.15
TXN-10333,06/05/2026 7:13,Store 5,109,Completed,Mobile App,26.01
TXN-10334,27/05/2026 12:33,Store 4,104,Completed,Credit Card,20.51
TXN-10335,24/05/2026 10:48,Store 6,110,Completed,Cash,16.21
TXN-10336,24/05/2026 19:26,Store 4,110,Completed,Mobile App,32.55
TXN-10337,27/05/2026 18:43,Store 5,105,Completed,Cash,17.13
TXN-10338,28/05/2026 13:47,Store 4,109,Completed,Mobile App,41.46
TXN-10339,16/05/2026 10:53,Store 6,110,Completed,Cash,25.03
TXN-10340,21/05/2026 15:56,Store 4,100,Completed,Cash,24.52
TXN-10341,04/05/2026 19:08,Store 6,108,Completed,Cash,17.9
TXN-10342,22/05/2026 20:47,Store 3,103,Completed,Cash,29.14
TXN-10343,29/05/2026 11:47,Store 2,107,Completed,Credit Card,12.31
TXN-10344,26/05/2026 20:56,Store 2,108,Completed,Cash,15.21
TXN-10345,09/05/2026 14:19,Store 3,110,Completed,Cash,9.57
TXN-10346,17/05/2026 15:12,Store 2,105,Void,Credit Card,18.56
TXN-10347,23/05/2026 16:22,Store 3,106,Completed,Mobile App,40.03
TXN-10348,18/05/2026 8:25,Store 2,110,Completed,Credit Card,43.05
TXN-10349,22/05/2026 17:59,Store 3,103,Completed,Credit Card,5.16
TXN-10350,30/05/2026 16:46,Store 2,110,Completed,Credit Card,13.39
TXN-10351,29/05/2026 15:41,Store 1,109,Completed,Cash,31.97
TXN-10352,16/05/2026 19:15,Store 3,106,Completed,Credit Card,22.23
TXN-10353,18/05/2026 10:02,Store 5,109,Completed,Credit Card,10.3
TXN-10354,18/05/2026 7:44,Store 1,104,Completed,Cash,42.59
TXN-10355,13/05/2026 20:50,Store 3,103,Completed,Credit Card,35.76
TXN-10356,01/05/2026 19:38,Store 4,104,Completed,Cash,8.32
TXN-10357,18/05/2026 15:58,Store 4,109,Completed,Cash,12.82
TXN-10358,14/05/2026 10:22,Store 5,109,Completed,Mobile App,17.07
TXN-10359,23/05/2026 8:40,Store 6,105,Completed,Mobile App,29.59
TXN-10360,12/05/2026 18:53,Store 2,105,Completed,Credit Card,33.75
TXN-10361,22/05/2026 16:41,Store 5,108,Completed,Cash,20.85
TXN-10362,22/05/2026 21:56,Store 4,104,Completed,Cash,18.04
TXN-10363,18/05/2026 15:57,Store 4,110,Completed,Credit Card,26.17
TXN-10364,03/05/2026 14:25,Store 4,108,Completed,Credit Card,11.4
TXN-10365,01/05/2026 21:42,Store 3,104,Refund,Cash,7.68
TXN-10366,25/05/2026 9:35,Store 6,102,Completed,Mobile App,29.33
TXN-10367,16/05/2026 11:03,Store 5,109,Completed,Cash,7.2
TXN-10368,04/05/2026 15:22,Store 5,109,Completed,Credit Card,27.06
TXN-10369,07/05/2026 17:06,Store 4,106,Completed,Mobile App,42.35
TXN-10370,29/05/2026 13:26,Store 5,100,Completed,Cash,16.95
TXN-10371,07/05/2026 20:38,Store 5,108,Completed,Mobile App,22.01
TXN-10372,12/05/2026 17:31,Store 1,102,Completed,Mobile App,5.51
TXN-10373,05/05/2026 10:14,Store 6,110,Completed,Credit Card,19.37
TXN-10374,04/05/2026 12:10,Store 5,102,Completed,Credit Card,19.54
TXN-10375,05/05/2026 21:51,Store 5,100,Completed,Credit Card,43.89
TXN-10376,13/05/2026 20:44,Store 6,102,Completed,Cash,13.2
TXN-10377,01/05/2026 8:26,Store 4,109,Completed,Mobile App,10.54
TXN-10378,22/05/2026 9:03,Store 2,102,Completed,Cash,24.49
TXN-10379,21/05/2026 11:52,Store 6,104,Completed,Credit Card,40.19
TXN-10380,04/05/2026 15:54,Store 5,102,Discount applied,Mobile App,12.62
TXN-10381,26/05/2026 14:01,Store 2,100,Completed,Credit Card,15.09
TXN-10382,08/05/2026 10:08,Store 2,101,Completed,Credit Card,20.74
TXN-10383,01/05/2026 18:16,Store 5,100,Completed,Cash,39.42
TXN-10384,27/05/2026 16:10,Store 6,106,Completed,Cash,26.53
TXN-10385,11/05/2026 8:37,Store 4,100,Completed,Cash,16.19
TXN-10386,19/05/2026 18:02,Store 2,100,Completed,Cash,31.69
TXN-10387,20/05/2026 12:32,Store 1,102,Completed,Credit Card,6.89
TXN-10388,11/05/2026 8:51,Store 6,101,Completed,Mobile App,16.67
TXN-10389,13/05/2026 13:24,Store 2,107,Completed,Mobile App,30.01
TXN-10390,28/05/2026 14:51,Store 3,100,Completed,Cash,37.48
TXN-10391,09/05/2026 20:15,Store 3,103,Completed,Mobile App,16.08
TXN-10392,14/05/2026 20:29,Store 5,101,Completed,Credit Card,14.75
TXN-10393,28/05/2026 17:39,Store 5,109,Completed,Cash,5.87
TXN-10394,26/05/2026 16:43,Store 5,110,Completed,Mobile App,42.97
TXN-10395,16/05/2026 16:36,Store 3,109,Completed,Mobile App,9.99
TXN-10396,29/05/2026 9:42,Store 3,110,Completed,Cash,31.86
TXN-10397,17/05/2026 17:15,Store 2,110,Completed,Credit Card,29.07
TXN-10398,03/05/2026 9:51,Store 3,110,Completed,Credit Card,19.76
TXN-10399,22/05/2026 21:57,Store 6,100,Completed,Mobile App,39.2
TXN-10400,28/05/2026 11:09,Store 5,108,Completed,Credit Card,20.87
TXN-10401,05/05/2026 11:13,Store 5,102,Completed,Cash,31.61
TXN-10402,19/05/2026 9:05,Store 1,109,Void,Mobile App,19.05
TXN-10403,16/05/2026 12:06,Store 1,100,Completed,Credit Card,40.17
TXN-10404,20/05/2026 17:06,Store 6,110,Void,Credit Card,18.13
TXN-10405,13/05/2026 8:07,Store 3,104,Refund,Cash,15.37
TXN-10406,21/05/2026 12:06,Store 2,107,Completed,Cash,35.49
TXN-10407,11/05/2026 16:19,Store 2,100,Completed,Credit Card,22.01
TXN-10408,17/05/2026 11:14,Store 1,102,Completed,Mobile App,17.76
TXN-10409,07/05/2026 9:12,Store 6,100,Completed,Credit Card,26.41
TXN-10410,20/05/2026 13:59,Store 2,107,Completed,Mobile App,15.29
TXN-10411,24/05/2026 7:50,Store 1,108,Completed,Cash,42.94
TXN-10412,12/05/2026 19:49,Store 1,102,Completed,Credit Card,36.04
TXN-10413,23/05/2026 10:21,Store 4,108,Completed,Cash,7.81
TXN-10414,05/05/2026 15:21,Store 5,106,Completed,Credit Card,12.49
TXN-10415,25/05/2026 19:39,Store 2,108,Completed,Credit Card,30.95
TXN-10416,06/05/2026 17:15,Store 3,105,Completed,Credit Card,26.31
TXN-10417,16/05/2026 7:24,Store 3,108,Completed,Credit Card,21.17
TXN-10418,07/05/2026 11:07,Store 3,101,Completed,Cash,28
TXN-10419,17/05/2026 19:04,Store 4,105,Completed,Credit Card,14.97
TXN-10420,03/05/2026 20:45,Store 4,108,Completed,Credit Card,8.29
TXN-10421,21/05/2026 7:50,Store 1,108,Completed,Cash,10.72
TXN-10422,09/05/2026 16:38,Store 4,109,Completed,Credit Card,37.44
TXN-10423,05/05/2026 15:11,Store 6,104,Completed,Cash,12.53
TXN-10424,15/05/2026 9:28,Store 2,107,Completed,Mobile App,25.54
TXN-10425,10/05/2026 18:19,Store 3,100,Completed,Mobile App,31.4
TXN-10426,22/05/2026 17:30,Store 3,103,Completed,Cash,24.8
TXN-10427,14/05/2026 12:09,Store 1,106,Completed,Credit Card,8.38
TXN-10428,07/05/2026 14:41,Store 2,104,Completed,Credit Card,7.24
TXN-10429,14/05/2026 19:44,Store 6,110,Completed,Mobile App,21.06
TXN-10430,22/05/2026 16:57,Store 5,108,Completed,Cash,30.18
TXN-10431,24/05/2026 9:08,Store 3,105,Completed,Credit Card,9.67
TXN-10432,16/05/2026 12:11,Store 5,104,Refund,Mobile App,10.83
TXN-10433,06/05/2026 8:33,Store 4,104,Completed,Credit Card,35.84
TXN-10434,23/05/2026 14:46,Store 2,105,Completed,Cash,23.77
TXN-10435,03/05/2026 18:16,Store 3,106,Completed,Cash,23.54
TXN-10436,24/05/2026 13:02,Store 2,110,Completed,Cash,44.38
TXN-10437,12/05/2026 7:20,Store 3,102,Completed,Credit Card,9.26
TXN-10438,17/05/2026 14:24,Store 2,107,Completed,Credit Card,19.42
TXN-10439,07/05/2026 20:58,Store 2,109,Refund,Credit Card,5.31
TXN-10440,29/05/2026 16:03,Store 1,102,Discount applied,Mobile App,32.97
TXN-10441,16/05/2026 21:12,Store 6,101,Completed,Credit Card,20.27
TXN-10442,30/05/2026 19:34,Store 3,103,Completed,Credit Card,9
TXN-10443,02/05/2026 20:07,Store 4,101,Completed,Cash,8.26
TXN-10444,09/05/2026 13:03,Store 1,100,Completed,Cash,38.46
TXN-10445,26/05/2026 13:24,Store 4,108,Completed,Credit Card,18.73
TXN-10446,20/05/2026 17:02,Store 5,110,Completed,Mobile App,23.51
TXN-10447,24/05/2026 10:44,Store 4,108,Completed,Credit Card,14.86
TXN-10448,05/05/2026 20:05,Store 1,104,Completed,Credit Card,38.34
TXN-10449,18/05/2026 18:46,Store 3,103,Completed,Credit Card,10
TXN-10450,30/05/2026 8:24,Store 4,100,Completed,Mobile App,35.52
TXN-10451,06/05/2026 17:39,Store 5,102,Completed,Credit Card,38.7
TXN-10452,10/05/2026 19:05,Store 6,100,Completed,Credit Card,12.09
TXN-10453,13/05/2026 14:38,Store 6,109,Completed,Credit Card,42.1
TXN-10454,14/05/2026 7:32,Store 5,110,Completed,Mobile App,35.67
TXN-10455,09/05/2026 11:06,Store 2,107,Completed,Credit Card,35.41
TXN-10456,23/05/2026 17:03,Store 1,106,Completed,Credit Card,37.43
TXN-10457,01/05/2026 20:18,Store 2,108,Completed,Cash,43.17
TXN-10458,21/05/2026 15:48,Store 1,104,Completed,Mobile App,27.96
TXN-10459,16/05/2026 18:16,Store 1,102,Completed,Credit Card,35.12
TXN-10460,10/05/2026 10:25,Store 1,108,Discount applied,Cash,8.97
TXN-10461,07/05/2026 10:34,Store 1,104,Completed,Credit Card,16.14
TXN-10462,21/05/2026 15:46,Store 2,106,Completed,Mobile App,37.08
TXN-10463,22/05/2026 9:17,Store 5,100,Completed,Mobile App,19.36
TXN-10464,04/05/2026 12:59,Store 1,106,Completed,Mobile App,6.73
TXN-10465,25/05/2026 11:45,Store 6,110,Completed,Cash,11.92
TXN-10466,19/05/2026 19:53,Store 6,101,Completed,Cash,30.49
TXN-10467,28/05/2026 18:27,Store 2,110,Completed,Mobile App,44.91
TXN-10468,22/05/2026 7:46,Store 3,109,Completed,Credit Card,36.84
TXN-10469,21/05/2026 17:20,Store 6,106,Completed,Credit Card,38.41
TXN-10470,14/05/2026 19:09,Store 5,110,Completed,Mobile App,19.18
TXN-10471,01/05/2026 15:30,Store 2,107,Completed,Mobile App,13.74
TXN-10472,24/05/2026 12:29,Store 6,108,Completed,Mobile App,11.61
TXN-10473,06/05/2026 14:04,Store 6,104,Completed,Mobile App,5.8
TXN-10474,30/05/2026 11:56,Store 6,106,Completed,Mobile App,6.69
TXN-10475,28/05/2026 16:43,Store 2,107,Completed,Cash,34.54
TXN-10476,16/05/2026 16:04,Store 2,108,Completed,Mobile App,24.66
TXN-10477,10/05/2026 20:43,Store 6,104,Void,Credit Card,10.73
TXN-10478,01/05/2026 14:17,Store 5,102,Completed,Cash,34.11
TXN-10479,27/05/2026 17:27,Store 6,105,Completed,Cash,41.05
TXN-10480,04/05/2026 18:14,Store 6,101,Completed,Cash,18.03
TXN-10481,15/05/2026 7:04,Store 5,100,Completed,Credit Card,23.48
TXN-10482,19/05/2026 9:20,Store 5,110,Completed,Mobile App,38.14
TXN-10483,19/05/2026 7:12,Store 3,104,Completed,Credit Card,43.16
TXN-10484,25/05/2026 20:51,Store 2,101,Completed,Credit Card,6.66
TXN-10485,13/05/2026 21:39,Store 3,103,Completed,Credit Card,33.29
TXN-10486,12/05/2026 13:15,Store 3,106,Completed,Credit Card,7.53
TXN-10487,25/05/2026 20:14,Store 2,105,Completed,Credit Card,28.79
TXN-10488,29/05/2026 13:09,Store 6,102,Completed,Cash,19.57
TXN-10489,30/05/2026 21:55,Store 5,110,Completed,Credit Card,36.63
TXN-10490,28/05/2026 16:20,Store 5,105,Completed,Cash,21.66
TXN-10491,02/05/2026 14:19,Store 4,102,Completed,Mobile App,18.82
TXN-10492,30/05/2026 21:16,Store 1,109,Completed,Credit Card,21.86
TXN-10493,04/05/2026 7:41,Store 2,110,Completed,Credit Card,19.76
TXN-10494,27/05/2026 12:07,Store 2,107,Completed,Credit Card,10.37
TXN-10495,11/05/2026 7:17,Store 4,109,Completed,Cash,6.2
TXN-10496,30/05/2026 8:22,Store 5,106,Completed,Credit Card,40.38
TXN-10497,01/05/2026 11:35,Store 6,102,Completed,Mobile App,21.7
TXN-10498,13/05/2026 21:22,Store 5,106,Completed,Credit Card,43.18
TXN-10499,28/05/2026 19:34,Store 5,106,Completed,Credit Card,30.06
TXN-10500,17/05/2026 16:06,Store 4,106,Completed,Credit Card,29.6
TXN-10501,24/05/2026 7:49,Store 2,109,Completed,Cash,8.82
TXN-10502,16/05/2026 12:37,Store 1,106,Completed,Credit Card,28.31
TXN-10503,12/05/2026 19:05,Store 3,101,Completed,Credit Card,7.97
TXN-10504,05/05/2026 19:40,Store 6,100,Completed,Cash,24.24
TXN-10505,29/05/2026 13:34,Store 6,101,Completed,Mobile App,5.55
TXN-10506,30/05/2026 18:40,Store 6,109,Completed,Cash,9
TXN-10507,10/05/2026 20:53,Store 2,102,Completed,Cash,27.08
TXN-10508,23/05/2026 21:54,Store 2,105,Completed,Credit Card,6.6
TXN-10509,19/05/2026 15:15,Store 2,101,Completed,Credit Card,36.47
TXN-10510,01/05/2026 16:57,Store 5,102,Completed,Cash,26.52
TXN-10511,02/05/2026 14:38,Store 2,109,Completed,Mobile App,42.57
TXN-10512,02/05/2026 19:42,Store 5,109,Refund,Credit Card,19.13
TXN-10513,11/05/2026 7:54,Store 3,104,Completed,Mobile App,11.08
TXN-10514,01/05/2026 21:46,Store 4,109,Completed,Credit Card,12.66
TXN-10515,27/05/2026 19:30,Store 1,104,Completed,Credit Card,8.41
TXN-10516,08/05/2026 20:03,Store 3,104,Completed,Credit Card,10.41
TXN-10517,13/05/2026 13:44,Store 2,107,Refund,Cash,41.46
TXN-10518,07/05/2026 7:05,Store 6,106,Completed,Mobile App,14.23
TXN-10519,05/05/2026 17:55,Store 1,110,Completed,Credit Card,26.49
TXN-10520,11/05/2026 7:42,Store 3,108,Completed,Mobile App,16.23
TXN-10521,30/05/2026 13:29,Store 2,105,Completed,Cash,32.67
TXN-10522,02/05/2026 20:06,Store 3,110,Completed,Credit Card,7.12
TXN-10523,26/05/2026 7:50,Store 1,100,Completed,Cash,21.97
TXN-10524,12/05/2026 19:25,Store 2,101,Completed,Cash,12.44
TXN-10525,22/05/2026 10:12,Store 1,102,Completed,Credit Card,6.21
TXN-10526,05/05/2026 9:59,Store 5,106,Completed,Mobile App,10.54
TXN-10527,09/05/2026 9:24,Store 5,101,Completed,Credit Card,13.78
TXN-10528,26/05/2026 18:02,Store 1,106,Completed,Credit Card,31.15
TXN-10529,10/05/2026 18:59,Store 3,103,Completed,Cash,10.9
TXN-10530,21/05/2026 13:53,Store 1,101,Completed,Cash,35.84
TXN-10531,14/05/2026 7:03,Store 3,110,Completed,Mobile App,6.74
TXN-10532,10/05/2026 8:05,Store 3,108,Completed,Credit Card,37.52
TXN-10533,09/05/2026 19:06,Store 5,105,Completed,Cash,5.63
TXN-10534,09/05/2026 20:33,Store 3,103,Completed,Credit Card,24.99
TXN-10535,09/05/2026 13:06,Store 5,108,Completed,Mobile App,6.02
TXN-10536,01/05/2026 9:36,Store 4,109,Completed,Cash,7.22
TXN-10537,29/05/2026 12:20,Store 3,100,Completed,Mobile App,30.17
TXN-10538,06/05/2026 21:18,Store 3,110,Completed,Mobile App,13.61
TXN-10539,19/05/2026 10:45,Store 6,106,Completed,Credit Card,42.19
TXN-10540,17/05/2026 9:27,Store 1,102,Completed,Credit Card,29.18
TXN-10541,19/05/2026 17:17,Store 1,104,Completed,Credit Card,22.58
TXN-10542,10/05/2026 17:19,Store 4,109,Completed,Mobile App,24.46
TXN-10543,15/05/2026 9:12,Store 2,100,Completed,Credit Card,33.39
TXN-10544,04/05/2026 11:51,Store 1,104,Completed,Mobile App,20.59
TXN-10545,13/05/2026 8:37,Store 6,105,Completed,Mobile App,11.63
TXN-10546,01/05/2026 21:05,Store 1,100,Completed,Mobile App,23.79
TXN-10547,10/05/2026 10:58,Store 2,107,Completed,Mobile App,25.33
TXN-10548,15/05/2026 17:30,Store 3,104,Completed,Credit Card,6.11
TXN-10549,28/05/2026 14:43,Store 2,107,Completed,Cash,5.61
TXN-10550,03/05/2026 20:45,Store 5,110,Completed,Credit Card,33.3
TXN-10551,28/05/2026 10:18,Store 3,102,Refund,Credit Card,6.57
TXN-10552,09/05/2026 8:49,Store 3,105,Completed,Credit Card,42.32
TXN-10553,15/05/2026 9:04,Store 6,102,Completed,Cash,9.01
TXN-10554,15/05/2026 14:41,Store 3,104,Completed,Credit Card,12.77
TXN-10555,19/05/2026 21:32,Store 1,109,Completed,Mobile App,5.22
TXN-10556,10/05/2026 12:54,Store 6,108,Completed,Credit Card,34.12
TXN-10557,03/05/2026 20:02,Store 5,106,Completed,Credit Card,27.63
TXN-10558,19/05/2026 16:39,Store 1,100,Refund,Credit Card,10.8
TXN-10559,09/05/2026 16:18,Store 3,106,Completed,Credit Card,7.15
TXN-10560,18/05/2026 15:25,Store 3,110,Completed,Cash,35.27
TXN-10561,06/05/2026 10:00,Store 1,104,Completed,Mobile App,26.54
TXN-10562,30/05/2026 10:27,Store 2,108,Void,Credit Card,25
TXN-10563,19/05/2026 11:14,Store 6,108,Completed,Credit Card,42.8
TXN-10564,10/05/2026 19:02,Store 6,100,Completed,Mobile App,15.51
TXN-10565,28/05/2026 8:35,Store 6,105,Completed,Mobile App,14.03
TXN-10566,15/05/2026 10:32,Store 5,105,Completed,Credit Card,6.68
TXN-10567,10/05/2026 14:12,Store 4,110,Completed,Cash,38.22
TXN-10568,04/05/2026 19:11,Store 3,109,Completed,Credit Card,43.97
TXN-10569,17/05/2026 11:10,Store 6,102,Completed,Cash,24.94
TXN-10570,10/05/2026 10:32,Store 2,107,Refund,Credit Card,35.05
TXN-10571,15/05/2026 7:04,Store 4,108,Completed,Credit Card,25.43
TXN-10572,24/05/2026 12:24,Store 4,108,Completed,Credit Card,28.53
TXN-10573,06/05/2026 11:07,Store 5,101,Completed,Credit Card,8.1
TXN-10574,28/05/2026 11:34,Store 2,107,Refund,Cash,37.34
TXN-10575,10/05/2026 21:29,Store 3,103,Completed,Credit Card,32.72
TXN-10576,02/05/2026 21:40,Store 3,103,Completed,Mobile App,16.95
TXN-10577,14/05/2026 10:17,Store 6,106,Void,Cash,19.22
TXN-10578,09/05/2026 9:45,Store 1,105,Completed,Credit Card,8.61
TXN-10579,20/05/2026 10:30,Store 6,108,Completed,Mobile App,19.24
TXN-10580,11/05/2026 13:56,Store 5,110,Completed,Credit Card,44.85
TXN-10581,29/05/2026 13:16,Store 5,105,Completed,Cash,38.47
TXN-10582,11/05/2026 20:28,Store 3,103,Completed,Mobile App,28.28
TXN-10583,04/05/2026 20:23,Store 2,102,Refund,Cash,14.32
TXN-10584,23/05/2026 12:23,Store 5,100,Completed,Credit Card,25.16
TXN-10585,22/05/2026 8:15,Store 5,104,Completed,Cash,11.66
TXN-10586,19/05/2026 21:44,Store 2,110,Completed,Cash,32.89
TXN-10587,12/05/2026 7:46,Store 3,101,Completed,Mobile App,37.43
TXN-10588,02/05/2026 18:43,Store 3,106,Completed,Cash,40.43
TXN-10589,21/05/2026 8:37,Store 6,104,Completed,Credit Card,24.3
TXN-10590,25/05/2026 7:49,Store 3,106,Completed,Mobile App,11.05
TXN-10591,30/05/2026 20:57,Store 1,100,Completed,Cash,6.25
TXN-10592,09/05/2026 20:02,Store 4,109,Completed,Mobile App,13.72
TXN-10593,14/05/2026 17:51,Store 4,108,Refund,Credit Card,7.43
TXN-10594,06/05/2026 11:00,Store 4,109,Completed,Credit Card,27.39
TXN-10595,19/05/2026 8:18,Store 6,104,Completed,Mobile App,26.99
TXN-10596,03/05/2026 10:30,Store 1,104,Completed,Mobile App,34.25
TXN-10597,11/05/2026 12:14,Store 2,105,Completed,Credit Card,25.43
TXN-10598,01/05/2026 21:11,Store 5,100,Completed,Cash,37.43
TXN-10599,10/05/2026 17:47,Store 5,105,Completed,Credit Card,12.52
TXN-10600,01/05/2026 17:01,Store 6,106,Completed,Credit Card,15.39
TXN-10601,09/05/2026 14:55,Store 2,106,Completed,Credit Card,14.45
TXN-10602,13/05/2026 14:44,Store 2,101,Completed,Credit Card,36.31
TXN-10603,17/05/2026 21:01,Store 3,103,Void,Cash,25.27
TXN-10604,30/05/2026 21:02,Store 4,102,Completed,Mobile App,24.82
TXN-10605,26/05/2026 20:17,Store 4,102,Completed,Cash,41.22
TXN-10606,09/05/2026 17:05,Store 2,107,Completed,Mobile App,15.2
TXN-10607,08/05/2026 18:05,Store 6,105,Completed,Credit Card,40.04
TXN-10608,28/05/2026 8:33,Store 4,109,Completed,Credit Card,40.67
TXN-10609,23/05/2026 14:36,Store 4,100,Completed,Mobile App,38.49
TXN-10610,23/05/2026 10:44,Store 3,105,Completed,Credit Card,18.95
TXN-10611,14/05/2026 9:12,Store 5,100,Completed,Credit Card,18.83
TXN-10612,25/05/2026 8:45,Store 4,106,Completed,Credit Card,5.22
TXN-10613,17/05/2026 18:29,Store 3,103,Completed,Cash,37.61
TXN-10614,10/05/2026 17:52,Store 3,109,Completed,Credit Card,28.8
TXN-10615,28/05/2026 7:58,Store 2,104,Completed,Cash,30.75
TXN-10616,29/05/2026 13:11,Store 2,104,Completed,Cash,20.63
TXN-10617,29/05/2026 14:01,Store 2,104,Completed,Cash,33
TXN-10618,08/05/2026 20:55,Store 4,104,Completed,Credit Card,6.89
TXN-10619,14/05/2026 8:39,Store 1,106,Completed,Cash,24.45
TXN-10620,23/05/2026 19:22,Store 1,100,Completed,Credit Card,7.84
TXN-10621,05/05/2026 17:09,Store 3,103,Completed,Mobile App,23.74
TXN-10622,06/05/2026 18:06,Store 3,106,Completed,Cash,43.61
TXN-10623,04/05/2026 17:42,Store 3,109,Completed,Mobile App,24.68
TXN-10624,29/05/2026 13:40,Store 2,105,Completed,Mobile App,41.24
TXN-10625,29/05/2026 13:24,Store 5,102,Completed,Credit Card,44.62
TXN-10626,26/05/2026 20:57,Store 3,106,Completed,Cash,40.79
TXN-10627,21/05/2026 15:44,Store 6,106,Completed,Credit Card,9.06
TXN-10628,09/05/2026 21:50,Store 4,104,Completed,Mobile App,33.63
TXN-10629,07/05/2026 20:36,Store 5,108,Completed,Cash,12.14
TXN-10630,10/05/2026 12:06,Store 4,109,Refund,Credit Card,21.13
TXN-10631,27/05/2026 15:57,Store 3,106,Refund,Mobile App,22.53
TXN-10632,08/05/2026 21:26,Store 2,100,Completed,Mobile App,33.89
TXN-10633,09/05/2026 9:55,Store 6,100,Completed,Mobile App,29.64
TXN-10634,18/05/2026 7:04,Store 2,108,Completed,Mobile App,19.56
TXN-10635,20/05/2026 20:07,Store 3,108,Completed,Cash,17.2
TXN-10636,14/05/2026 14:10,Store 2,102,Completed,Credit Card,40.14
TXN-10637,11/05/2026 18:02,Store 4,110,Void,Credit Card,21.63
TXN-10638,07/05/2026 21:16,Store 6,101,Completed,Mobile App,14.98
TXN-10639,11/05/2026 18:29,Store 4,100,Void,Cash,7.4
TXN-10640,15/05/2026 18:59,Store 5,102,Completed,Mobile App,31.84
TXN-10641,01/05/2026 12:12,Store 4,100,Completed,Mobile App,25.64
TXN-10642,08/05/2026 20:24,Store 1,106,Completed,Credit Card,19.2
TXN-10643,17/05/2026 21:57,Store 3,103,Completed,Credit Card,5.15
TXN-10644,02/05/2026 21:32,Store 1,110,Completed,Credit Card,44.83
TXN-10645,28/05/2026 21:54,Store 3,103,Completed,Cash,35.74
TXN-10646,04/05/2026 13:11,Store 2,102,Completed,Credit Card,37.44
TXN-10647,13/05/2026 21:22,Store 4,104,Discount applied,Credit Card,13.99
TXN-10648,16/05/2026 8:01,Store 2,102,Completed,Cash,43.24
TXN-10649,27/05/2026 8:52,Store 5,101,Completed,Credit Card,10.01
TXN-10650,09/05/2026 18:52,Store 2,105,Discount applied,Credit Card,34.47
TXN-10651,17/05/2026 12:20,Store 4,102,Completed,Credit Card,22.87
TXN-10652,12/05/2026 11:40,Store 5,104,Completed,Mobile App,10.63
TXN-10653,22/05/2026 18:53,Store 3,102,Discount applied,Mobile App,36.94
TXN-10654,05/05/2026 17:04,Store 3,104,Completed,Cash,32.12
TXN-10655,30/05/2026 9:14,Store 5,101,Completed,Credit Card,12.31
TXN-10656,21/05/2026 7:04,Store 2,110,Completed,Cash,6.28
TXN-10657,13/05/2026 16:58,Store 2,106,Completed,Mobile App,35.54
TXN-10658,03/05/2026 12:44,Store 6,101,Completed,Cash,5.4
TXN-10659,14/05/2026 13:42,Store 2,107,Completed,Credit Card,35.3
TXN-10660,25/05/2026 14:35,Store 6,108,Completed,Credit Card,32.35
TXN-10661,04/05/2026 13:57,Store 4,104,Completed,Mobile App,11.18
TXN-10662,10/05/2026 8:57,Store 4,101,Discount applied,Credit Card,25.18
TXN-10663,21/05/2026 13:54,Store 5,110,Completed,Credit Card,25.43
TXN-10664,30/05/2026 12:44,Store 1,105,Completed,Credit Card,25.4
TXN-10665,26/05/2026 21:49,Store 5,104,Completed,Cash,26.54
TXN-10666,09/05/2026 11:05,Store 6,106,Completed,Credit Card,36.85
TXN-10667,07/05/2026 7:05,Store 1,110,Completed,Credit Card,28.34
TXN-10668,07/05/2026 21:38,Store 1,108,Completed,Credit Card,5.91
TXN-10669,27/05/2026 15:24,Store 6,105,Completed,Cash,42.52
TXN-10670,01/05/2026 13:06,Store 6,101,Completed,Mobile App,44.29
TXN-10671,09/05/2026 11:11,Store 6,109,Completed,Cash,7.22
TXN-10672,05/05/2026 19:24,Store 3,103,Completed,Cash,6.97
TXN-10673,26/05/2026 10:07,Store 5,101,Completed,Mobile App,7.51
TXN-10674,21/05/2026 17:45,Store 6,104,Completed,Cash,30.18
TXN-10675,15/05/2026 12:11,Store 4,109,Completed,Mobile App,39.47
TXN-10676,14/05/2026 8:31,Store 4,110,Completed,Credit Card,12.53
TXN-10677,24/05/2026 8:41,Store 6,100,Completed,Cash,18.79
TXN-10678,13/05/2026 10:32,Store 2,110,Completed,Mobile App,16.51
TXN-10679,24/05/2026 14:15,Store 3,109,Completed,Mobile App,33.33
TXN-10680,25/05/2026 19:21,Store 6,100,Void,Cash,17.86
TXN-10681,21/05/2026 21:20,Store 5,106,Void,Credit Card,10.23
TXN-10682,25/05/2026 15:24,Store 1,109,Discount applied,Cash,5.67
TXN-10683,22/05/2026 13:05,Store 3,109,Completed,Credit Card,41.09
TXN-10684,21/05/2026 18:25,Store 5,100,Completed,Cash,10.16
TXN-10685,22/05/2026 8:07,Store 4,109,Completed,Cash,11.98
TXN-10686,18/05/2026 8:59,Store 6,110,Completed,Credit Card,23.29
TXN-10687,19/05/2026 10:32,Store 2,107,Refund,Credit Card,40.94
TXN-10688,26/05/2026 21:41,Store 2,100,Completed,Credit Card,24.89
TXN-10689,04/05/2026 14:32,Store 3,108,Completed,Mobile App,33.81
TXN-10690,13/05/2026 18:54,Store 6,106,Completed,Credit Card,10.54
TXN-10691,28/05/2026 12:13,Store 2,107,Refund,Cash,34.34
TXN-10692,20/05/2026 11:34,Store 3,102,Refund,Cash,10.63
TXN-10693,08/05/2026 17:17,Store 1,106,Completed,Cash,22.63
TXN-10694,06/05/2026 18:29,Store 6,105,Completed,Mobile App,5.98
TXN-10695,06/05/2026 7:52,Store 5,102,Completed,Mobile App,31.86
TXN-10696,08/05/2026 19:04,Store 5,109,Completed,Cash,29.29
TXN-10697,29/05/2026 7:08,Store 6,109,Completed,Credit Card,5.99
TXN-10698,02/05/2026 11:36,Store 4,106,Completed,Credit Card,26.17
TXN-10699,05/05/2026 13:30,Store 2,110,Completed,Cash,39.84
TXN-10700,18/05/2026 18:17,Store 6,100,Completed,Credit Card,29.45
TXN-10701,25/05/2026 11:42,Store 2,108,Completed,Cash,10.75
TXN-10702,04/05/2026 8:42,Store 4,104,Completed,Credit Card,23.68
TXN-10703,03/05/2026 13:38,Store 1,106,Void,Credit Card,31.63
TXN-10704,24/05/2026 16:32,Store 1,110,Completed,Credit Card,32.51
TXN-10705,22/05/2026 8:23,Store 2,104,Completed,Mobile App,14.43
TXN-10706,24/05/2026 9:10,Store 2,109,Completed,Credit Card,24.98
TXN-10707,23/05/2026 12:18,Store 2,107,Completed,Mobile App,39.93
TXN-10708,28/05/2026 20:34,Store 4,104,Completed,Cash,25.61
TXN-10709,11/05/2026 13:46,Store 4,100,Completed,Credit Card,5.42
TXN-10710,28/05/2026 20:46,Store 5,106,Completed,Credit Card,18.29
TXN-10711,23/05/2026 16:05,Store 4,100,Completed,Credit Card,40.77
TXN-10712,22/05/2026 8:42,Store 5,101,Completed,Mobile App,37.1
TXN-10713,11/05/2026 10:12,Store 4,104,Completed,Cash,10.22
TXN-10714,26/05/2026 20:31,Store 3,104,Completed,Cash,12.94
TXN-10715,10/05/2026 9:46,Store 4,109,Completed,Cash,29.23
TXN-10716,24/05/2026 17:30,Store 1,105,Completed,Cash,41.84
TXN-10717,03/05/2026 10:07,Store 5,105,Completed,Credit Card,28.85
TXN-10718,01/05/2026 9:45,Store 6,108,Completed,Credit Card,31.03
TXN-10719,03/05/2026 17:25,Store 1,100,Completed,Cash,18.69
TXN-10720,24/05/2026 11:49,Store 6,106,Completed,Cash,11.41
TXN-10721,18/05/2026 21:57,Store 3,103,Completed,Mobile App,25
TXN-10722,09/05/2026 10:43,Store 4,101,Completed,Credit Card,23.81
TXN-10723,10/05/2026 13:15,Store 5,105,Completed,Cash,27.82
TXN-10724,20/05/2026 14:02,Store 3,104,Completed,Credit Card,33.16
TXN-10725,05/05/2026 14:08,Store 2,107,Completed,Credit Card,26.32
TXN-10726,29/05/2026 19:22,Store 5,108,Completed,Credit Card,39.94
TXN-10727,11/05/2026 20:16,Store 6,109,Completed,Credit Card,38.3
TXN-10728,17/05/2026 9:19,Store 2,101,Completed,Cash,26.76
TXN-10729,12/05/2026 18:34,Store 5,108,Discount applied,Mobile App,22.26
TXN-10730,21/05/2026 8:00,Store 3,102,Completed,Credit Card,15.95
TXN-10731,23/05/2026 10:44,Store 3,102,Completed,Cash,27.97
TXN-10732,09/05/2026 12:33,Store 5,108,Completed,Credit Card,20.36
TXN-10733,28/05/2026 13:08,Store 5,105,Completed,Credit Card,34.09
TXN-10734,08/05/2026 19:49,Store 3,104,Completed,Credit Card,20.74
TXN-10735,20/05/2026 21:16,Store 3,102,Completed,Mobile App,24.75
TXN-10736,05/05/2026 14:59,Store 3,105,Completed,Cash,44.8
TXN-10737,25/05/2026 12:32,Store 4,102,Completed,Credit Card,23.66
TXN-10738,04/05/2026 15:27,Store 1,110,Completed,Credit Card,33.81
TXN-10739,25/05/2026 18:52,Store 3,103,Completed,Credit Card,25.84
TXN-10740,19/05/2026 12:10,Store 2,107,Completed,Credit Card,32.91
TXN-10741,08/05/2026 21:46,Store 6,108,Completed,Credit Card,15.58
TXN-10742,06/05/2026 12:29,Store 3,100,Completed,Credit Card,43.4
TXN-10743,15/05/2026 11:19,Store 5,104,Completed,Credit Card,11.65
TXN-10744,04/05/2026 21:59,Store 2,101,Completed,Cash,44.81
TXN-10745,06/05/2026 18:36,Store 5,102,Completed,Mobile App,36.77
TXN-10746,05/05/2026 21:07,Store 3,102,Completed,Cash,22.87
TXN-10747,01/05/2026 21:21,Store 1,109,Completed,Mobile App,41.64
TXN-10748,03/05/2026 7:21,Store 6,104,Completed,Credit Card,31.52
TXN-10749,06/05/2026 10:01,Store 5,104,Completed,Cash,9.05
TXN-10750,26/05/2026 17:59,Store 4,104,Completed,Mobile App,29.69
TXN-10751,21/05/2026 10:48,Store 4,109,Completed,Mobile App,30.84
TXN-10752,05/05/2026 21:29,Store 3,103,Void,Cash,23.42
TXN-10753,24/05/2026 10:23,Store 1,104,Completed,Cash,42.47
TXN-10754,13/05/2026 19:00,Store 5,104,Completed,Mobile App,16.39
TXN-10755,24/05/2026 21:19,Store 3,101,Completed,Credit Card,35.19
TXN-10756,25/05/2026 14:49,Store 5,102,Completed,Cash,5.55
TXN-10757,28/05/2026 19:09,Store 1,101,Completed,Credit Card,29.04
TXN-10758,23/05/2026 10:36,Store 6,104,Completed,Credit Card,6.7
TXN-10759,27/05/2026 19:12,Store 2,109,Completed,Credit Card,21.58
TXN-10760,21/05/2026 19:57,Store 3,103,Completed,Credit Card,24.36
TXN-10761,24/05/2026 11:31,Store 2,107,Completed,Cash,37.05
TXN-10762,30/05/2026 8:31,Store 3,105,Completed,Credit Card,8.85
TXN-10763,28/05/2026 20:26,Store 5,104,Completed,Credit Card,16.16
TXN-10764,14/05/2026 20:53,Store 1,106,Completed,Mobile App,14.53
TXN-10765,27/05/2026 8:52,Store 2,110,Completed,Cash,35.51
TXN-10766,18/05/2026 11:47,Store 6,110,Completed,Credit Card,20.98
TXN-10767,14/05/2026 20:37,Store 1,109,Void,Credit Card,5.46
TXN-10768,22/05/2026 19:58,Store 5,108,Completed,Mobile App,22.97
TXN-10769,05/05/2026 10:25,Store 3,106,Void,Cash,7.17
TXN-10770,05/05/2026 7:17,Store 1,102,Completed,Cash,41.18
TXN-10771,02/05/2026 16:03,Store 2,105,Completed,Mobile App,34.63
TXN-10772,24/05/2026 19:36,Store 6,105,Completed,Cash,28.13
TXN-10773,13/05/2026 12:21,Store 6,102,Completed,Mobile App,12.57
TXN-10774,07/05/2026 9:15,Store 5,108,Completed,Cash,19.36
TXN-10775,26/05/2026 13:16,Store 6,106,Completed,Credit Card,9.37
TXN-10776,15/05/2026 13:20,Store 5,102,Void,Mobile App,13.86
TXN-10777,12/05/2026 7:53,Store 2,109,Completed,Cash,29.24
TXN-10778,02/05/2026 19:44,Store 5,100,Completed,Credit Card,24.34
TXN-10779,15/05/2026 7:26,Store 5,105,Completed,Credit Card,39.13
TXN-10780,23/05/2026 19:36,Store 2,100,Completed,Cash,7.13
TXN-10781,12/05/2026 17:50,Store 3,103,Completed,Mobile App,18.54
TXN-10782,13/05/2026 12:20,Store 4,106,Completed,Cash,36.08
TXN-10783,17/05/2026 16:44,Store 6,109,Completed,Credit Card,13.83
TXN-10784,17/05/2026 18:22,Store 3,103,Completed,Cash,7.92
TXN-10785,29/05/2026 11:03,Store 3,105,Completed,Credit Card,39.03
TXN-10786,06/05/2026 10:41,Store 4,106,Completed,Mobile App,26.42
TXN-10787,11/05/2026 18:23,Store 4,102,Completed,Credit Card,43.23
TXN-10788,04/05/2026 13:23,Store 4,109,Completed,Credit Card,33.29
TXN-10789,24/05/2026 18:48,Store 2,104,Completed,Cash,27.96
TXN-10790,29/05/2026 20:41,Store 3,103,Completed,Mobile App,7.17
TXN-10791,25/05/2026 23:42,Store 3,103,Void,Cash,37.22
TXN-10792,10/05/2026 8:37,Store 6,105,Completed,Credit Card,23.38
TXN-10793,09/05/2026 10:05,Store 2,100,Completed,Mobile App,22.39
TXN-10794,23/05/2026 8:16,Store 2,109,Completed,Cash,11.98
TXN-10795,15/05/2026 11:14,Store 3,109,Completed,Mobile App,11.05
TXN-10796,11/05/2026 10:35,Store 6,101,Void,Cash,16.66
TXN-10797,03/05/2026 7:01,Store 5,108,Completed,Mobile App,8.86
TXN-10798,29/05/2026 21:26,Store 4,104,Completed,Cash,15.01
TXN-10799,28/05/2026 12:40,Store 2,107,Completed,Mobile App,19.87
TXN-10800,20/05/2026 21:56,Store 3,103,Completed,Credit Card,11.13
TXN-10801,05/05/2026 17:05,Store 6,109,Completed,Credit Card,8.07
TXN-10802,15/05/2026 11:22,Store 3,100,Completed,Mobile App,39.61
TXN-10803,02/05/2026 13:52,Store 5,110,Completed,Mobile App,22.27
TXN-10804,09/05/2026 7:54,Store 2,105,Completed,Credit Card,32.82
TXN-10805,27/05/2026 11:12,Store 2,107,Completed,Mobile App,16.26
TXN-10806,29/05/2026 13:16,Store 4,106,Completed,Mobile App,10.25
TXN-10807,11/05/2026 11:58,Store 3,106,Completed,Credit Card,36.59
TXN-10808,12/05/2026 15:12,Store 6,104,Completed,Credit Card,38.29
TXN-10809,25/05/2026 11:19,Store 1,105,Completed,Credit Card,30.07
TXN-10810,20/05/2026 8:59,Store 5,104,Completed,Cash,14.57
TXN-10811,25/05/2026 14:42,Store 6,109,Completed,Credit Card,18.01
TXN-10812,20/05/2026 12:58,Store 3,110,Void,Credit Card,20.34
TXN-10813,12/05/2026 17:26,Store 3,101,Completed,Credit Card,12.86
TXN-10814,12/05/2026 21:59,Store 3,103,Completed,Cash,32.67
TXN-10815,20/05/2026 9:48,Store 5,110,Completed,Cash,41.87
TXN-10816,21/05/2026 14:33,Store 5,102,Refund,Cash,11.55
TXN-10817,07/05/2026 17:59,Store 2,110,Completed,Cash,44.07
TXN-10818,07/05/2026 15:26,Store 6,101,Completed,Credit Card,40.33
TXN-10819,13/05/2026 17:34,Store 1,109,Completed,Cash,6.76
TXN-10820,03/05/2026 10:24,Store 6,106,Completed,Mobile App,43.65
TXN-10821,28/05/2026 8:02,Store 2,109,Completed,Mobile App,30.05
TXN-10822,19/05/2026 9:06,Store 2,106,Completed,Credit Card,27.17
TXN-10823,05/05/2026 13:08,Store 6,102,Completed,Credit Card,18.35
TXN-10824,08/05/2026 12:18,Store 5,104,Completed,Credit Card,19.33
TXN-10825,28/05/2026 8:21,Store 5,110,Completed,Cash,41.44
TXN-10826,28/05/2026 16:27,Store 2,100,Completed,Credit Card,22.91
TXN-10827,14/05/2026 8:20,Store 3,102,Completed,Cash,44.72
TXN-10828,30/05/2026 16:37,Store 6,105,Completed,Cash,9.71
TXN-10829,02/05/2026 15:25,Store 5,106,Discount applied,Credit Card,10.4
TXN-10830,27/05/2026 17:49,Store 3,103,Completed,Credit Card,27.32
TXN-10831,22/05/2026 19:57,Store 2,108,Completed,Credit Card,12.39
TXN-10832,27/05/2026 8:34,Store 4,105,Completed,Credit Card,7.82
TXN-10833,06/05/2026 12:19,Store 4,100,Completed,Mobile App,25.4
TXN-10834,11/05/2026 20:55,Store 2,105,Completed,Credit Card,10.05
TXN-10835,22/05/2026 21:05,Store 3,109,Completed,Mobile App,8.37
TXN-10836,29/05/2026 7:07,Store 5,106,Completed,Credit Card,6.63
TXN-10837,11/05/2026 14:02,Store 4,105,Completed,Cash,43.37
TXN-10838,25/05/2026 20:10,Store 6,101,Completed,Mobile App,6.03
TXN-10839,28/05/2026 10:08,Store 4,101,Completed,Credit Card,35.96
TXN-10840,29/05/2026 19:09,Store 3,101,Completed,Mobile App,25.75
TXN-10841,10/05/2026 13:17,Store 3,110,Completed,Mobile App,21.74
TXN-10842,08/05/2026 17:48,Store 1,101,Completed,Mobile App,35.52
TXN-10843,27/05/2026 9:54,Store 4,110,Completed,Cash,39.8
TXN-10844,27/05/2026 21:49,Store 1,105,Completed,Cash,21.7
TXN-10845,16/05/2026 13:42,Store 4,101,Completed,Mobile App,27.32
TXN-10846,14/05/2026 14:00,Store 2,101,Completed,Credit Card,27.29
TXN-10847,26/05/2026 15:38,Store 5,105,Completed,Cash,36.97
TXN-10848,11/05/2026 9:36,Store 1,102,Completed,Credit Card,5.46
TXN-10849,04/05/2026 18:51,Store 4,102,Completed,Credit Card,14.45
TXN-10850,23/05/2026 20:49,Store 1,102,Completed,Credit Card,38.97
TXN-10851,25/05/2026 17:36,Store 2,110,Completed,Credit Card,25.83
TXN-10852,22/05/2026 8:08,Store 4,109,Completed,Mobile App,8.36
TXN-10853,24/05/2026 16:05,Store 1,105,Completed,Credit Card,44.67
TXN-10854,19/05/2026 11:51,Store 4,100,Completed,Mobile App,10.92
TXN-10855,06/05/2026 9:35,Store 5,102,Completed,Cash,16.11
TXN-10856,14/05/2026 10:51,Store 1,110,Completed,Credit Card,19.02
TXN-10857,17/05/2026 9:29,Store 5,106,Completed,Mobile App,19.25
TXN-10858,15/05/2026 13:22,Store 6,105,Void,Credit Card,8.54
TXN-10859,24/05/2026 11:17,Store 2,107,Completed,Mobile App,14.19
TXN-10860,21/05/2026 8:55,Store 4,105,Completed,Cash,30.2
TXN-10861,01/05/2026 21:32,Store 4,100,Completed,Cash,32.23
TXN-10862,11/05/2026 20:26,Store 5,104,Completed,Cash,34.54
TXN-10863,13/05/2026 15:46,Store 6,101,Void,Cash,27.48
TXN-10864,02/05/2026 21:11,Store 3,103,Completed,Cash,27.78
TXN-10865,25/05/2026 18:25,Store 3,103,Completed,Credit Card,9.34
TXN-10866,30/05/2026 17:24,Store 6,110,Completed,Credit Card,34.43
TXN-10867,01/05/2026 18:21,Store 4,100,Discount applied,Mobile App,19.78
TXN-10868,28/05/2026 18:58,Store 3,103,Completed,Mobile App,39.74
TXN-10869,11/05/2026 12:08,Store 6,109,Completed,Credit Card,16.41
TXN-10870,07/05/2026 18:06,Store 3,110,Completed,Mobile App,5.58
TXN-10871,15/05/2026 18:49,Store 1,104,Completed,Cash,13.34
TXN-10872,01/05/2026 7:54,Store 6,104,Void,Cash,8.08
TXN-10873,28/05/2026 13:23,Store 2,107,Completed,Mobile App,37.63
TXN-10874,19/05/2026 18:29,Store 3,106,Completed,Mobile App,37.31
TXN-10875,23/05/2026 18:20,Store 2,106,Refund,Cash,6.97
TXN-10876,30/05/2026 14:18,Store 1,101,Completed,Cash,10.24
TXN-10877,24/05/2026 9:22,Store 6,100,Completed,Credit Card,36.79
TXN-10878,02/05/2026 18:42,Store 2,100,Completed,Credit Card,18.86
TXN-10879,15/05/2026 21:27,Store 6,101,Completed,Credit Card,10.47
TXN-10880,29/05/2026 7:54,Store 1,101,Completed,Cash,5.45
TXN-10881,11/05/2026 10:42,Store 4,109,Completed,Credit Card,43.25
TXN-10882,17/05/2026 18:39,Store 4,101,Completed,Cash,9.25
TXN-10883,05/05/2026 8:07,Store 6,105,Completed,Credit Card,33.66
TXN-10884,09/05/2026 11:47,Store 6,110,Completed,Credit Card,29.38
TXN-10885,24/05/2026 7:00,Store 6,101,Completed,Credit Card,31.48
TXN-10886,08/05/2026 20:13,Store 1,102,Completed,Credit Card,18.23
TXN-10887,05/05/2026 20:20,Store 3,109,Completed,Credit Card,31.34
TXN-10888,09/05/2026 14:40,Store 1,108,Completed,Mobile App,19.21
TXN-10889,07/05/2026 19:47,Store 1,104,Completed,Credit Card,33.43
TXN-10890,25/05/2026 18:11,Store 3,108,Completed,Cash,30.46
TXN-10891,26/05/2026 15:31,Store 2,101,Completed,Credit Card,29.69
TXN-10892,12/05/2026 14:17,Store 2,110,Completed,Cash,28.52
TXN-10893,26/05/2026 14:51,Store 6,106,Completed,Mobile App,13.29
TXN-10894,26/05/2026 16:18,Store 4,101,Completed,Cash,9.76
TXN-10895,10/05/2026 13:13,Store 2,107,Completed,Cash,33.54
TXN-10896,03/05/2026 20:21,Store 2,101,Completed,Cash,9.54
TXN-10897,04/05/2026 19:36,Store 6,104,Completed,Credit Card,41.66
TXN-10898,10/05/2026 12:01,Store 5,100,Completed,Credit Card,10.64
TXN-10899,09/05/2026 11:38,Store 6,102,Completed,Credit Card,42.92
TXN-10900,29/05/2026 17:52,Store 5,110,Completed,Credit Card,37.15
TXN-10901,18/05/2026 8:24,Store 3,104,Completed,Cash,13.7
TXN-10902,19/05/2026 17:08,Store 3,103,Completed,Mobile App,37.21
TXN-10903,11/05/2026 10:42,Store 5,100,Completed,Mobile App,29.28
TXN-10904,21/05/2026 12:20,Store 2,107,Completed,Mobile App,34.85
TXN-10905,21/05/2026 10:53,Store 5,110,Completed,Mobile App,35.48
TXN-10906,14/05/2026 16:05,Store 1,106,Completed,Credit Card,23.75
TXN-10907,15/05/2026 14:19,Store 1,108,Completed,Credit Card,38.38
TXN-10908,03/05/2026 21:03,Store 4,108,Completed,Credit Card,25.46
TXN-10909,30/05/2026 15:52,Store 6,108,Completed,Credit Card,23.94
TXN-10910,26/05/2026 9:07,Store 2,107,Discount applied,Cash,29.79
TXN-10911,11/05/2026 15:19,Store 1,105,Completed,Cash,28.49
TXN-10912,10/05/2026 20:44,Store 6,110,Completed,Credit Card,34.47
TXN-10913,16/05/2026 10:21,Store 2,102,Completed,Mobile App,19.57
TXN-10914,09/05/2026 20:23,Store 6,108,Completed,Cash,40.12
TXN-10915,05/05/2026 13:26,Store 6,110,Completed,Credit Card,23.15
TXN-10916,21/05/2026 13:25,Store 2,110,Completed,Mobile App,22.77
TXN-10917,13/05/2026 18:11,Store 1,110,Completed,Mobile App,19.56
TXN-10918,29/05/2026 19:22,Store 3,103,Completed,Mobile App,27.39
TXN-10919,19/05/2026 21:53,Store 3,110,Completed,Cash,26.62
TXN-10920,20/05/2026 8:02,Store 4,106,Completed,Cash,15.06
TXN-10921,30/05/2026 16:26,Store 3,100,Completed,Cash,28.55
TXN-10922,10/05/2026 15:50,Store 5,104,Completed,Credit Card,35.11
TXN-10923,22/05/2026 14:11,Store 6,101,Completed,Mobile App,24.2
TXN-10924,16/05/2026 13:32,Store 6,106,Void,Mobile App,31.27
TXN-10925,14/05/2026 8:01,Store 5,110,Completed,Cash,28.88
TXN-10926,26/05/2026 14:37,Store 1,104,Completed,Mobile App,33.35
TXN-10927,01/05/2026 15:32,Store 2,107,Refund,Credit Card,44.19
TXN-10928,21/05/2026 10:03,Store 5,104,Completed,Cash,23.9
TXN-10929,15/05/2026 8:21,Store 4,108,Completed,Credit Card,9.49
TXN-10930,05/05/2026 12:01,Store 2,107,Completed,Cash,28.9
TXN-10931,09/05/2026 11:16,Store 3,109,Completed,Cash,17.62
TXN-10932,29/05/2026 15:10,Store 2,107,Completed,Cash,33.47
TXN-10933,18/05/2026 13:26,Store 1,106,Refund,Mobile App,20.51
TXN-10934,17/05/2026 17:40,Store 5,108,Void,Credit Card,19.45
TXN-10935,07/05/2026 9:04,Store 3,108,Completed,Credit Card,6.57
TXN-10936,15/05/2026 16:09,Store 5,106,Completed,Credit Card,32.67
TXN-10937,05/05/2026 21:00,Store 4,104,Completed,Cash,15.98
TXN-10938,11/05/2026 14:58,Store 5,105,Completed,Credit Card,35.5
TXN-10939,06/05/2026 15:29,Store 3,108,Completed,Credit Card,10.48
TXN-10940,25/05/2026 12:40,Store 2,109,Completed,Credit Card,10.1
TXN-10941,11/05/2026 9:16,Store 6,110,Completed,Credit Card,38.1
TXN-10942,24/05/2026 21:31,Store 1,102,Refund,Credit Card,7.72
TXN-10943,05/05/2026 7:02,Store 2,102,Completed,Mobile App,41.51
TXN-10944,28/05/2026 7:07,Store 3,106,Completed,Credit Card,44.57
TXN-10945,14/05/2026 13:49,Store 5,101,Completed,Cash,28.72
TXN-10946,20/05/2026 12:22,Store 1,102,Completed,Credit Card,43.06
TXN-10947,16/05/2026 17:11,Store 4,105,Completed,Credit Card,16.35
TXN-10948,22/05/2026 7:18,Store 1,106,Completed,Credit Card,29.21
TXN-10949,25/05/2026 13:38,Store 2,100,Completed,Credit Card,35.41
TXN-10950,25/05/2026 9:08,Store 3,101,Completed,Credit Card,41.66
TXN-10951,03/05/2026 21:05,Store 3,103,Completed,Credit Card,21.09
TXN-10952,10/05/2026 7:23,Store 2,110,Completed,Cash,6.89
TXN-10953,02/05/2026 17:09,Store 3,102,Completed,Cash,36.24
TXN-10954,05/05/2026 17:40,Store 3,104,Discount applied,Cash,37.68
TXN-10955,03/05/2026 11:36,Store 5,108,Completed,Mobile App,43.81
TXN-10956,08/05/2026 19:48,Store 3,101,Completed,Cash,24.18
TXN-10957,30/05/2026 21:27,Store 6,105,Void,Credit Card,34.71
TXN-10958,24/05/2026 17:42,Store 5,101,Completed,Mobile App,26.29
TXN-10959,30/05/2026 20:41,Store 4,108,Completed,Credit Card,5.3
TXN-10960,03/05/2026 21:48,Store 1,101,Completed,Credit Card,35.34
TXN-10961,25/05/2026 18:36,Store 6,110,Completed,Credit Card,43.23
TXN-10962,13/05/2026 13:44,Store 2,107,Completed,Cash,23.21
TXN-10963,15/05/2026 8:27,Store 4,100,Completed,Cash,39.85
TXN-10964,24/05/2026 9:01,Store 2,108,Completed,Cash,10.63
TXN-10965,22/05/2026 10:38,Store 2,102,Completed,Mobile App,39.43
TXN-10966,09/05/2026 14:25,Store 2,102,Completed,Credit Card,27.08
TXN-10967,03/05/2026 8:51,Store 5,100,Void,Cash,11.3
TXN-10968,13/05/2026 16:49,Store 1,102,Completed,Credit Card,22.65
TXN-10969,09/05/2026 18:07,Store 3,103,Completed,Mobile App,26.29
TXN-10970,28/05/2026 10:46,Store 6,102,Completed,Cash,9.62
TXN-10971,09/05/2026 10:09,Store 1,105,Completed,Cash,30.76
TXN-10972,18/05/2026 9:12,Store 6,105,Void,Credit Card,25.32
TXN-10973,30/05/2026 17:02,Store 2,107,Completed,Credit Card,32.17
TXN-10974,29/05/2026 12:06,Store 6,100,Completed,Cash,27.16
TXN-10975,15/05/2026 16:16,Store 3,105,Completed,Cash,15.57
TXN-10976,06/05/2026 8:19,Store 2,105,Completed,Cash,37.98
TXN-10977,22/05/2026 7:35,Store 5,108,Completed,Credit Card,38.1
TXN-10978,13/05/2026 10:14,Store 2,108,Completed,Cash,40.66
TXN-10979,16/05/2026 21:34,Store 1,101,Refund,Cash,12.62
TXN-10980,01/05/2026 21:58,Store 6,101,Completed,Cash,40.59
TXN-10981,12/05/2026 18:55,Store 3,103,Completed,Mobile App,9.29
TXN-10982,08/05/2026 12:40,Store 2,101,Void,Cash,14.67
TXN-10983,11/05/2026 16:50,Store 2,100,Refund,Credit Card,22.95
TXN-10984,05/05/2026 9:58,Store 2,102,Completed,Credit Card,9.25
TXN-10985,14/05/2026 13:18,Store 2,110,Completed,Mobile App,22.5
TXN-10986,21/05/2026 21:50,Store 1,100,Completed,Credit Card,8.73
TXN-10987,26/05/2026 13:18,Store 2,108,Void,Cash,26
TXN-10988,11/05/2026 17:01,Store 5,100,Completed,Cash,37.1
TXN-10989,04/05/2026 15:26,Store 1,106,Void,Mobile App,6.57
TXN-10990,29/05/2026 9:37,Store 4,105,Completed,Mobile App,15.72
TXN-10991,06/05/2026 13:39,Store 5,110,Completed,Credit Card,8.62
TXN-10992,21/05/2026 14:15,Store 4,108,Completed,Credit Card,17.39
TXN-10993,12/05/2026 12:28,Store 2,109,Completed,Mobile App,26.18
TXN-10994,09/05/2026 12:36,Store 4,109,Completed,Mobile App,40.18
TXN-10995,16/05/2026 15:55,Store 1,108,Completed,Credit Card,37.39
TXN-10996,06/05/2026 19:22,Store 6,106,Completed,Cash,30.28
TXN-10997,06/05/2026 10:08,Store 6,101,Completed,Mobile App,14.13
TXN-10998,29/05/2026 15:43,Store 6,100,Completed,Credit Card,35.81
TXN-10999,15/05/2026 12:49,Store 4,106,Completed,Cash,35.07
TXN-11000,06/05/2026 11:51,Store 4,110,Completed,Credit Card,27.61
TXN-11001,12/05/2026 15:56,Store 3,105,Completed,Credit Card,44.25
TXN-11002,10/05/2026 20:03,Store 3,103,Completed,Mobile App,30.96
TXN-11003,09/05/2026 9:28,Store 1,102,Completed,Credit Card,26.53
TXN-11004,15/05/2026 12:10,Store 5,102,Completed,Cash,5.81
TXN-11005,18/05/2026 21:03,Store 3,106,Completed,Cash,14.91
TXN-11006,06/05/2026 20:40,Store 5,105,Completed,Mobile App,25.23
TXN-11007,01/05/2026 17:24,Store 3,101,Completed,Mobile App,21.81
TXN-11008,23/05/2026 7:10,Store 4,101,Completed,Credit Card,13.16
TXN-11009,02/05/2026 8:10,Store 6,101,Completed,Credit Card,21.14
TXN-11010,21/05/2026 11:36,Store 3,101,Completed,Cash,13.96
TXN-11011,21/05/2026 8:50,Store 2,108,Completed,Mobile App,43.22
TXN-11012,11/05/2026 7:41,Store 6,100,Completed,Credit Card,42.9
TXN-11013,05/05/2026 13:41,Store 3,101,Completed,Credit Card,26.44
TXN-11014,26/05/2026 12:27,Store 2,106,Completed,Cash,36.43
TXN-11015,27/05/2026 8:56,Store 4,104,Completed,Credit Card,19.29
TXN-11016,09/05/2026 10:43,Store 1,106,Completed,Credit Card,37.19
TXN-11017,14/05/2026 13:55,Store 5,108,Completed,Credit Card,11.99
TXN-11018,23/05/2026 17:28,Store 6,105,Completed,Credit Card,42.97
TXN-11019,16/05/2026 8:20,Store 2,101,Completed,Mobile App,7.67
TXN-11020,04/05/2026 18:16,Store 3,103,Completed,Cash,18.08
TXN-11021,09/05/2026 21:32,Store 1,106,Completed,Mobile App,10.99
TXN-11022,17/05/2026 11:29,Store 4,108,Completed,Cash,11.11
TXN-11023,29/05/2026 18:21,Store 6,104,Completed,Cash,9.19
TXN-11024,29/05/2026 13:16,Store 1,109,Void,Credit Card,23.14
TXN-11025,25/05/2026 14:54,Store 4,105,Completed,Cash,33.71
TXN-11026,04/05/2026 13:08,Store 2,107,Completed,Mobile App,16.42
TXN-11027,04/05/2026 16:15,Store 6,101,Completed,Mobile App,14.94
TXN-11028,12/05/2026 8:01,Store 3,109,Completed,Mobile App,20.44
TXN-11029,25/05/2026 21:28,Store 6,101,Completed,Credit Card,25.17
TXN-11030,07/05/2026 12:32,Store 5,109,Refund,Credit Card,22.24
TXN-11031,21/05/2026 18:00,Store 3,103,Completed,Credit Card,30.15
TXN-11032,06/05/2026 20:23,Store 3,103,Completed,Cash,31.04
TXN-11033,23/05/2026 9:48,Store 2,104,Refund,Mobile App,16.17
TXN-11034,25/05/2026 12:29,Store 3,109,Void,Credit Card,11.36
TXN-11035,08/05/2026 10:42,Store 3,104,Completed,Credit Card,27.59
TXN-11036,14/05/2026 14:30,Store 2,107,Completed,Credit Card,11.33
TXN-11037,22/05/2026 7:07,Store 1,109,Completed,Credit Card,19.95
TXN-11038,18/05/2026 17:46,Store 5,108,Completed,Mobile App,31.05
TXN-11039,20/05/2026 17:16,Store 2,104,Completed,Mobile App,27.82
TXN-11040,03/05/2026 13:26,Store 2,104,Completed,Credit Card,7.49
TXN-11041,29/05/2026 17:34,Store 2,105,Void,Cash,25.94
TXN-11042,08/05/2026 8:09,Store 3,109,Completed,Mobile App,9.32
TXN-11043,12/05/2026 18:28,Store 3,103,Completed,Mobile App,8.16
TXN-11044,03/05/2026 17:17,Store 5,105,Completed,Mobile App,40.37
TXN-11045,16/05/2026 21:05,Store 5,108,Completed,Mobile App,32.9
TXN-11046,10/05/2026 14:30,Store 5,100,Completed,Mobile App,17.92
TXN-11047,05/05/2026 8:24,Store 4,101,Completed,Mobile App,33.57
TXN-11048,27/05/2026 11:50,Store 4,101,Completed,Cash,6.26
TXN-11049,04/05/2026 10:46,Store 3,100,Completed,Cash,35.54
TXN-11050,16/05/2026 8:44,Store 3,109,Completed,Cash,7.7
TXN-11051,13/05/2026 13:40,Store 3,102,Completed,Credit Card,40.11
TXN-11052,03/05/2026 20:03,Store 1,104,Completed,Credit Card,33.01
TXN-11053,12/05/2026 16:55,Store 1,106,Completed,Cash,14.49
TXN-11054,23/05/2026 7:40,Store 5,100,Completed,Credit Card,39.95
TXN-11055,13/05/2026 9:06,Store 2,108,Completed,Cash,41.37
TXN-11056,16/05/2026 18:03,Store 1,109,Void,Credit Card,12.08
TXN-11057,10/05/2026 9:32,Store 4,105,Void,Credit Card,11.98
TXN-11058,05/05/2026 8:39,Store 6,105,Completed,Credit Card,7.03
TXN-11059,23/05/2026 12:53,Store 5,105,Completed,Cash,30.02
TXN-11060,12/05/2026 14:58,Store 5,101,Completed,Cash,5.42
TXN-11061,10/05/2026 8:48,Store 4,109,Completed,Cash,25.79
TXN-11062,02/05/2026 14:09,Store 2,107,Completed,Cash,18.27
TXN-11063,18/05/2026 16:24,Store 6,101,Completed,Cash,14.6
TXN-11064,27/05/2026 19:33,Store 1,104,Completed,Cash,24.07
TXN-11065,17/05/2026 21:24,Store 4,102,Completed,Credit Card,14.42
TXN-11066,12/05/2026 19:57,Store 3,104,Completed,Credit Card,24.38
TXN-11067,24/05/2026 16:51,Store 4,105,Completed,Credit Card,24.16
TXN-11068,18/05/2026 19:03,Store 3,103,Completed,Cash,14.81
TXN-11069,01/05/2026 14:37,Store 4,108,Completed,Credit Card,31.52
TXN-11070,19/05/2026 10:26,Store 2,107,Completed,Cash,15.16
TXN-11071,25/05/2026 16:38,Store 3,106,Completed,Cash,11.3
TXN-11072,29/05/2026 8:14,Store 5,106,Completed,Cash,37.53
TXN-11073,26/05/2026 8:25,Store 1,108,Completed,Credit Card,27.62
TXN-11074,28/05/2026 18:52,Store 4,101,Completed,Mobile App,29.54
TXN-11075,12/05/2026 21:57,Store 3,105,Completed,Credit Card,18.04
TXN-11076,03/05/2026 18:39,Store 2,104,Completed,Credit Card,33.48
TXN-11077,13/05/2026 9:48,Store 6,101,Completed,Cash,9.86
TXN-11078,27/05/2026 14:35,Store 3,108,Completed,Credit Card,6.61
TXN-11079,17/05/2026 18:18,Store 4,101,Void,Cash,26.03
TXN-11080,17/05/2026 21:35,Store 6,104,Completed,Cash,32.08
TXN-11081,29/05/2026 9:10,Store 3,101,Completed,Mobile App,10.43
TXN-11082,01/05/2026 7:14,Store 2,105,Completed,Cash,7.58
TXN-11083,22/05/2026 19:19,Store 3,103,Completed,Credit Card,21.27
TXN-11084,01/05/2026 20:21,Store 6,101,Completed,Credit Card,11.57
TXN-11085,02/05/2026 13:25,Store 4,104,Completed,Cash,19.84
TXN-11086,24/05/2026 16:16,Store 3,105,Completed,Credit Card,30.55
TXN-11087,16/05/2026 12:33,Store 5,109,Completed,Mobile App,13.98
TXN-11088,09/05/2026 9:40,Store 1,105,Completed,Cash,42.62
TXN-11089,04/05/2026 15:29,Store 2,101,Completed,Credit Card,34.67
TXN-11090,16/05/2026 10:46,Store 6,100,Completed,Credit Card,43.29
TXN-11091,25/05/2026 11:40,Store 1,104,Completed,Credit Card,42.82
TXN-11092,08/05/2026 7:32,Store 4,104,Completed,Credit Card,17.23
TXN-11093,19/05/2026 15:10,Store 5,100,Completed,Cash,25.86
TXN-11094,20/05/2026 7:01,Store 1,105,Completed,Cash,36.71
TXN-11095,03/05/2026 17:04,Store 3,103,Completed,Mobile App,33.75
TXN-11096,04/05/2026 16:55,Store 5,109,Completed,Credit Card,28.88
TXN-11097,19/05/2026 19:25,Store 3,103,Completed,Cash,5.46
TXN-11098,01/05/2026 14:21,Store 1,101,Void,Cash,25.29
TXN-11099,05/05/2026 8:41,Store 6,100,Completed,Credit Card,24.45
TXN-11100,25/05/2026 17:43,Store 5,100,Void,Mobile App,29.6
TXN-11101,27/05/2026 8:11,Store 2,100,Completed,Credit Card,40.9
TXN-11102,25/05/2026 10:53,Store 3,106,Completed,Credit Card,29.86
TXN-11103,11/05/2026 18:17,Store 6,104,Completed,Cash,42.73
TXN-11104,15/05/2026 15:17,Store 2,107,Completed,Cash,25.03
TXN-11105,21/05/2026 20:38,Store 2,108,Completed,Credit Card,9.5
TXN-11106,23/05/2026 9:27,Store 5,106,Completed,Cash,25.52
TXN-11107,02/05/2026 7:10,Store 4,110,Completed,Credit Card,16.73
TXN-11108,09/05/2026 8:31,Store 6,100,Completed,Cash,41.22
TXN-11109,06/05/2026 10:36,Store 3,108,Completed,Cash,28.76
TXN-11110,13/05/2026 11:36,Store 2,104,Completed,Cash,37.82
TXN-11111,21/05/2026 16:32,Store 5,102,Completed,Credit Card,6.88
TXN-11112,02/05/2026 12:54,Store 5,109,Completed,Cash,29.79
TXN-11113,11/05/2026 8:05,Store 1,100,Completed,Cash,42.01
TXN-11114,15/05/2026 21:02,Store 5,105,Completed,Credit Card,8.17
TXN-11115,11/05/2026 11:15,Store 4,104,Completed,Credit Card,27.01
TXN-11116,18/05/2026 16:00,Store 1,105,Completed,Mobile App,29.14
TXN-11117,05/05/2026 13:50,Store 4,109,Completed,Cash,15.65
TXN-11118,29/05/2026 19:29,Store 3,100,Completed,Mobile App,11.32
TXN-11119,30/05/2026 13:57,Store 1,110,Completed,Cash,11.43
TXN-11120,28/05/2026 18:35,Store 3,103,Completed,Mobile App,14.64
TXN-11121,01/05/2026 19:35,Store 1,105,Completed,Credit Card,10.62
TXN-11122,23/05/2026 14:19,Store 2,107,Completed,Credit Card,32.97
TXN-11123,16/05/2026 13:41,Store 5,104,Completed,Credit Card,44.88
TXN-11124,29/05/2026 18:29,Store 3,103,Completed,Mobile App,14.18
TXN-11125,20/05/2026 21:30,Store 2,108,Completed,Mobile App,27.53
TXN-11126,20/05/2026 9:55,Store 1,106,Completed,Mobile App,25.12
TXN-11127,21/05/2026 10:34,Store 5,110,Completed,Credit Card,24.9
TXN-11128,29/05/2026 20:56,Store 6,109,Completed,Credit Card,40.65
TXN-11129,12/05/2026 8:02,Store 1,110,Completed,Cash,11.66
TXN-11130,18/05/2026 10:48,Store 2,100,Completed,Credit Card,22.86
TXN-11131,09/05/2026 16:39,Store 5,105,Completed,Cash,21.68
TXN-11132,26/05/2026 8:50,Store 3,106,Void,Cash,17.76
TXN-11133,23/05/2026 18:22,Store 6,109,Completed,Credit Card,29.01
TXN-11134,23/05/2026 11:00,Store 6,104,Completed,Credit Card,10.3
TXN-11135,10/05/2026 18:27,Store 4,101,Completed,Credit Card,7.32
TXN-11136,21/05/2026 20:36,Store 2,108,Completed,Credit Card,18.13
TXN-11137,01/05/2026 18:17,Store 6,101,Completed,Cash,9.1
TXN-11138,17/05/2026 8:45,Store 6,101,Completed,Mobile App,25.21
TXN-11139,21/05/2026 18:10,Store 5,109,Completed,Mobile App,17.67
TXN-11140,30/05/2026 7:14,Store 1,110,Completed,Cash,40.5
TXN-11141,06/05/2026 14:26,Store 6,105,Completed,Mobile App,25.65
TXN-11142,20/05/2026 12:31,Store 4,100,Void,Cash,14.2
TXN-11143,13/05/2026 15:03,Store 1,109,Completed,Credit Card,20.84
TXN-11144,25/05/2026 11:51,Store 2,107,Refund,Credit Card,42.01
TXN-11145,05/05/2026 15:36,Store 5,108,Completed,Mobile App,36.23
TXN-11146,06/05/2026 9:32,Store 2,107,Discount applied,Cash,19.51
TXN-11147,03/05/2026 15:06,Store 3,104,Completed,Cash,32.98
TXN-11148,03/05/2026 11:53,Store 1,102,Completed,Mobile App,33.42
TXN-11149,11/05/2026 19:14,Store 5,102,Completed,Mobile App,8.97
TXN-11150,19/05/2026 15:20,Store 6,104,Completed,Credit Card,31.3
TXN-11151,23/05/2026 14:45,Store 4,102,Completed,Credit Card,21.44
TXN-11152,13/05/2026 7:27,Store 4,104,Completed,Cash,37.13
TXN-11153,08/05/2026 13:53,Store 6,108,Completed,Cash,32.07
TXN-11154,20/05/2026 15:15,Store 6,105,Completed,Credit Card,5.4
TXN-11155,09/05/2026 20:30,Store 3,103,Completed,Mobile App,13.58
TXN-11156,09/05/2026 14:36,Store 4,101,Completed,Mobile App,34.42
TXN-11157,15/05/2026 7:20,Store 1,104,Completed,Credit Card,17
TXN-11158,25/05/2026 7:13,Store 1,108,Completed,Cash,38.01
TXN-11159,15/05/2026 8:46,Store 6,110,Completed,Credit Card,23.91
TXN-11160,01/05/2026 14:25,Store 5,106,Completed,Credit Card,18.88
TXN-11161,20/05/2026 10:19,Store 3,104,Completed,Mobile App,21.01
TXN-11162,24/05/2026 8:13,Store 5,105,Completed,Cash,28.36
TXN-11163,03/05/2026 12:21,Store 4,106,Completed,Mobile App,33.09
TXN-11164,19/05/2026 9:14,Store 3,106,Completed,Credit Card,21.37
TXN-11165,10/05/2026 12:00,Store 1,105,Completed,Mobile App,30.6
TXN-11166,30/05/2026 9:10,Store 2,100,Completed,Cash,18.52
TXN-11167,27/05/2026 15:17,Store 3,101,Completed,Cash,42.53
TXN-11168,20/05/2026 18:12,Store 4,105,Completed,Credit Card,33.87
TXN-11169,26/05/2026 17:28,Store 1,110,Completed,Credit Card,29.86
TXN-11170,24/05/2026 8:33,Store 5,102,Completed,Credit Card,21.79
TXN-11171,20/05/2026 16:39,Store 5,105,Completed,Cash,32.5
TXN-11172,30/05/2026 18:48,Store 4,108,Completed,Cash,36.17
TXN-11173,14/05/2026 17:10,Store 2,105,Refund,Cash,8.63
TXN-11174,24/05/2026 7:41,Store 4,102,Completed,Cash,20.53
TXN-11175,06/05/2026 11:30,Store 3,101,Completed,Cash,39.6
TXN-11176,24/05/2026 10:53,Store 5,102,Completed,Cash,16.93
TXN-11177,29/05/2026 8:46,Store 1,100,Completed,Credit Card,20.83
TXN-11178,05/05/2026 9:25,Store 5,101,Completed,Cash,7.66
TXN-11179,25/05/2026 9:59,Store 4,100,Completed,Mobile App,36.51
TXN-11180,26/05/2026 19:26,Store 3,110,Completed,Mobile App,16.65
TXN-11181,25/05/2026 12:12,Store 4,101,Completed,Credit Card,12.44
TXN-11182,12/05/2026 20:52,Store 2,104,Completed,Credit Card,30.82
TXN-11183,24/05/2026 11:58,Store 5,108,Completed,Credit Card,13.06
TXN-11184,07/05/2026 10:46,Store 6,108,Completed,Credit Card,33.41
TXN-11185,03/05/2026 21:39,Store 2,104,Completed,Cash,32.95
TXN-11186,08/05/2026 19:11,Store 2,109,Completed,Mobile App,9.45
TXN-11187,10/05/2026 15:21,Store 6,104,Discount applied,Cash,5.87
TXN-11188,18/05/2026 11:53,Store 4,106,Completed,Credit Card,27.69
TXN-11189,04/05/2026 8:32,Store 2,106,Completed,Credit Card,14.48
TXN-11190,03/05/2026 17:25,Store 3,102,Completed,Cash,13.59
TXN-11191,15/05/2026 8:40,Store 5,102,Completed,Mobile App,20.76
TXN-11192,17/05/2026 15:10,Store 3,104,Completed,Mobile App,9
TXN-11193,04/05/2026 14:30,Store 2,107,Refund,Credit Card,43.37
TXN-11194,23/05/2026 21:10,Store 3,106,Void,Cash,17.04
TXN-11195,25/05/2026 11:18,Store 3,104,Completed,Credit Card,24.68
TXN-11196,20/05/2026 11:06,Store 5,110,Completed,Mobile App,19.44
TXN-11197,20/05/2026 12:34,Store 3,106,Void,Mobile App,17.7
TXN-11198,13/05/2026 19:04,Store 6,110,Void,Credit Card,8.79
TXN-11199,26/05/2026 20:39,Store 4,100,Completed,Credit Card,24.83
TXN-11200,30/05/2026 10:32,Store 3,102,Completed,Credit Card,6.81
TXN-11201,19/05/2026 11:20,Store 1,110,Completed,Credit Card,24.42
TXN-11202,05/05/2026 12:05,Store 4,102,Completed,Credit Card,26.93
TXN-11203,19/05/2026 12:31,Store 5,100,Refund,Credit Card,16.46
TXN-11204,17/05/2026 18:10,Store 5,108,Completed,Cash,31.47
TXN-11205,19/05/2026 18:34,Store 2,106,Completed,Credit Card,32.88
TXN-11206,05/05/2026 11:49,Store 3,106,Completed,Credit Card,8.09
TXN-11207,02/05/2026 18:30,Store 2,110,Completed,Credit Card,8.57
TXN-11208,09/05/2026 12:50,Store 2,110,Completed,Credit Card,24.35
TXN-11209,16/05/2026 13:29,Store 4,105,Completed,Credit Card,13.19
TXN-11210,01/05/2026 14:57,Store 2,107,Completed,Credit Card,23.74
TXN-11211,30/05/2026 8:23,Store 4,110,Completed,Credit Card,8.46
TXN-11212,27/05/2026 15:35,Store 3,106,Void,Credit Card,31.06
TXN-11213,24/05/2026 10:05,Store 5,108,Void,Credit Card,6.75
TXN-11214,15/05/2026 11:56,Store 4,101,Completed,Cash,21.99
TXN-11215,14/05/2026 15:44,Store 3,104,Completed,Cash,40.11
TXN-11216,28/05/2026 9:04,Store 4,109,Completed,Cash,12.14
TXN-11217,05/05/2026 18:32,Store 3,103,Completed,Mobile App,33.1
TXN-11218,25/05/2026 14:20,Store 2,101,Refund,Cash,6.01
TXN-11219,01/05/2026 19:11,Store 2,110,Completed,Mobile App,7.92
TXN-11220,02/05/2026 9:20,Store 6,100,Completed,Credit Card,33.35
TXN-11221,10/05/2026 18:17,Store 6,100,Completed,Mobile App,36.22
TXN-11222,20/05/2026 7:32,Store 4,105,Completed,Mobile App,40.45
TXN-11223,10/05/2026 8:46,Store 6,110,Completed,Credit Card,27.41
TXN-11224,13/05/2026 13:14,Store 5,109,Completed,Cash,9.17
TXN-11225,10/05/2026 12:11,Store 1,100,Completed,Credit Card,42.26
TXN-11226,22/05/2026 12:32,Store 3,110,Completed,Credit Card,12.62
TXN-11227,23/05/2026 21:47,Store 5,106,Completed,Credit Card,7.73
TXN-11228,09/05/2026 18:38,Store 1,108,Void,Cash,34.84
TXN-11229,19/05/2026 21:37,Store 3,110,Completed,Cash,41.46
TXN-11230,12/05/2026 19:49,Store 4,104,Completed,Credit Card,16.97
TXN-11231,13/05/2026 8:40,Store 5,106,Discount applied,Mobile App,11.43
TXN-11232,18/05/2026 17:05,Store 5,110,Void,Mobile App,7.95
TXN-11233,12/05/2026 13:46,Store 3,109,Completed,Credit Card,11.67
TXN-11234,19/05/2026 17:43,Store 1,110,Completed,Cash,37.77
TXN-11235,23/05/2026 17:41,Store 3,102,Completed,Credit Card,19.13
TXN-11236,11/05/2026 18:51,Store 3,100,Completed,Cash,5.91
TXN-11237,30/05/2026 14:05,Store 3,101,Completed,Cash,32.63
TXN-11238,10/05/2026 10:03,Store 2,104,Completed,Credit Card,34.92
TXN-11239,26/05/2026 9:29,Store 6,108,Completed,Credit Card,14.6
TXN-11240,07/05/2026 17:09,Store 3,104,Completed,Cash,44.72
TXN-11241,02/05/2026 19:29,Store 5,106,Refund,Credit Card,11.98
TXN-11242,12/05/2026 10:43,Store 1,101,Completed,Cash,32.18
TXN-11243,18/05/2026 21:31,Store 6,105,Completed,Mobile App,42.94
TXN-11244,04/05/2026 18:49,Store 5,105,Completed,Cash,22.96
TXN-11245,27/05/2026 19:40,Store 5,108,Completed,Mobile App,11.36
TXN-11246,08/05/2026 8:29,Store 1,108,Completed,Credit Card,28
TXN-11247,16/05/2026 11:14,Store 5,105,Completed,Credit Card,38.73
TXN-11248,24/05/2026 12:32,Store 3,109,Completed,Mobile App,27.41
TXN-11249,11/05/2026 18:34,Store 4,104,Completed,Credit Card,29.97
TXN-11250,16/05/2026 18:52,Store 6,102,Completed,Cash,15.66
TXN-11251,19/05/2026 13:24,Store 3,108,Completed,Credit Card,36.26
TXN-11252,11/05/2026 16:45,Store 6,105,Completed,Cash,19.79
TXN-11253,18/05/2026 12:55,Store 3,101,Completed,Cash,8.56
TXN-11254,03/05/2026 8:01,Store 3,104,Completed,Credit Card,28.73
TXN-11255,01/05/2026 13:24,Store 2,109,Completed,Cash,31.85
TXN-11256,08/05/2026 12:57,Store 6,104,Completed,Credit Card,13.68
TXN-11257,07/05/2026 15:43,Store 1,106,Completed,Mobile App,36.15
TXN-11258,14/05/2026 19:09,Store 3,103,Completed,Mobile App,38.65
TXN-11259,08/05/2026 21:34,Store 3,102,Completed,Credit Card,12.84
TXN-11260,27/05/2026 19:03,Store 3,103,Completed,Mobile App,21.55
TXN-11261,22/05/2026 20:26,Store 2,102,Completed,Cash,43.71
TXN-11262,14/05/2026 20:18,Store 3,103,Completed,Credit Card,7.3
TXN-11263,26/05/2026 16:33,Store 5,100,Completed,Credit Card,36.75
TXN-11264,17/05/2026 11:24,Store 6,101,Completed,Mobile App,21.23
TXN-11265,07/05/2026 20:18,Store 3,101,Completed,Cash,25.35
TXN-11266,27/05/2026 17:26,Store 4,102,Completed,Credit Card,25.74
TXN-11267,14/05/2026 17:22,Store 3,103,Completed,Mobile App,32.44
TXN-11268,26/05/2026 9:03,Store 6,101,Completed,Mobile App,17.06
TXN-11269,04/05/2026 13:01,Store 2,107,Completed,Cash,15.63
TXN-11270,20/05/2026 8:22,Store 6,100,Completed,Credit Card,20.85
TXN-11271,15/05/2026 18:22,Store 1,106,Completed,Credit Card,20.19
TXN-11272,09/05/2026 16:13,Store 5,109,Completed,Credit Card,31.7
TXN-11273,08/05/2026 17:12,Store 2,106,Completed,Credit Card,33.84
TXN-11274,16/05/2026 11:08,Store 2,107,Completed,Cash,29.96
TXN-11275,30/05/2026 17:47,Store 2,101,Completed,Mobile App,40.21
TXN-11276,13/05/2026 21:42,Store 6,109,Completed,Credit Card,20.7
TXN-11277,20/05/2026 7:56,Store 4,110,Void,Cash,24.14
TXN-11278,03/05/2026 10:44,Store 3,108,Completed,Mobile App,34.39
TXN-11279,23/05/2026 13:42,Store 2,109,Completed,Cash,42.16
TXN-11280,30/05/2026 10:32,Store 4,108,Void,Cash,22.5
TXN-11281,18/05/2026 10:02,Store 1,100,Completed,Credit Card,19.43
TXN-11282,10/05/2026 21:25,Store 3,103,Completed,Cash,18.06
TXN-11283,07/05/2026 16:42,Store 4,104,Completed,Credit Card,8.18
TXN-11284,07/05/2026 18:50,Store 6,109,Completed,Cash,43.54
TXN-11285,29/05/2026 19:28,Store 3,106,Completed,Credit Card,17.85
TXN-11286,09/05/2026 7:29,Store 1,102,Completed,Mobile App,22.31
TXN-11287,13/05/2026 15:21,Store 2,110,Completed,Credit Card,29
TXN-11288,08/05/2026 7:15,Store 2,105,Completed,Mobile App,11.75
TXN-11289,01/05/2026 17:12,Store 1,101,Completed,Credit Card,15.69
TXN-11290,22/05/2026 16:36,Store 6,101,Completed,Credit Card,13.04
TXN-11291,14/05/2026 10:33,Store 6,101,Completed,Cash,23.84
TXN-11292,17/05/2026 15:09,Store 2,107,Completed,Mobile App,26.9
TXN-11293,07/05/2026 12:13,Store 2,107,Completed,Cash,26.04
TXN-11294,30/05/2026 18:08,Store 6,110,Completed,Credit Card,44.92
TXN-11295,22/05/2026 17:26,Store 1,100,Discount applied,Mobile App,35.18
TXN-11296,06/05/2026 15:55,Store 5,104,Completed,Credit Card,28.12
TXN-11297,05/05/2026 10:22,Store 4,100,Completed,Mobile App,25.16
TXN-11298,28/05/2026 17:04,Store 3,103,Completed,Cash,37.6
TXN-11299,10/05/2026 17:11,Store 3,109,Completed,Cash,13.11
TXN-11300,03/05/2026 8:55,Store 6,106,Completed,Credit Card,22.49
TXN-11301,09/05/2026 13:35,Store 6,102,Completed,Credit Card,7.1
TXN-11302,28/05/2026 8:16,Store 6,109,Completed,Cash,12.71
TXN-11303,25/05/2026 17:30,Store 5,101,Refund,Credit Card,16.93
TXN-11304,12/05/2026 19:23,Store 4,104,Void,Credit Card,34.31
TXN-11305,25/05/2026 16:47,Store 6,109,Refund,Credit Card,19.89
TXN-11306,22/05/2026 11:19,Store 6,106,Completed,Mobile App,17.4
TXN-11307,09/05/2026 18:33,Store 2,102,Completed,Credit Card,26.23
TXN-11308,12/05/2026 14:59,Store 4,110,Completed,Cash,37.47
TXN-11309,30/05/2026 8:00,Store 3,106,Completed,Credit Card,30.34
TXN-11310,06/05/2026 8:48,Store 3,101,Completed,Credit Card,38.13
TXN-11311,17/05/2026 19:15,Store 1,106,Completed,Mobile App,29.78
TXN-11312,10/05/2026 14:21,Store 1,104,Completed,Cash,26.01
TXN-11313,02/05/2026 20:02,Store 5,105,Completed,Credit Card,12.35
TXN-11314,29/05/2026 20:27,Store 5,105,Completed,Mobile App,6.01
TXN-11315,29/05/2026 21:38,Store 3,108,Completed,Cash,19.82
TXN-11316,10/05/2026 18:52,Store 1,105,Completed,Credit Card,40.33
TXN-11317,18/05/2026 8:13,Store 5,105,Refund,Cash,24.19
TXN-11318,09/05/2026 9:22,Store 5,105,Completed,Credit Card,34.62
TXN-11319,07/05/2026 9:54,Store 2,100,Completed,Credit Card,41.16
TXN-11320,05/05/2026 12:15,Store 3,105,Completed,Credit Card,28.93
TXN-11321,21/05/2026 11:42,Store 3,104,Completed,Credit Card,13.2
TXN-11322,07/05/2026 16:08,Store 1,102,Completed,Credit Card,8.26
TXN-11323,25/05/2026 9:08,Store 1,110,Void,Credit Card,9.95
TXN-11324,24/05/2026 18:37,Store 3,103,Completed,Cash,9.18
TXN-11325,08/05/2026 20:12,Store 3,108,Completed,Cash,44.17
TXN-11326,15/05/2026 17:32,Store 1,104,Refund,Credit Card,22.64
TXN-11327,24/05/2026 16:23,Store 1,106,Completed,Cash,41.8
TXN-11328,06/05/2026 11:09,Store 5,104,Completed,Cash,30.07
TXN-11329,17/05/2026 8:28,Store 5,100,Completed,Credit Card,40.11
TXN-11330,14/05/2026 12:42,Store 3,100,Completed,Mobile App,10.51
TXN-11331,04/05/2026 7:36,Store 4,110,Completed,Credit Card,44.36
TXN-11332,22/05/2026 10:13,Store 4,110,Refund,Credit Card,18.16
TXN-11333,06/05/2026 21:08,Store 3,108,Completed,Mobile App,41.52
TXN-11334,29/05/2026 10:36,Store 5,108,Refund,Mobile App,15.57
TXN-11335,13/05/2026 12:49,Store 4,102,Completed,Cash,33.76
TXN-11336,30/05/2026 15:52,Store 2,107,Completed,Cash,36.86
TXN-11337,10/05/2026 8:17,Store 4,108,Discount applied,Credit Card,12.67
TXN-11338,11/05/2026 11:23,Store 1,100,Completed,Credit Card,16.59
TXN-11339,09/05/2026 13:23,Store 6,101,Completed,Cash,5.71
TXN-11340,11/05/2026 20:16,Store 1,109,Completed,Mobile App,11.37
TXN-11341,24/05/2026 15:44,Store 6,109,Completed,Credit Card,35.97
TXN-11342,05/05/2026 18:55,Store 5,109,Completed,Credit Card,16.87
TXN-11343,10/05/2026 21:41,Store 4,100,Completed,Cash,42.93
TXN-11344,10/05/2026 16:35,Store 2,110,Completed,Credit Card,16.53
TXN-11345,04/05/2026 10:42,Store 2,107,Refund,Cash,39.19
TXN-11346,27/05/2026 12:24,Store 1,102,Completed,Credit Card,21.3
TXN-11347,18/05/2026 18:46,Store 5,102,Completed,Credit Card,33.2
TXN-11348,13/05/2026 14:27,Store 6,108,Completed,Credit Card,31.24
TXN-11349,18/05/2026 11:05,Store 5,105,Completed,Credit Card,11.95
TXN-11350,04/05/2026 14:01,Store 2,104,Completed,Mobile App,7.23
TXN-11351,26/05/2026 20:28,Store 5,106,Void,Credit Card,21.68
TXN-11352,25/05/2026 15:09,Store 1,110,Completed,Cash,6.73
TXN-11353,14/05/2026 7:39,Store 5,101,Completed,Mobile App,7.95
TXN-11354,04/05/2026 11:07,Store 5,101,Completed,Credit Card,28.19
TXN-11355,26/05/2026 14:42,Store 2,107,Completed,Credit Card,31.47
TXN-11356,19/05/2026 20:26,Store 4,105,Completed,Credit Card,19.54
TXN-11357,14/05/2026 19:34,Store 5,108,Completed,Cash,18.35
TXN-11358,09/05/2026 7:11,Store 2,105,Completed,Credit Card,25.25
TXN-11359,30/05/2026 17:37,Store 4,100,Completed,Cash,34.69
TXN-11360,22/05/2026 14:44,Store 2,107,Completed,Cash,27.99
TXN-11361,16/05/2026 13:42,Store 2,107,Refund,Cash,42.57
TXN-11362,27/05/2026 17:37,Store 5,102,Completed,Cash,10.3
TXN-11363,21/05/2026 14:38,Store 1,106,Completed,Cash,14.19
TXN-11364,18/05/2026 17:04,Store 6,110,Completed,Credit Card,23.07
TXN-11365,06/05/2026 15:30,Store 2,107,Discount applied,Cash,32.92
TXN-11366,05/05/2026 14:52,Store 2,109,Completed,Cash,38.54
TXN-11367,17/05/2026 10:40,Store 4,100,Completed,Credit Card,12.29
TXN-11368,20/05/2026 13:05,Store 3,108,Completed,Mobile App,21.12
TXN-11369,30/05/2026 12:36,Store 2,102,Completed,Cash,40.43
TXN-11370,10/05/2026 16:12,Store 1,108,Completed,Credit Card,40.05
TXN-11371,07/05/2026 17:55,Store 3,103,Completed,Credit Card,12.07
TXN-11372,09/05/2026 14:50,Store 3,105,Completed,Mobile App,26.43
TXN-11373,19/05/2026 8:57,Store 5,104,Completed,Cash,34.54
TXN-11374,28/05/2026 11:10,Store 6,106,Completed,Mobile App,35.28
TXN-11375,16/05/2026 15:44,Store 2,107,Discount applied,Cash,26.15
TXN-11376,08/05/2026 7:41,Store 3,104,Completed,Credit Card,30.72
TXN-11377,30/05/2026 8:41,Store 5,108,Completed,Cash,6.77
TXN-11378,27/05/2026 20:24,Store 4,100,Refund,Credit Card,19.15
TXN-11379,17/05/2026 19:13,Store 4,108,Refund,Cash,21.19
TXN-11380,16/05/2026 8:35,Store 5,102,Completed,Cash,43.63
TXN-11381,28/05/2026 21:10,Store 4,104,Void,Mobile App,26.63
TXN-11382,08/05/2026 13:59,Store 3,110,Completed,Credit Card,43.71
TXN-11383,15/05/2026 10:17,Store 1,100,Discount applied,Cash,26.12
TXN-11384,22/05/2026 7:08,Store 2,101,Completed,Cash,16.83
TXN-11385,22/05/2026 16:46,Store 5,109,Completed,Mobile App,22.54
TXN-11386,01/05/2026 8:07,Store 4,106,Completed,Cash,31.75
TXN-11387,20/05/2026 17:48,Store 1,108,Completed,Credit Card,23.24
TXN-11388,15/05/2026 15:05,Store 1,109,Completed,Credit Card,6.9
TXN-11389,27/05/2026 16:17,Store 3,100,Completed,Credit Card,38.38
TXN-11390,25/05/2026 19:09,Store 3,103,Completed,Credit Card,6.1
TXN-11391,05/05/2026 20:37,Store 6,108,Completed,Credit Card,17.13
TXN-11392,01/05/2026 12:35,Store 2,109,Completed,Credit Card,44.32
TXN-11393,02/05/2026 8:57,Store 3,110,Completed,Mobile App,43.88
TXN-11394,05/05/2026 23:05,Store 3,103,Void,Cash,28.93
TXN-11395,12/05/2026 21:59,Store 1,105,Completed,Mobile App,40.96
TXN-11396,15/05/2026 9:57,Store 5,104,Completed,Mobile App,13.76
TXN-11397,05/05/2026 18:13,Store 5,108,Completed,Credit Card,20.69
TXN-11398,05/05/2026 20:10,Store 4,104,Completed,Credit Card,38.36
TXN-11399,08/05/2026 17:28,Store 4,108,Completed,Credit Card,28.11
TXN-11400,18/05/2026 7:06,Store 6,106,Completed,Credit Card,24.59
TXN-11401,25/05/2026 20:26,Store 1,104,Completed,Cash,18.46
TXN-11402,09/05/2026 17:40,Store 4,102,Completed,Mobile App,41.54
TXN-11403,16/05/2026 15:34,Store 1,110,Completed,Mobile App,27.27
TXN-11404,28/05/2026 21:26,Store 3,103,Completed,Mobile App,24.12
TXN-11405,05/05/2026 16:01,Store 6,100,Completed,Cash,26.8
TXN-11406,15/05/2026 8:16,Store 6,109,Completed,Credit Card,42.04
TXN-11407,23/05/2026 21:31,Store 5,105,Completed,Cash,7.96
TXN-11408,17/05/2026 10:50,Store 6,105,Completed,Cash,14.15
TXN-11409,21/05/2026 17:45,Store 5,106,Completed,Mobile App,23.48
TXN-11410,27/05/2026 7:04,Store 1,104,Completed,Cash,16.3
TXN-11411,20/05/2026 13:22,Store 6,110,Completed,Credit Card,16.34
TXN-11412,10/05/2026 11:29,Store 2,109,Completed,Cash,39.97
TXN-11413,01/05/2026 8:48,Store 6,104,Discount applied,Cash,7.34
TXN-11414,09/05/2026 15:42,Store 2,107,Completed,Cash,7.51
TXN-11415,23/05/2026 12:38,Store 6,101,Completed,Credit Card,22.74
TXN-11416,12/05/2026 21:39,Store 2,109,Completed,Mobile App,30.94
TXN-11417,22/05/2026 11:53,Store 4,104,Completed,Cash,9.33
TXN-11418,22/05/2026 17:15,Store 4,105,Completed,Mobile App,6.15
TXN-11419,25/05/2026 12:46,Store 2,110,Completed,Mobile App,41.56
TXN-11420,13/05/2026 18:14,Store 3,103,Completed,Cash,8.69
TXN-11421,26/05/2026 15:37,Store 3,102,Completed,Credit Card,31.07
TXN-11422,20/05/2026 13:48,Store 2,107,Completed,Mobile App,39.88
TXN-11423,28/05/2026 18:46,Store 6,108,Completed,Credit Card,44.32
TXN-11424,27/05/2026 16:30,Store 4,101,Completed,Credit Card,41.77
TXN-11425,22/05/2026 14:31,Store 2,110,Completed,Cash,18.85
TXN-11426,05/05/2026 23:51,Store 3,103,Void,Cash,26.76
TXN-11427,26/05/2026 12:14,Store 2,108,Completed,Cash,40.69
TXN-11428,11/05/2026 17:52,Store 6,102,Completed,Mobile App,34.47
TXN-11429,21/05/2026 16:37,Store 5,109,Completed,Cash,6.26
TXN-11430,03/05/2026 15:15,Store 2,107,Completed,Mobile App,29.97
TXN-11431,14/05/2026 14:00,Store 4,104,Completed,Mobile App,18.54
TXN-11432,30/05/2026 12:47,Store 5,106,Completed,Mobile App,30.02
TXN-11433,02/05/2026 14:03,Store 3,101,Completed,Cash,37.87
TXN-11434,01/05/2026 10:25,Store 3,110,Completed,Cash,35.78
TXN-11435,03/05/2026 12:40,Store 6,101,Completed,Credit Card,22.47
TXN-11436,29/05/2026 13:03,Store 3,102,Completed,Mobile App,22.46
TXN-11437,11/05/2026 11:00,Store 2,110,Completed,Cash,28.27
TXN-11438,04/05/2026 7:33,Store 3,102,Completed,Credit Card,43.71
TXN-11439,05/05/2026 10:20,Store 3,101,Completed,Cash,29.58
TXN-11440,07/05/2026 8:52,Store 6,106,Completed,Credit Card,33.71
TXN-11441,01/05/2026 13:51,Store 4,109,Completed,Credit Card,7.65
TXN-11442,04/05/2026 7:06,Store 3,108,Completed,Cash,25.75
TXN-11443,29/05/2026 17:48,Store 4,106,Completed,Cash,36.36
TXN-11444,02/05/2026 11:14,Store 4,105,Refund,Cash,16.58
TXN-11445,26/05/2026 12:34,Store 2,107,Completed,Mobile App,25.94
TXN-11446,18/05/2026 11:52,Store 2,107,Completed,Mobile App,9.93
TXN-11447,22/05/2026 15:54,Store 2,102,Completed,Mobile App,11.37
TXN-11448,24/05/2026 8:45,Store 1,110,Completed,Cash,37.13
TXN-11449,09/05/2026 18:00,Store 1,106,Completed,Credit Card,15.17
TXN-11450,21/05/2026 10:39,Store 2,105,Completed,Credit Card,39.06
TXN-11451,27/05/2026 11:42,Store 3,105,Completed,Credit Card,34.07
TXN-11452,11/05/2026 12:32,Store 3,109,Completed,Cash,30.57
TXN-11453,28/05/2026 15:40,Store 1,101,Completed,Mobile App,26.57
TXN-11454,07/05/2026 17:43,Store 2,105,Completed,Credit Card,17.85
TXN-11455,24/05/2026 20:01,Store 4,102,Completed,Credit Card,24.7
TXN-11456,07/05/2026 16:32,Store 3,102,Completed,Credit Card,6.56
TXN-11457,12/05/2026 13:05,Store 2,109,Completed,Credit Card,6.47
TXN-11458,15/05/2026 15:47,Store 3,102,Completed,Credit Card,11.98
TXN-11459,30/05/2026 20:50,Store 3,103,Completed,Mobile App,38.76
TXN-11460,03/05/2026 17:30,Store 2,107,Completed,Cash,35.87
TXN-11461,04/05/2026 7:06,Store 1,110,Completed,Cash,11.71
TXN-11462,07/05/2026 15:29,Store 4,110,Completed,Cash,31.1
TXN-11463,08/05/2026 8:45,Store 2,109,Completed,Cash,37.78
TXN-11464,19/05/2026 20:53,Store 3,106,Completed,Cash,25.63
TXN-11465,03/05/2026 15:03,Store 5,108,Completed,Mobile App,20.83
TXN-11466,17/05/2026 15:31,Store 2,104,Void,Credit Card,18.28
TXN-11467,30/05/2026 16:36,Store 5,110,Completed,Cash,27.94
TXN-11468,16/05/2026 15:04,Store 3,110,Completed,Credit Card,11.69
TXN-11469,20/05/2026 9:34,Store 6,100,Completed,Cash,34.31
TXN-11470,30/05/2026 17:38,Store 4,110,Completed,Credit Card,10.49
TXN-11471,11/05/2026 13:17,Store 5,110,Completed,Cash,13.76
TXN-11472,25/05/2026 14:06,Store 3,101,Completed,Mobile App,18.19
TXN-11473,21/05/2026 17:36,Store 6,104,Completed,Mobile App,17.35
TXN-11474,19/05/2026 21:02,Store 5,106,Refund,Credit Card,5.59
TXN-11475,01/05/2026 19:18,Store 1,104,Completed,Credit Card,19.75
TXN-11476,24/05/2026 8:12,Store 1,110,Completed,Credit Card,34.45
TXN-11477,14/05/2026 7:38,Store 2,101,Refund,Credit Card,18.85
TXN-11478,23/05/2026 15:25,Store 1,105,Completed,Cash,40.17
TXN-11479,30/05/2026 18:04,Store 4,100,Completed,Mobile App,11.91
TXN-11480,12/05/2026 16:49,Store 4,105,Completed,Credit Card,26.64
TXN-11481,24/05/2026 21:24,Store 1,105,Completed,Cash,14.44
TXN-11482,27/05/2026 9:53,Store 2,107,Completed,Mobile App,13.48
TXN-11483,29/05/2026 10:04,Store 2,108,Completed,Credit Card,40.62
TXN-11484,03/05/2026 9:58,Store 3,102,Completed,Cash,6.36
TXN-11485,16/05/2026 19:12,Store 2,100,Completed,Cash,20.87
TXN-11486,15/05/2026 12:28,Store 3,108,Completed,Credit Card,39.1
TXN-11487,25/05/2026 9:04,Store 1,101,Completed,Mobile App,22.09
TXN-11488,21/05/2026 15:05,Store 3,106,Completed,Credit Card,38.51
TXN-11489,16/05/2026 7:21,Store 1,110,Completed,Mobile App,10.22
TXN-11490,09/05/2026 13:15,Store 5,102,Completed,Cash,9.81
TXN-11491,05/05/2026 11:38,Store 6,105,Completed,Cash,22.19
TXN-11492,21/05/2026 21:51,Store 4,104,Completed,Credit Card,37.09
TXN-11493,03/05/2026 15:26,Store 6,109,Completed,Credit Card,16.93
TXN-11494,10/05/2026 17:19,Store 6,100,Completed,Credit Card,14.86
TXN-11495,23/05/2026 20:46,Store 6,100,Completed,Cash,19.75
TXN-11496,09/05/2026 16:58,Store 6,100,Completed,Credit Card,35.8
TXN-11497,22/05/2026 17:07,Store 4,105,Completed,Credit Card,35.52
TXN-11498,06/05/2026 18:00,Store 3,102,Void,Mobile App,16.75
TXN-11499,02/05/2026 12:55,Store 4,108,Completed,Mobile App,36.69
TXN-11500,22/05/2026 7:23,Store 4,105,Completed,Credit Card,22.11
TXN-11501,25/05/2026 20:03,Store 4,104,Completed,Mobile App,9.06
TXN-11502,10/05/2026 8:50,Store 6,105,Completed,Credit Card,18.56
TXN-11503,24/05/2026 21:56,Store 6,101,Completed,Credit Card,15.84
TXN-11504,20/05/2026 20:43,Store 4,110,Completed,Cash,22.13
TXN-11505,06/05/2026 20:23,Store 5,106,Completed,Credit Card,21.75
TXN-11506,03/05/2026 9:17,Store 4,100,Completed,Credit Card,9.38
TXN-11507,28/05/2026 11:58,Store 2,106,Completed,Cash,41.06
TXN-11508,15/05/2026 15:49,Store 2,106,Completed,Credit Card,22.3
TXN-11509,26/05/2026 12:32,Store 1,110,Completed,Cash,34.68
TXN-11510,15/05/2026 9:36,Store 6,110,Completed,Credit Card,41.43
TXN-11511,05/05/2026 21:20,Store 2,102,Completed,Mobile App,9.23
TXN-11512,20/05/2026 18:56,Store 6,109,Completed,Credit Card,24.08
TXN-11513,17/05/2026 23:55,Store 3,103,Void,Cash,33.89
TXN-11514,26/05/2026 17:38,Store 3,103,Completed,Mobile App,17.38
TXN-11515,03/05/2026 18:58,Store 1,104,Completed,Cash,27.11
TXN-11516,16/05/2026 11:31,Store 6,110,Completed,Credit Card,11.02
TXN-11517,05/05/2026 7:59,Store 1,101,Completed,Credit Card,32.55
TXN-11518,27/05/2026 8:40,Store 6,104,Completed,Mobile App,6.78
TXN-11519,07/05/2026 12:26,Store 1,109,Completed,Credit Card,44.92
TXN-11520,10/05/2026 15:37,Store 1,102,Completed,Cash,19.55
TXN-11521,15/05/2026 10:00,Store 1,100,Completed,Credit Card,31.58
TXN-11522,21/05/2026 18:06,Store 5,109,Refund,Cash,18.39
TXN-11523,06/05/2026 12:17,Store 2,109,Completed,Mobile App,27.8
TXN-11524,07/05/2026 15:53,Store 1,100,Completed,Credit Card,32.43
TXN-11525,17/05/2026 19:40,Store 4,100,Completed,Mobile App,27.08
TXN-11526,04/05/2026 12:13,Store 1,108,Completed,Credit Card,30.92
TXN-11527,11/05/2026 12:01,Store 5,110,Completed,Credit Card,14.11
TXN-11528,23/05/2026 13:23,Store 6,100,Completed,Cash,28.26
TXN-11529,19/05/2026 11:06,Store 6,100,Completed,Cash,24.86
TXN-11530,10/05/2026 11:03,Store 5,104,Completed,Cash,37.18
TXN-11531,15/05/2026 11:23,Store 2,101,Completed,Credit Card,5.42
TXN-11532,27/05/2026 13:57,Store 5,106,Completed,Credit Card,33.4
TXN-11533,16/05/2026 21:41,Store 1,104,Completed,Cash,31.97
TXN-11534,02/05/2026 20:56,Store 6,101,Completed,Cash,39.98
TXN-11535,23/05/2026 19:04,Store 2,101,Completed,Cash,35.25
TXN-11536,19/05/2026 19:34,Store 4,109,Completed,Cash,6.81
TXN-11537,04/05/2026 9:59,Store 4,106,Completed,Mobile App,30.62
TXN-11538,18/05/2026 9:28,Store 2,106,Completed,Cash,10.33
TXN-11539,21/05/2026 21:28,Store 6,106,Completed,Cash,7.44
TXN-11540,05/05/2026 12:16,Store 2,108,Refund,Mobile App,23.48
TXN-11541,11/05/2026 21:09,Store 3,103,Completed,Credit Card,7.08
TXN-11542,24/05/2026 16:58,Store 5,108,Completed,Credit Card,28.08
TXN-11543,19/05/2026 21:47,Store 5,102,Refund,Credit Card,15.96
TXN-11544,01/05/2026 12:48,Store 5,104,Completed,Credit Card,7.05
TXN-11545,15/05/2026 10:53,Store 3,102,Completed,Credit Card,15.47
TXN-11546,28/05/2026 11:30,Store 4,109,Completed,Cash,40.6
TXN-11547,28/05/2026 14:32,Store 2,107,Completed,Cash,23.58
TXN-11548,25/05/2026 18:12,Store 6,104,Completed,Cash,32.31
TXN-11549,14/05/2026 11:01,Store 5,102,Completed,Credit Card,30.17
TXN-11550,08/05/2026 12:15,Store 6,108,Completed,Credit Card,15.85
TXN-11551,24/05/2026 18:23,Store 1,108,Completed,Credit Card,23.68
TXN-11552,22/05/2026 20:52,Store 2,101,Void,Cash,21.66
TXN-11553,04/05/2026 14:48,Store 4,101,Completed,Credit Card,29.37
TXN-11554,10/05/2026 21:18,Store 6,106,Completed,Credit Card,26.89
TXN-11555,28/05/2026 17:08,Store 3,103,Completed,Credit Card,30.62
TXN-11556,21/05/2026 12:01,Store 4,106,Refund,Mobile App,23.31
TXN-11557,06/05/2026 14:24,Store 6,104,Void,Cash,25.64
TXN-11558,21/05/2026 22:23,Store 3,103,Void,Cash,33.38
TXN-11559,20/05/2026 17:10,Store 3,106,Completed,Mobile App,24.54
TXN-11560,07/05/2026 15:49,Store 3,102,Completed,Mobile App,34.63
TXN-11561,03/05/2026 12:14,Store 2,100,Completed,Cash,17.29
TXN-11562,24/05/2026 15:41,Store 4,102,Completed,Cash,26.53
TXN-11563,29/05/2026 15:29,Store 6,108,Void,Mobile App,15.62
TXN-11564,21/05/2026 18:57,Store 5,102,Refund,Credit Card,20.98
TXN-11565,14/05/2026 21:56,Store 3,103,Completed,Cash,30.81
TXN-11566,29/05/2026 14:50,Store 4,110,Completed,Cash,15.13
TXN-11567,15/05/2026 18:52,Store 1,100,Completed,Cash,10.54
TXN-11568,16/05/2026 14:37,Store 3,104,Completed,Cash,44.9
TXN-11569,11/05/2026 7:29,Store 6,106,Completed,Credit Card,14.82
TXN-11570,01/05/2026 15:59,Store 6,102,Completed,Cash,40.23
TXN-11571,24/05/2026 12:25,Store 6,108,Completed,Credit Card,28.75
TXN-11572,30/05/2026 10:22,Store 3,102,Completed,Mobile App,16.79
TXN-11573,20/05/2026 21:20,Store 3,109,Completed,Cash,17.38
TXN-11574,19/05/2026 21:48,Store 3,103,Completed,Mobile App,38.43
TXN-11575,27/05/2026 19:38,Store 6,104,Discount applied,Credit Card,18.78
TXN-11576,25/05/2026 21:44,Store 5,109,Completed,Credit Card,39.26
TXN-11577,15/05/2026 18:05,Store 5,105,Completed,Credit Card,37.37
TXN-11578,06/05/2026 7:56,Store 3,109,Completed,Mobile App,44.23
TXN-11579,07/05/2026 8:10,Store 5,109,Completed,Credit Card,14.25
TXN-11580,21/05/2026 16:33,Store 2,104,Completed,Cash,27.22
TXN-11581,28/05/2026 13:51,Store 6,110,Completed,Cash,16.64
TXN-11582,21/05/2026 17:35,Store 2,101,Completed,Credit Card,37.68
TXN-11583,01/05/2026 23:30,Store 3,103,Refund,Cash,42.97
TXN-11584,24/05/2026 10:45,Store 1,109,Completed,Cash,29.01
TXN-11585,11/05/2026 17:15,Store 6,105,Completed,Cash,33.14
TXN-11586,05/05/2026 11:40,Store 3,104,Refund,Credit Card,12.77
TXN-11587,05/05/2026 18:18,Store 3,106,Completed,Credit Card,9.17
TXN-11588,23/05/2026 14:13,Store 5,105,Completed,Mobile App,35.26
TXN-11589,26/05/2026 15:01,Store 2,102,Completed,Credit Card,29.11
TXN-11590,18/05/2026 17:00,Store 2,105,Completed,Mobile App,36.24
TXN-11591,10/05/2026 14:16,Store 6,100,Completed,Mobile App,10.02
TXN-11592,02/05/2026 12:59,Store 5,105,Completed,Credit Card,32.34
TXN-11593,30/05/2026 20:10,Store 4,102,Completed,Mobile App,10.75
TXN-11594,11/05/2026 8:24,Store 2,110,Discount applied,Cash,17.44
TXN-11595,06/05/2026 11:22,Store 2,107,Completed,Credit Card,23.48
TXN-11596,30/05/2026 18:33,Store 1,100,Completed,Credit Card,7.83
TXN-11597,13/05/2026 9:03,Store 5,105,Completed,Credit Card,10.59
TXN-11598,22/05/2026 21:52,Store 3,103,Completed,Mobile App,32.03
TXN-11599,10/05/2026 16:56,Store 4,105,Completed,Credit Card,22.28
TXN-11600,17/05/2026 19:27,Store 3,103,Completed,Cash,36.93
TXN-11601,21/05/2026 8:49,Store 2,101,Completed,Credit Card,28.7
TXN-11602,12/05/2026 21:44,Store 6,104,Completed,Credit Card,8.35
TXN-11603,08/05/2026 13:39,Store 6,101,Completed,Credit Card,22.68
TXN-11604,24/05/2026 19:42,Store 1,105,Completed,Credit Card,27.05
TXN-11605,22/05/2026 7:26,Store 2,108,Completed,Credit Card,10.52
TXN-11606,15/05/2026 8:03,Store 2,100,Completed,Mobile App,40.99
TXN-11607,17/05/2026 11:37,Store 2,105,Completed,Mobile App,18.94
TXN-11608,22/05/2026 17:45,Store 4,105,Completed,Mobile App,42.9
TXN-11609,26/05/2026 11:00,Store 4,109,Completed,Credit Card,9.68
TXN-11610,01/05/2026 8:30,Store 2,101,Completed,Cash,29.08
TXN-11611,27/05/2026 21:31,Store 1,101,Completed,Credit Card,25.62
TXN-11612,28/05/2026 13:29,Store 6,100,Completed,Mobile App,15.86
TXN-11613,26/05/2026 11:46,Store 6,109,Completed,Credit Card,11.99
TXN-11614,03/05/2026 15:47,Store 6,109,Refund,Credit Card,11.18
TXN-11615,27/05/2026 7:53,Store 5,109,Completed,Cash,12.91
TXN-11616,21/05/2026 15:54,Store 2,107,Completed,Credit Card,33.83
TXN-11617,12/05/2026 10:01,Store 5,109,Completed,Credit Card,21.38
TXN-11618,21/05/2026 11:20,Store 1,110,Completed,Mobile App,17.03
TXN-11619,25/05/2026 21:10,Store 3,103,Void,Cash,41.04
TXN-11620,01/05/2026 10:52,Store 3,100,Completed,Mobile App,37.05
TXN-11621,16/05/2026 11:40,Store 1,100,Refund,Mobile App,19.7
TXN-11622,20/05/2026 21:35,Store 4,100,Completed,Credit Card,30.91
TXN-11623,04/05/2026 15:41,Store 2,109,Void,Credit Card,33.67
TXN-11624,25/05/2026 11:15,Store 1,100,Completed,Mobile App,22.42
TXN-11625,15/05/2026 7:54,Store 1,105,Completed,Mobile App,7.81
TXN-11626,20/05/2026 17:46,Store 5,110,Completed,Credit Card,39.03
TXN-11627,19/05/2026 19:44,Store 4,110,Completed,Mobile App,8.49
TXN-11628,03/05/2026 10:15,Store 3,108,Completed,Cash,19.25
TXN-11629,26/05/2026 9:24,Store 2,109,Completed,Credit Card,10.85
TXN-11630,03/05/2026 17:59,Store 5,102,Completed,Mobile App,14.9
TXN-11631,15/05/2026 9:09,Store 4,100,Completed,Mobile App,36.27
TXN-11632,26/05/2026 20:25,Store 3,103,Completed,Cash,38.45
TXN-11633,23/05/2026 12:48,Store 4,106,Completed,Cash,5.09
TXN-11634,04/05/2026 18:27,Store 6,100,Completed,Mobile App,17.03
TXN-11635,09/05/2026 14:17,Store 4,108,Completed,Credit Card,28.31
TXN-11636,09/05/2026 7:25,Store 4,104,Void,Credit Card,29.3
TXN-11637,13/05/2026 10:45,Store 6,104,Completed,Credit Card,13.35
TXN-11638,08/05/2026 14:59,Store 1,104,Completed,Mobile App,14.19
TXN-11639,17/05/2026 17:28,Store 4,110,Completed,Credit Card,12.22
TXN-11640,01/05/2026 13:02,Store 6,104,Completed,Cash,12.4
TXN-11641,03/05/2026 15:46,Store 6,100,Completed,Credit Card,32.65
TXN-11642,16/05/2026 9:48,Store 6,106,Completed,Cash,6.97
TXN-11643,23/05/2026 17:17,Store 4,105,Completed,Cash,42.16
TXN-11644,04/05/2026 13:06,Store 6,104,Completed,Cash,34.86
TXN-11645,22/05/2026 10:27,Store 4,108,Discount applied,Cash,34.87
TXN-11646,30/05/2026 13:40,Store 6,109,Completed,Credit Card,27.52
TXN-11647,10/05/2026 15:30,Store 5,106,Completed,Mobile App,9.27
TXN-11648,30/05/2026 19:17,Store 4,100,Discount applied,Credit Card,19.3
TXN-11649,17/05/2026 11:33,Store 3,108,Completed,Credit Card,14.17
TXN-11650,09/05/2026 9:35,Store 5,106,Completed,Credit Card,42.38
TXN-11651,20/05/2026 12:30,Store 6,100,Completed,Credit Card,29.21
TXN-11652,16/05/2026 20:09,Store 3,103,Completed,Credit Card,5.84
TXN-11653,24/05/2026 14:48,Store 3,105,Completed,Cash,6.75
TXN-11654,30/05/2026 9:37,Store 6,102,Completed,Credit Card,39.48
TXN-11655,15/05/2026 12:14,Store 5,106,Completed,Mobile App,17.24
TXN-11656,14/05/2026 17:30,Store 6,110,Completed,Cash,27.04
TXN-11657,10/05/2026 8:35,Store 4,104,Completed,Credit Card,18.6
TXN-11658,15/05/2026 13:36,Store 2,100,Completed,Credit Card,19.23
TXN-11659,04/05/2026 12:12,Store 5,104,Completed,Credit Card,44.04
TXN-11660,17/05/2026 21:26,Store 3,103,Completed,Cash,20.97
TXN-11661,22/05/2026 17:35,Store 5,110,Void,Mobile App,11.29
TXN-11662,11/05/2026 10:32,Store 1,102,Completed,Mobile App,24.45
TXN-11663,21/05/2026 8:33,Store 1,100,Void,Cash,28.92
TXN-11664,27/05/2026 10:08,Store 1,108,Completed,Credit Card,43.05
TXN-11665,13/05/2026 21:50,Store 6,106,Completed,Mobile App,26.61
TXN-11666,21/05/2026 20:24,Store 3,103,Completed,Mobile App,18.59
TXN-11667,17/05/2026 21:19,Store 3,103,Void,Cash,26.68
TXN-11668,06/05/2026 19:54,Store 5,106,Void,Credit Card,20.69
TXN-11669,17/05/2026 17:04,Store 3,102,Completed,Credit Card,11.1
TXN-11670,14/05/2026 17:31,Store 6,109,Completed,Credit Card,24.55
TXN-11671,22/05/2026 18:23,Store 6,105,Completed,Credit Card,18.04
TXN-11672,18/05/2026 13:34,Store 2,105,Completed,Credit Card,6.64
TXN-11673,25/05/2026 12:02,Store 1,109,Completed,Credit Card,41.77
TXN-11674,18/05/2026 16:37,Store 5,110,Completed,Credit Card,38.31
TXN-11675,29/05/2026 14:15,Store 1,105,Completed,Mobile App,31.73
TXN-11676,28/05/2026 15:01,Store 6,102,Completed,Mobile App,42.61
TXN-11677,25/05/2026 15:28,Store 1,100,Completed,Credit Card,18.16
TXN-11678,21/05/2026 18:30,Store 6,101,Completed,Mobile App,29.01
TXN-11679,27/05/2026 10:35,Store 2,106,Completed,Cash,36
TXN-11680,29/05/2026 12:20,Store 6,102,Completed,Credit Card,40.58
TXN-11681,21/05/2026 21:02,Store 5,110,Completed,Credit Card,44.45
TXN-11682,12/05/2026 13:02,Store 1,109,Completed,Cash,44.79
TXN-11683,15/05/2026 7:28,Store 2,110,Completed,Mobile App,8.23
TXN-11684,03/05/2026 12:09,Store 2,109,Completed,Mobile App,12.6
TXN-11685,30/05/2026 21:50,Store 3,105,Completed,Credit Card,23.8
TXN-11686,19/05/2026 9:01,Store 1,104,Completed,Credit Card,16.69
TXN-11687,12/05/2026 21:50,Store 1,104,Completed,Cash,14.85
TXN-11688,04/05/2026 11:24,Store 2,109,Completed,Cash,10.7
TXN-11689,26/05/2026 8:19,Store 4,101,Completed,Credit Card,8.89
TXN-11690,19/05/2026 11:46,Store 6,101,Completed,Mobile App,34.69
TXN-11691,26/05/2026 19:53,Store 6,101,Completed,Credit Card,44.72
TXN-11692,08/05/2026 8:46,Store 1,104,Completed,Mobile App,19.78
TXN-11693,18/05/2026 9:07,Store 6,108,Completed,Credit Card,44.3
TXN-11694,04/05/2026 19:52,Store 1,102,Completed,Credit Card,5.18
TXN-11695,24/05/2026 16:05,Store 5,106,Completed,Mobile App,26.11
TXN-11696,02/05/2026 20:31,Store 4,106,Completed,Credit Card,28.44
TXN-11697,29/05/2026 8:28,Store 3,104,Completed,Mobile App,5.05
TXN-11698,01/05/2026 7:04,Store 4,105,Completed,Credit Card,39.08
TXN-11699,22/05/2026 20:22,Store 3,102,Completed,Cash,9.06
TXN-11700,19/05/2026 17:41,Store 2,106,Completed,Mobile App,21.79
TXN-11701,12/05/2026 17:31,Store 1,109,Completed,Credit Card,42.74
TXN-11702,16/05/2026 13:17,Store 2,105,Completed,Cash,25.95
TXN-11703,17/05/2026 11:45,Store 2,107,Completed,Credit Card,11.67
TXN-11704,18/05/2026 21:01,Store 1,104,Completed,Cash,27.36
TXN-11705,30/05/2026 9:55,Store 2,107,Completed,Mobile App,13.82
TXN-11706,19/05/2026 8:19,Store 1,102,Completed,Credit Card,19.85
TXN-11707,02/05/2026 17:31,Store 1,104,Void,Credit Card,22.86
TXN-11708,25/05/2026 11:46,Store 5,108,Completed,Credit Card,30.35
TXN-11709,23/05/2026 17:46,Store 1,102,Completed,Credit Card,39.56
TXN-11710,15/05/2026 10:29,Store 2,108,Completed,Credit Card,9.71
TXN-11711,13/05/2026 14:42,Store 6,101,Completed,Cash,33.93
TXN-11712,11/05/2026 18:53,Store 4,108,Refund,Credit Card,5.86
TXN-11713,04/05/2026 12:24,Store 3,104,Completed,Cash,14.69
TXN-11714,03/05/2026 14:50,Store 2,107,Completed,Mobile App,10.9
TXN-11715,17/05/2026 19:11,Store 6,105,Completed,Credit Card,30.01
TXN-11716,06/05/2026 10:17,Store 2,109,Completed,Credit Card,22.02
TXN-11717,29/05/2026 9:33,Store 6,105,Completed,Credit Card,23.96
TXN-11718,15/05/2026 8:25,Store 2,104,Completed,Mobile App,44.52
TXN-11719,11/05/2026 13:47,Store 5,109,Void,Credit Card,15.52
TXN-11720,19/05/2026 14:23,Store 3,101,Completed,Credit Card,32.91
TXN-11721,16/05/2026 19:17,Store 2,110,Completed,Cash,8.13
TXN-11722,07/05/2026 19:32,Store 3,102,Completed,Cash,11.91
TXN-11723,21/05/2026 7:15,Store 3,109,Completed,Cash,30.51
TXN-11724,06/05/2026 15:05,Store 6,108,Completed,Mobile App,22.61
TXN-11725,26/05/2026 9:01,Store 3,104,Completed,Mobile App,44.8
TXN-11726,24/05/2026 9:24,Store 2,107,Completed,Mobile App,32.16
TXN-11727,05/05/2026 15:48,Store 2,104,Completed,Credit Card,35.57
TXN-11728,22/05/2026 19:56,Store 3,103,Completed,Credit Card,17.88
TXN-11729,05/05/2026 12:33,Store 6,100,Completed,Mobile App,18.25
TXN-11730,20/05/2026 10:59,Store 5,104,Void,Credit Card,8.62
TXN-11731,14/05/2026 18:04,Store 4,105,Completed,Cash,17.6
TXN-11732,03/05/2026 14:46,Store 5,110,Void,Credit Card,34.59
TXN-11733,04/05/2026 21:10,Store 5,102,Completed,Credit Card,8.95
TXN-11734,09/05/2026 12:53,Store 2,110,Completed,Credit Card,35.01
TXN-11735,15/05/2026 11:33,Store 6,106,Completed,Mobile App,18.5
TXN-11736,16/05/2026 7:21,Store 3,110,Completed,Credit Card,6.1
TXN-11737,04/05/2026 16:24,Store 2,107,Completed,Cash,5.97
TXN-11738,23/05/2026 21:24,Store 3,103,Completed,Cash,18.72
TXN-11739,23/05/2026 19:37,Store 1,105,Completed,Credit Card,28.59
TXN-11740,26/05/2026 7:50,Store 4,108,Completed,Mobile App,36.99
TXN-11741,17/05/2026 12:48,Store 2,110,Completed,Credit Card,36.01
TXN-11742,19/05/2026 11:02,Store 1,106,Completed,Credit Card,17.2
TXN-11743,24/05/2026 20:49,Store 3,101,Completed,Mobile App,12.69
TXN-11744,04/05/2026 10:07,Store 4,105,Completed,Mobile App,35.56
TXN-11745,20/05/2026 14:35,Store 3,100,Completed,Mobile App,13.17
TXN-11746,07/05/2026 13:31,Store 2,100,Completed,Cash,39.01
TXN-11747,04/05/2026 11:50,Store 2,107,Completed,Credit Card,8.2
TXN-11748,29/05/2026 16:15,Store 2,108,Completed,Credit Card,38.83
TXN-11749,01/05/2026 7:31,Store 4,101,Completed,Credit Card,11.78
TXN-11750,07/05/2026 8:30,Store 6,106,Completed,Cash,6.25
TXN-11751,18/05/2026 20:51,Store 5,108,Completed,Mobile App,16.11
TXN-11752,27/05/2026 8:27,Store 1,109,Completed,Mobile App,15.21
TXN-11753,01/05/2026 11:12,Store 6,110,Completed,Cash,35.29
TXN-11754,13/05/2026 21:45,Store 3,103,Completed,Credit Card,7.85
TXN-11755,21/05/2026 13:36,Store 3,102,Completed,Mobile App,21.45
TXN-11756,26/05/2026 13:15,Store 3,102,Completed,Cash,28.76
TXN-11757,04/05/2026 14:13,Store 3,106,Completed,Cash,21.92
TXN-11758,19/05/2026 9:31,Store 6,104,Completed,Mobile App,33.96
TXN-11759,14/05/2026 15:53,Store 5,101,Completed,Credit Card,28.29
TXN-11760,12/05/2026 16:38,Store 3,108,Completed,Cash,23.92
TXN-11761,15/05/2026 12:39,Store 6,109,Completed,Credit Card,36.09
TXN-11762,21/05/2026 15:04,Store 5,109,Completed,Cash,8.93
TXN-11763,15/05/2026 21:56,Store 1,109,Void,Mobile App,29.19
TXN-11764,29/05/2026 8:57,Store 6,106,Void,Mobile App,24.98
TXN-11765,05/05/2026 10:04,Store 1,102,Completed,Credit Card,30.04
TXN-11766,28/05/2026 21:20,Store 5,109,Completed,Cash,18.09
TXN-11767,02/05/2026 9:39,Store 2,105,Completed,Mobile App,37.81
TXN-11768,26/05/2026 11:41,Store 6,105,Completed,Mobile App,9.04
TXN-11769,21/05/2026 17:20,Store 6,106,Completed,Cash,19.99
TXN-11770,29/05/2026 21:52,Store 6,108,Completed,Cash,15.44
TXN-11771,30/05/2026 8:07,Store 3,105,Completed,Credit Card,32.5
TXN-11772,14/05/2026 10:50,Store 2,107,Completed,Mobile App,32.79
TXN-11773,18/05/2026 21:36,Store 2,100,Completed,Mobile App,33.88
TXN-11774,24/05/2026 20:17,Store 2,102,Completed,Cash,40.18
TXN-11775,16/05/2026 12:10,Store 4,102,Refund,Credit Card,7.24
TXN-11776,15/05/2026 7:52,Store 3,106,Completed,Credit Card,40.65
TXN-11777,01/05/2026 13:43,Store 4,109,Completed,Credit Card,41.33
TXN-11778,18/05/2026 12:54,Store 3,106,Completed,Credit Card,22.22
TXN-11779,17/05/2026 12:15,Store 1,108,Completed,Credit Card,13.98
TXN-11780,13/05/2026 14:59,Store 6,105,Completed,Mobile App,13.37
TXN-11781,17/05/2026 14:43,Store 4,110,Completed,Mobile App,5.54
TXN-11782,12/05/2026 19:19,Store 4,109,Completed,Credit Card,30.82
TXN-11783,15/05/2026 19:03,Store 3,102,Completed,Credit Card,17.97
TXN-11784,27/05/2026 13:53,Store 4,101,Completed,Credit Card,40.89
TXN-11785,24/05/2026 17:14,Store 5,100,Completed,Mobile App,27.31
TXN-11786,28/05/2026 14:00,Store 6,110,Completed,Mobile App,11.8
TXN-11787,22/05/2026 12:46,Store 2,100,Completed,Credit Card,9.07
TXN-11788,02/05/2026 9:09,Store 2,109,Completed,Credit Card,36.43
TXN-11789,14/05/2026 14:13,Store 4,109,Completed,Credit Card,30.07
TXN-11790,10/05/2026 7:21,Store 5,101,Completed,Mobile App,14.26
TXN-11791,29/05/2026 17:07,Store 3,109,Void,Credit Card,24.01
TXN-11792,08/05/2026 20:19,Store 4,104,Completed,Cash,6.39
TXN-11793,30/05/2026 9:13,Store 5,102,Completed,Credit Card,30.96
TXN-11794,29/05/2026 15:36,Store 1,110,Completed,Credit Card,37.18
TXN-11795,12/05/2026 16:35,Store 6,108,Completed,Credit Card,17.79
TXN-11796,11/05/2026 13:48,Store 4,110,Completed,Credit Card,32.57
TXN-11797,18/05/2026 13:20,Store 5,105,Completed,Cash,42.67
TXN-11798,23/05/2026 10:22,Store 2,101,Completed,Credit Card,16.95
TXN-11799,10/05/2026 17:06,Store 6,110,Refund,Credit Card,23.18
TXN-11800,22/05/2026 11:54,Store 6,104,Completed,Credit Card,23.23
TXN-11801,03/05/2026 13:38,Store 6,108,Completed,Mobile App,16.75
TXN-11802,10/05/2026 13:46,Store 6,105,Completed,Cash,31.2
TXN-11803,01/05/2026 13:23,Store 6,101,Completed,Credit Card,18.05
TXN-11804,27/05/2026 13:50,Store 2,100,Completed,Credit Card,31.69
TXN-11805,19/05/2026 8:52,Store 5,104,Refund,Cash,22.26
TXN-11806,17/05/2026 14:09,Store 5,106,Completed,Mobile App,13.65
TXN-11807,08/05/2026 15:29,Store 3,104,Completed,Cash,39.29
TXN-11808,09/05/2026 18:38,Store 5,105,Completed,Credit Card,37.16
TXN-11809,12/05/2026 9:57,Store 5,104,Completed,Credit Card,44.9
TXN-11810,20/05/2026 19:06,Store 4,108,Completed,Credit Card,41.23
TXN-11811,11/05/2026 14:32,Store 6,104,Completed,Mobile App,11.67
TXN-11812,02/05/2026 13:06,Store 2,102,Completed,Credit Card,28.06
TXN-11813,22/05/2026 14:15,Store 3,100,Completed,Credit Card,8.23
TXN-11814,10/05/2026 17:19,Store 2,102,Void,Credit Card,29.17
TXN-11815,17/05/2026 7:42,Store 5,106,Completed,Credit Card,31.79
TXN-11816,28/05/2026 14:48,Store 2,108,Completed,Cash,6.08
TXN-11817,14/05/2026 17:07,Store 3,103,Completed,Cash,30.35
TXN-11818,14/05/2026 21:03,Store 3,103,Completed,Cash,12.74
TXN-11819,15/05/2026 16:23,Store 6,102,Completed,Cash,43.22
TXN-11820,15/05/2026 18:56,Store 1,104,Completed,Credit Card,27.42
TXN-11821,29/05/2026 14:07,Store 3,108,Void,Credit Card,15.4
TXN-11822,29/05/2026 8:01,Store 2,105,Completed,Credit Card,44.32
TXN-11823,25/05/2026 13:04,Store 1,109,Refund,Credit Card,13.15
TXN-11824,23/05/2026 14:41,Store 6,109,Completed,Cash,23.55
TXN-11825,22/05/2026 13:08,Store 4,110,Completed,Cash,7.35
TXN-11826,09/05/2026 21:29,Store 5,104,Completed,Mobile App,10.91
TXN-11827,13/05/2026 13:26,Store 1,104,Discount applied,Mobile App,17.36
TXN-11828,30/05/2026 11:55,Store 4,108,Completed,Credit Card,28.44
TXN-11829,18/05/2026 11:11,Store 4,109,Refund,Credit Card,12.25
TXN-11830,23/05/2026 20:39,Store 6,110,Completed,Credit Card,15.07
TXN-11831,12/05/2026 14:26,Store 4,110,Completed,Mobile App,21.88
TXN-11832,21/05/2026 17:55,Store 3,103,Completed,Cash,8.48
TXN-11833,14/05/2026 14:51,Store 6,101,Completed,Cash,18.87
TXN-11834,17/05/2026 22:11,Store 3,103,Void,Cash,39.17
TXN-11835,05/05/2026 15:01,Store 1,100,Completed,Credit Card,39.43
TXN-11836,25/05/2026 21:51,Store 3,103,Completed,Credit Card,36.96
TXN-11837,04/05/2026 10:18,Store 6,104,Completed,Cash,34.76
TXN-11838,28/05/2026 21:40,Store 3,103,Completed,Credit Card,20.37
TXN-11839,03/05/2026 16:51,Store 4,100,Completed,Mobile App,16.78
TXN-11840,10/05/2026 11:59,Store 6,109,Completed,Cash,36.83
TXN-11841,22/05/2026 16:28,Store 2,106,Completed,Credit Card,20.27
TXN-11842,05/05/2026 16:44,Store 2,107,Completed,Mobile App,37.08
TXN-11843,08/05/2026 12:08,Store 6,108,Completed,Cash,23.33
TXN-11844,07/05/2026 21:18,Store 4,110,Completed,Credit Card,15.64
TXN-11845,09/05/2026 14:46,Store 5,110,Completed,Credit Card,24.72
TXN-11846,01/05/2026 13:25,Store 6,109,Completed,Cash,35.5
TXN-11847,08/05/2026 8:36,Store 6,102,Void,Credit Card,20.66
TXN-11848,08/05/2026 15:15,Store 6,109,Completed,Credit Card,23.76
TXN-11849,12/05/2026 18:51,Store 4,108,Completed,Cash,44.22
TXN-11850,11/05/2026 14:57,Store 2,107,Discount applied,Cash,34.78
TXN-11851,26/05/2026 16:53,Store 5,101,Completed,Credit Card,30.22
TXN-11852,05/05/2026 8:05,Store 5,108,Completed,Mobile App,10.87
TXN-11853,11/05/2026 8:43,Store 6,108,Completed,Credit Card,38.46
TXN-11854,21/05/2026 10:12,Store 5,106,Completed,Mobile App,16.3
TXN-11855,27/05/2026 14:28,Store 2,107,Completed,Cash,30.61
TXN-11856,22/05/2026 18:24,Store 3,103,Completed,Credit Card,19.13
TXN-11857,04/05/2026 21:08,Store 3,103,Completed,Cash,39.19
TXN-11858,29/05/2026 16:02,Store 4,105,Completed,Credit Card,16.2
TXN-11859,03/05/2026 17:32,Store 3,103,Completed,Credit Card,6.62
TXN-11860,27/05/2026 16:10,Store 5,106,Completed,Mobile App,18.06
TXN-11861,22/05/2026 19:19,Store 2,102,Completed,Cash,5.82
TXN-11862,06/05/2026 13:12,Store 1,106,Completed,Credit Card,38.64
TXN-11863,13/05/2026 15:04,Store 1,108,Completed,Cash,43.52
TXN-11864,26/05/2026 9:18,Store 2,107,Completed,Mobile App,32.52
TXN-11865,18/05/2026 8:00,Store 6,102,Completed,Credit Card,31.79
TXN-11866,07/05/2026 17:51,Store 4,109,Completed,Cash,21.55
TXN-11867,12/05/2026 18:00,Store 1,109,Completed,Credit Card,38.87
TXN-11868,15/05/2026 13:10,Store 2,106,Completed,Credit Card,13.02
TXN-11869,29/05/2026 9:51,Store 6,108,Completed,Credit Card,7.04
TXN-11870,27/05/2026 16:37,Store 1,110,Completed,Cash,25.84
TXN-11871,04/05/2026 19:13,Store 2,102,Completed,Cash,28.8
TXN-11872,01/05/2026 18:35,Store 5,100,Completed,Mobile App,39.45
TXN-11873,25/05/2026 12:28,Store 3,109,Completed,Credit Card,37.22
TXN-11874,10/05/2026 17:11,Store 1,110,Completed,Cash,15.02
TXN-11875,04/05/2026 14:08,Store 1,102,Completed,Cash,35.81
TXN-11876,18/05/2026 16:56,Store 3,108,Void,Cash,24.06
TXN-11877,22/05/2026 15:34,Store 1,106,Completed,Mobile App,14.03
TXN-11878,21/05/2026 13:59,Store 6,100,Completed,Cash,12.42
TXN-11879,27/05/2026 7:02,Store 6,108,Completed,Cash,41.88
TXN-11880,12/05/2026 8:50,Store 1,110,Discount applied,Credit Card,18.86
TXN-11881,25/05/2026 20:19,Store 1,104,Completed,Cash,29.48
TXN-11882,27/05/2026 18:54,Store 5,104,Completed,Cash,16.4
TXN-11883,27/05/2026 21:00,Store 1,101,Discount applied,Cash,33.59
TXN-11884,03/05/2026 19:45,Store 1,108,Completed,Credit Card,35.64
TXN-11885,21/05/2026 12:33,Store 4,109,Completed,Credit Card,18.63
TXN-11886,26/05/2026 14:40,Store 1,100,Void,Cash,29.37
TXN-11887,25/05/2026 20:44,Store 3,100,Void,Mobile App,20.34
TXN-11888,21/05/2026 19:19,Store 6,102,Completed,Credit Card,41.02
TXN-11889,18/05/2026 9:34,Store 6,100,Completed,Credit Card,17.84
TXN-11890,04/05/2026 11:43,Store 6,109,Completed,Credit Card,10.92
TXN-11891,13/05/2026 10:35,Store 6,101,Completed,Credit Card,25.33
TXN-11892,13/05/2026 13:24,Store 1,101,Completed,Credit Card,5.38
TXN-11893,19/05/2026 12:54,Store 3,102,Completed,Cash,36.49
TXN-11894,02/05/2026 9:45,Store 3,106,Completed,Cash,41.04
TXN-11895,17/05/2026 21:08,Store 2,104,Completed,Mobile App,21.88
TXN-11896,06/05/2026 13:55,Store 6,110,Completed,Cash,20.74
TXN-11897,13/05/2026 11:00,Store 5,105,Completed,Credit Card,43.08
TXN-11898,25/05/2026 23:36,Store 3,103,Void,Cash,30.05
TXN-11899,19/05/2026 21:43,Store 4,102,Completed,Mobile App,12.67
TXN-11900,14/05/2026 7:54,Store 3,109,Completed,Credit Card,37.88
TXN-11901,09/05/2026 13:35,Store 4,100,Completed,Credit Card,8.49
TXN-11902,22/05/2026 21:30,Store 5,101,Completed,Credit Card,6.56
TXN-11903,20/05/2026 16:59,Store 2,104,Completed,Cash,5.9
TXN-11904,05/05/2026 13:36,Store 2,105,Completed,Credit Card,17.81
TXN-11905,12/05/2026 8:25,Store 2,110,Completed,Credit Card,25.85
TXN-11906,26/05/2026 15:27,Store 3,104,Completed,Credit Card,38.7
TXN-11907,14/05/2026 15:45,Store 5,102,Completed,Cash,23.88
TXN-11908,13/05/2026 16:20,Store 1,108,Void,Credit Card,24.64
TXN-11909,14/05/2026 18:25,Store 5,106,Completed,Credit Card,8.25
TXN-11910,08/05/2026 9:45,Store 2,108,Completed,Credit Card,15.58
TXN-11911,04/05/2026 18:03,Store 6,101,Completed,Cash,10.91
TXN-11912,04/05/2026 7:14,Store 3,102,Completed,Credit Card,43.7
TXN-11913,08/05/2026 11:41,Store 6,110,Completed,Mobile App,13.99
TXN-11914,25/05/2026 7:12,Store 2,109,Completed,Credit Card,8.15
TXN-11915,21/05/2026 10:19,Store 2,104,Completed,Credit Card,16.41
TXN-11916,03/05/2026 18:55,Store 3,103,Completed,Mobile App,32.57
TXN-11917,20/05/2026 17:57,Store 4,110,Completed,Credit Card,7.96
TXN-11918,16/05/2026 14:34,Store 3,108,Completed,Credit Card,32.87
TXN-11919,15/05/2026 13:26,Store 4,109,Completed,Credit Card,15.92
TXN-11920,18/05/2026 18:54,Store 3,110,Refund,Credit Card,21.4
TXN-11921,30/05/2026 16:53,Store 2,107,Completed,Mobile App,27.7
TXN-11922,01/05/2026 12:39,Store 3,108,Completed,Mobile App,16.53
TXN-11923,30/05/2026 14:16,Store 2,107,Completed,Cash,24.53
TXN-11924,24/05/2026 16:36,Store 2,102,Completed,Cash,36.77
TXN-11925,19/05/2026 13:16,Store 3,105,Completed,Mobile App,17.24
TXN-11926,04/05/2026 20:11,Store 5,102,Completed,Mobile App,10.08
TXN-11927,14/05/2026 15:36,Store 5,105,Completed,Credit Card,16.67
TXN-11928,01/05/2026 21:59,Store 3,105,Completed,Cash,21.8
TXN-11929,17/05/2026 15:40,Store 3,104,Void,Cash,17.22
TXN-11930,29/05/2026 9:57,Store 5,109,Refund,Cash,24.25
TXN-11931,07/05/2026 13:56,Store 5,106,Completed,Credit Card,11.53
TXN-11932,12/05/2026 20:54,Store 4,106,Completed,Credit Card,35.53
TXN-11933,10/05/2026 8:00,Store 4,106,Completed,Credit Card,23.65
TXN-11934,29/05/2026 12:01,Store 4,105,Completed,Credit Card,17.44
TXN-11935,20/05/2026 8:04,Store 6,106,Completed,Credit Card,14.43
TXN-11936,16/05/2026 11:05,Store 4,104,Completed,Credit Card,6.39
TXN-11937,25/05/2026 17:51,Store 3,101,Completed,Mobile App,44.28
TXN-11938,10/05/2026 12:48,Store 1,100,Completed,Credit Card,15.88
TXN-11939,25/05/2026 14:39,Store 2,104,Completed,Mobile App,12.52
TXN-11940,02/05/2026 13:30,Store 3,110,Completed,Credit Card,38.15
TXN-11941,22/05/2026 16:37,Store 1,108,Completed,Cash,12.65
TXN-11942,01/05/2026 12:52,Store 4,102,Void,Mobile App,33.57
TXN-11943,26/05/2026 17:30,Store 3,108,Refund,Cash,20.88
TXN-11944,15/05/2026 17:45,Store 3,103,Completed,Credit Card,24.63
TXN-11945,11/05/2026 20:12,Store 1,100,Completed,Credit Card,43.35
TXN-11946,21/05/2026 15:19,Store 6,106,Completed,Cash,20.47
TXN-11947,07/05/2026 7:12,Store 1,108,Completed,Mobile App,14.95
TXN-11948,13/05/2026 14:33,Store 4,104,Completed,Mobile App,25.22
TXN-11949,16/05/2026 21:25,Store 5,100,Completed,Cash,28.97
TXN-11950,08/05/2026 8:06,Store 2,101,Completed,Credit Card,34.02
TXN-11951,16/05/2026 10:20,Store 6,109,Completed,Credit Card,31.34
TXN-11952,05/05/2026 11:07,Store 1,102,Completed,Credit Card,15.89
TXN-11953,28/05/2026 13:22,Store 3,109,Completed,Credit Card,13.04
TXN-11954,16/05/2026 19:25,Store 3,103,Completed,Credit Card,27.86
TXN-11955,29/05/2026 11:10,Store 6,102,Completed,Credit Card,32.67
TXN-11956,04/05/2026 14:03,Store 4,105,Completed,Mobile App,11.94
TXN-11957,28/05/2026 10:58,Store 6,104,Completed,Mobile App,34.79
TXN-11958,20/05/2026 14:10,Store 5,100,Completed,Credit Card,25.94
TXN-11959,02/05/2026 11:26,Store 4,109,Completed,Cash,25.69
TXN-11960,20/05/2026 7:44,Store 6,102,Completed,Cash,28.04
TXN-11961,07/05/2026 12:01,Store 5,109,Refund,Cash,5.44
TXN-11962,20/05/2026 13:09,Store 2,107,Completed,Credit Card,38.26
TXN-11963,08/05/2026 9:57,Store 2,108,Completed,Credit Card,20.39
TXN-11964,08/05/2026 13:00,Store 6,110,Completed,Credit Card,28.07
TXN-11965,06/05/2026 8:11,Store 2,106,Completed,Mobile App,27.44
TXN-11966,07/05/2026 17:36,Store 3,103,Completed,Mobile App,18.36
TXN-11967,07/05/2026 16:44,Store 2,102,Completed,Credit Card,35.56
TXN-11968,18/05/2026 10:32,Store 3,100,Completed,Cash,38.85
TXN-11969,17/05/2026 21:11,Store 5,110,Completed,Cash,38.09
TXN-11970,21/05/2026 15:01,Store 4,108,Completed,Credit Card,28.55
TXN-11971,11/05/2026 8:53,Store 4,100,Completed,Mobile App,15.66
TXN-11972,25/05/2026 10:37,Store 4,108,Completed,Credit Card,43.16
TXN-11973,01/05/2026 8:19,Store 1,100,Completed,Credit Card,9.74
TXN-11974,07/05/2026 7:13,Store 4,109,Refund,Mobile App,18.67
TXN-11975,23/05/2026 18:14,Store 3,103,Completed,Mobile App,8.84
TXN-11976,27/05/2026 12:23,Store 2,109,Completed,Mobile App,30.93
TXN-11977,05/05/2026 19:12,Store 1,102,Completed,Cash,27
TXN-11978,26/05/2026 8:22,Store 1,109,Completed,Credit Card,39.5
TXN-11979,05/05/2026 21:02,Store 3,103,Void,Cash,34.8
TXN-11980,07/05/2026 17:18,Store 1,109,Completed,Mobile App,38.99
TXN-11981,01/05/2026 18:21,Store 3,103,Completed,Mobile App,27.89
TXN-11982,27/05/2026 18:31,Store 3,103,Completed,Credit Card,18.41
TXN-11983,27/05/2026 10:03,Store 3,110,Completed,Cash,24.54
TXN-11984,29/05/2026 8:06,Store 2,100,Completed,Mobile App,25.33
TXN-11985,03/05/2026 16:09,Store 6,104,Completed,Cash,12.13
TXN-11986,02/05/2026 15:45,Store 5,106,Refund,Cash,24.84
TXN-11987,08/05/2026 9:09,Store 4,104,Completed,Cash,9.05
TXN-11988,25/05/2026 9:49,Store 4,108,Completed,Mobile App,14.54
TXN-11989,20/05/2026 14:24,Store 2,105,Completed,Cash,16.47
TXN-11990,16/05/2026 10:14,Store 2,107,Completed,Mobile App,29.92
TXN-11991,22/05/2026 15:43,Store 5,109,Completed,Credit Card,27.49
TXN-11992,02/05/2026 15:37,Store 3,105,Void,Mobile App,23.78
TXN-11993,26/05/2026 19:03,Store 6,104,Void,Credit Card,10.54
TXN-11994,03/05/2026 11:49,Store 5,104,Completed,Credit Card,5.87
TXN-11995,02/05/2026 21:19,Store 3,103,Completed,Mobile App,17.98
TXN-11996,06/05/2026 12:43,Store 6,104,Completed,Cash,40.99
TXN-11997,12/05/2026 20:13,Store 4,109,Completed,Mobile App,8
TXN-11998,30/05/2026 10:23,Store 4,106,Completed,Credit Card,39.56
TXN-11999,25/05/2026 11:34,Store 2,108,Completed,Credit Card,29.7
TXN-12000,22/05/2026 16:37,Store 6,100,Completed,Mobile App,27.72
TXN-12001,09/05/2026 19:36,Store 1,110,Completed,Cash,26.65
TXN-12002,08/05/2026 14:10,Store 2,107,Completed,Cash,27.96
TXN-12003,19/05/2026 12:28,Store 6,109,Void,Cash,16.13
TXN-12004,07/05/2026 10:16,Store 6,110,Completed,Credit Card,14.02
TXN-12005,29/05/2026 8:27,Store 3,105,Completed,Credit Card,26.27
TXN-12006,10/05/2026 16:58,Store 2,108,Completed,Cash,10.69
TXN-12007,23/05/2026 14:40,Store 6,109,Completed,Cash,33.64
TXN-12008,22/05/2026 15:18,Store 2,107,Refund,Cash,38.5
TXN-12009,26/05/2026 16:59,Store 4,104,Completed,Credit Card,36.62
TXN-12010,28/05/2026 14:49,Store 2,107,Completed,Cash,32.58
TXN-12011,30/05/2026 18:36,Store 4,108,Completed,Credit Card,36.84
TXN-12012,26/05/2026 20:01,Store 6,108,Completed,Credit Card,23.22
TXN-12013,04/05/2026 12:01,Store 3,104,Completed,Credit Card,39.01
TXN-12014,29/05/2026 9:15,Store 1,108,Completed,Credit Card,17.51
TXN-12015,07/05/2026 19:30,Store 3,103,Completed,Credit Card,30.39
TXN-12016,20/05/2026 9:23,Store 3,109,Completed,Credit Card,10.25
TXN-12017,26/05/2026 14:05,Store 6,106,Completed,Mobile App,31.86
TXN-12018,04/05/2026 15:12,Store 1,110,Completed,Credit Card,35.25
TXN-12019,18/05/2026 15:56,Store 1,109,Completed,Cash,14.69
TXN-12020,21/05/2026 11:06,Store 2,102,Completed,Credit Card,23.25
TXN-12021,02/05/2026 17:53,Store 3,105,Completed,Mobile App,40.12
TXN-12022,23/05/2026 17:14,Store 5,110,Completed,Credit Card,43.82
TXN-12023,09/05/2026 10:09,Store 1,110,Completed,Credit Card,10.49
TXN-12024,21/05/2026 14:26,Store 1,109,Completed,Credit Card,26.7
TXN-12025,29/05/2026 11:52,Store 1,106,Completed,Credit Card,14.42
TXN-12026,11/05/2026 8:09,Store 5,100,Completed,Credit Card,38.5
TXN-12027,19/05/2026 21:51,Store 1,102,Completed,Mobile App,16.71
TXN-12028,12/05/2026 11:21,Store 6,102,Completed,Credit Card,24.32
TXN-12029,08/05/2026 8:42,Store 2,109,Completed,Mobile App,19.76
TXN-12030,28/05/2026 9:51,Store 3,110,Completed,Cash,20.04
TXN-12031,01/05/2026 16:32,Store 2,101,Completed,Credit Card,31.25
TXN-12032,02/05/2026 12:11,Store 3,104,Completed,Credit Card,22.01
TXN-12033,01/05/2026 11:29,Store 4,101,Completed,Mobile App,39.93
TXN-12034,13/05/2026 12:09,Store 6,102,Completed,Credit Card,16.59
TXN-12035,28/05/2026 15:17,Store 3,101,Completed,Mobile App,29.56
TXN-12036,25/05/2026 20:28,Store 3,108,Completed,Credit Card,30.13
TXN-12037,09/05/2026 15:50,Store 6,105,Completed,Cash,30.34
TXN-12038,30/05/2026 20:23,Store 5,102,Completed,Cash,35.06
TXN-12039,10/05/2026 18:43,Store 2,109,Completed,Credit Card,22.7
TXN-12040,25/05/2026 9:50,Store 5,100,Completed,Cash,23.41
TXN-12041,16/05/2026 9:04,Store 2,107,Completed,Cash,9.45
TXN-12042,28/05/2026 8:50,Store 4,106,Completed,Credit Card,22.19
TXN-12043,13/05/2026 19:58,Store 6,100,Completed,Cash,6.33
TXN-12044,06/05/2026 11:51,Store 6,109,Completed,Credit Card,33.67
TXN-12045,21/05/2026 18:54,Store 3,103,Completed,Mobile App,11.61
TXN-12046,04/05/2026 14:59,Store 1,101,Completed,Credit Card,16.3
TXN-12047,16/05/2026 10:31,Store 6,100,Completed,Credit Card,44.21
TXN-12048,20/05/2026 8:56,Store 4,108,Completed,Credit Card,6.8
TXN-12049,11/05/2026 21:44,Store 1,108,Completed,Credit Card,36.15
TXN-12050,03/05/2026 16:08,Store 5,102,Completed,Credit Card,23.27
TXN-12051,17/05/2026 13:15,Store 3,102,Completed,Credit Card,7.67
TXN-12052,16/05/2026 14:49,Store 3,109,Completed,Cash,19.48
TXN-12053,13/05/2026 16:17,Store 2,105,Completed,Mobile App,37.5
TXN-12054,13/05/2026 11:15,Store 1,101,Completed,Credit Card,6.7
TXN-12055,30/05/2026 10:19,Store 5,105,Completed,Credit Card,31.83
TXN-12056,12/05/2026 17:00,Store 3,103,Completed,Cash,19.23
TXN-12057,18/05/2026 13:01,Store 2,100,Completed,Mobile App,39.29
TXN-12058,30/05/2026 14:04,Store 6,105,Completed,Mobile App,8.43
TXN-12059,10/05/2026 18:54,Store 3,109,Completed,Cash,17.39
TXN-12060,18/05/2026 8:19,Store 4,110,Completed,Cash,34.04
TXN-12061,12/05/2026 13:27,Store 2,107,Completed,Credit Card,22.95
TXN-12062,12/05/2026 20:55,Store 6,104,Completed,Cash,12.92
TXN-12063,12/05/2026 14:28,Store 6,105,Completed,Mobile App,6.39
TXN-12064,20/05/2026 21:39,Store 5,108,Completed,Credit Card,11.22
TXN-12065,18/05/2026 13:43,Store 3,110,Completed,Mobile App,32.73
TXN-12066,23/05/2026 12:26,Store 6,109,Completed,Credit Card,30.25
TXN-12067,29/05/2026 21:54,Store 3,103,Void,Cash,20
TXN-12068,04/05/2026 20:12,Store 3,103,Completed,Credit Card,32.69
TXN-12069,26/05/2026 16:40,Store 2,107,Discount applied,Cash,27.94
TXN-12070,15/05/2026 18:24,Store 2,110,Completed,Mobile App,10.98
TXN-12071,30/05/2026 20:46,Store 5,101,Completed,Credit Card,41.06
TXN-12072,05/05/2026 8:58,Store 2,102,Completed,Credit Card,25.85
TXN-12073,20/05/2026 17:18,Store 2,106,Void,Cash,21.2
TXN-12074,12/05/2026 20:12,Store 5,101,Completed,Cash,7.04
TXN-12075,14/05/2026 17:50,Store 6,101,Completed,Mobile App,10.94
TXN-12076,20/05/2026 12:22,Store 6,105,Completed,Credit Card,10.63
TXN-12077,06/05/2026 19:42,Store 2,104,Completed,Credit Card,44.73
TXN-12078,26/05/2026 20:17,Store 3,103,Completed,Mobile App,30.87
TXN-12079,20/05/2026 16:06,Store 5,102,Void,Cash,30.73
TXN-12080,30/05/2026 19:45,Store 4,105,Completed,Credit Card,42.98
TXN-12081,28/05/2026 14:08,Store 5,108,Completed,Credit Card,12.13
TXN-12082,20/05/2026 11:40,Store 2,105,Completed,Mobile App,30.81
TXN-12083,21/05/2026 20:59,Store 3,103,Completed,Credit Card,12.83
TXN-12084,14/05/2026 11:12,Store 3,110,Completed,Cash,5.28
TXN-12085,17/05/2026 9:11,Store 1,105,Completed,Cash,15.41
TXN-12086,22/05/2026 20:26,Store 5,110,Completed,Credit Card,12.95
TXN-12087,30/05/2026 20:00,Store 4,106,Completed,Credit Card,36.04
TXN-12088,22/05/2026 8:08,Store 5,100,Completed,Credit Card,40.47
TXN-12089,17/05/2026 13:07,Store 1,102,Completed,Cash,30.15
TXN-12090,15/05/2026 8:50,Store 3,101,Completed,Credit Card,37.91
TXN-12091,16/05/2026 7:41,Store 3,108,Completed,Credit Card,35.04
TXN-12092,08/05/2026 15:05,Store 3,106,Completed,Cash,27.44
TXN-12093,01/05/2026 17:46,Store 1,110,Completed,Credit Card,28.42
TXN-12094,13/05/2026 9:23,Store 2,110,Completed,Credit Card,34.94
TXN-12095,04/05/2026 20:02,Store 3,105,Completed,Credit Card,38.13
TXN-12096,24/05/2026 13:38,Store 3,105,Completed,Credit Card,13.46
TXN-12097,30/05/2026 21:43,Store 4,109,Completed,Credit Card,32.11
TXN-12098,22/05/2026 18:49,Store 6,101,Void,Mobile App,20.6
TXN-12099,02/05/2026 21:22,Store 1,108,Completed,Mobile App,28.32
TXN-12100,11/05/2026 17:15,Store 4,101,Completed,Mobile App,10.2
TXN-12101,13/05/2026 7:22,Store 3,104,Completed,Cash,27.6
TXN-12102,18/05/2026 13:14,Store 1,102,Refund,Credit Card,24.3
TXN-12103,23/05/2026 21:02,Store 5,102,Completed,Credit Card,25.63
TXN-12104,27/05/2026 16:05,Store 2,101,Completed,Mobile App,28.29
TXN-12105,23/05/2026 9:16,Store 4,109,Completed,Cash,36.52
TXN-12106,17/05/2026 9:46,Store 2,108,Completed,Credit Card,26.35
TXN-12107,05/05/2026 8:18,Store 2,101,Completed,Mobile App,14.34
TXN-12108,01/05/2026 18:27,Store 5,106,Completed,Mobile App,43.71
TXN-12109,24/05/2026 21:42,Store 5,106,Completed,Cash,34.32
TXN-12110,25/05/2026 9:21,Store 4,110,Completed,Credit Card,13.77
TXN-12111,22/05/2026 18:05,Store 5,110,Completed,Credit Card,6.64
TXN-12112,15/05/2026 21:58,Store 6,108,Completed,Cash,18.11
TXN-12113,09/05/2026 12:06,Store 2,109,Completed,Cash,18.53
TXN-12114,13/05/2026 14:36,Store 6,100,Completed,Mobile App,6.34
TXN-12115,10/05/2026 10:13,Store 4,109,Discount applied,Credit Card,17.56
TXN-12116,26/05/2026 7:19,Store 5,100,Completed,Credit Card,17.63
TXN-12117,11/05/2026 8:45,Store 6,110,Completed,Mobile App,29.33
TXN-12118,16/05/2026 15:23,Store 5,100,Completed,Credit Card,26.83
TXN-12119,20/05/2026 10:09,Store 6,110,Completed,Credit Card,43.14
TXN-12120,15/05/2026 15:21,Store 3,106,Completed,Credit Card,18.7
TXN-12121,16/05/2026 11:59,Store 2,107,Completed,Mobile App,23.91
TXN-12122,03/05/2026 20:48,Store 6,102,Completed,Mobile App,32.32
TXN-12123,26/05/2026 7:16,Store 3,109,Completed,Credit Card,20.55
TXN-12124,23/05/2026 17:00,Store 6,109,Completed,Mobile App,40.74
TXN-12125,08/05/2026 19:51,Store 5,104,Completed,Cash,10.53
TXN-12126,20/05/2026 15:03,Store 6,105,Completed,Cash,26.34
TXN-12127,26/05/2026 19:14,Store 1,100,Completed,Cash,26.5
TXN-12128,21/05/2026 19:52,Store 6,104,Completed,Credit Card,8.05
TXN-12129,03/05/2026 7:19,Store 2,109,Completed,Credit Card,8.75
TXN-12130,28/05/2026 17:56,Store 5,100,Refund,Mobile App,7.61
TXN-12131,28/05/2026 17:32,Store 4,101,Refund,Cash,12.47
TXN-12132,26/05/2026 9:47,Store 2,101,Completed,Mobile App,16.43
TXN-12133,20/05/2026 21:21,Store 3,103,Completed,Mobile App,16.25
TXN-12134,26/05/2026 15:18,Store 5,110,Completed,Credit Card,12.75
TXN-12135,12/05/2026 13:01,Store 5,110,Completed,Cash,22.18
TXN-12136,23/05/2026 16:16,Store 6,100,Completed,Mobile App,24.47
TXN-12137,04/05/2026 8:21,Store 4,108,Completed,Credit Card,27.44
TXN-12138,29/05/2026 11:11,Store 1,101,Discount applied,Credit Card,6.34
TXN-12139,22/05/2026 9:24,Store 4,108,Completed,Cash,37.57
TXN-12140,24/05/2026 12:42,Store 2,107,Completed,Cash,35.85
TXN-12141,13/05/2026 7:36,Store 2,108,Completed,Credit Card,17.68
TXN-12142,04/05/2026 7:06,Store 5,105,Completed,Mobile App,37.2
TXN-12143,10/05/2026 11:54,Store 1,105,Completed,Credit Card,20.43
TXN-12144,04/05/2026 10:10,Store 5,105,Completed,Cash,40.77
TXN-12145,11/05/2026 20:22,Store 3,103,Completed,Mobile App,23.64
TXN-12146,23/05/2026 11:42,Store 4,100,Completed,Cash,6.17
TXN-12147,05/05/2026 16:40,Store 2,109,Completed,Credit Card,18.89
TXN-12148,21/05/2026 11:46,Store 1,108,Completed,Credit Card,31.22
TXN-12149,01/05/2026 13:57,Store 2,107,Discount applied,Cash,17.41
TXN-12150,14/05/2026 9:03,Store 4,106,Completed,Mobile App,13.63
TXN-12151,22/05/2026 8:20,Store 2,106,Completed,Cash,17.23
TXN-12152,15/05/2026 21:46,Store 2,109,Completed,Credit Card,40.28
TXN-12153,15/05/2026 14:14,Store 1,102,Completed,Cash,20
TXN-12154,06/05/2026 21:24,Store 1,100,Completed,Cash,35.24
TXN-12155,01/05/2026 10:10,Store 3,106,Completed,Credit Card,7.92
TXN-12156,12/05/2026 10:11,Store 5,110,Completed,Credit Card,23.72
TXN-12157,02/05/2026 7:55,Store 4,110,Completed,Credit Card,33.46
TXN-12158,22/05/2026 14:25,Store 4,102,Completed,Credit Card,42.68
TXN-12159,24/05/2026 14:12,Store 3,105,Completed,Mobile App,15.88
TXN-12160,07/05/2026 11:10,Store 2,104,Completed,Credit Card,42.45
TXN-12161,14/05/2026 10:47,Store 1,109,Completed,Mobile App,39.93
TXN-12162,15/05/2026 7:47,Store 6,106,Completed,Cash,35.66
TXN-12163,13/05/2026 13:03,Store 2,108,Completed,Cash,20.89
TXN-12164,01/05/2026 11:28,Store 4,102,Completed,Credit Card,41.6
TXN-12165,19/05/2026 13:15,Store 1,109,Completed,Mobile App,18.5
TXN-12166,09/05/2026 13:02,Store 6,108,Completed,Credit Card,8.14
TXN-12167,26/05/2026 9:41,Store 2,108,Completed,Credit Card,14.94
TXN-12168,26/05/2026 20:50,Store 4,102,Completed,Credit Card,31.46
TXN-12169,10/05/2026 19:10,Store 6,105,Completed,Cash,18.77
TXN-12170,25/05/2026 14:16,Store 2,100,Completed,Credit Card,38.37
TXN-12171,14/05/2026 16:46,Store 1,106,Completed,Mobile App,23.13
TXN-12172,28/05/2026 20:33,Store 6,108,Completed,Cash,7.6
TXN-12173,09/05/2026 11:56,Store 5,105,Completed,Cash,27.9
TXN-12174,08/05/2026 20:06,Store 3,103,Completed,Mobile App,29.2
TXN-12175,23/05/2026 18:42,Store 6,102,Completed,Cash,31.54
TXN-12176,29/05/2026 11:13,Store 1,105,Completed,Cash,5.08
TXN-12177,16/05/2026 16:50,Store 1,108,Completed,Cash,6.1
TXN-12178,15/05/2026 19:48,Store 5,110,Completed,Mobile App,22.66
TXN-12179,02/05/2026 16:55,Store 2,102,Completed,Mobile App,15.61
TXN-12180,03/05/2026 20:11,Store 3,104,Completed,Credit Card,35.61
TXN-12181,04/05/2026 13:50,Store 2,105,Void,Mobile App,27.56
TXN-12182,14/05/2026 8:44,Store 4,110,Completed,Credit Card,5.48
TXN-12183,10/05/2026 18:40,Store 3,103,Completed,Cash,18.43
TXN-12184,25/05/2026 17:24,Store 5,108,Completed,Credit Card,14.97
TXN-12185,20/05/2026 19:34,Store 3,109,Completed,Mobile App,29.01
TXN-12186,17/05/2026 19:42,Store 1,101,Completed,Credit Card,35.34
TXN-12187,16/05/2026 9:19,Store 3,102,Completed,Credit Card,9.46
TXN-12188,08/05/2026 19:58,Store 2,110,Completed,Credit Card,10.53
TXN-12189,30/05/2026 11:20,Store 2,101,Completed,Cash,8.99
TXN-12190,13/05/2026 13:47,Store 2,109,Completed,Cash,15.06
TXN-12191,17/05/2026 11:19,Store 1,110,Completed,Credit Card,34.97
TXN-12192,16/05/2026 14:58,Store 4,109,Completed,Credit Card,9.83
TXN-12193,12/05/2026 10:21,Store 6,108,Void,Mobile App,30.95
TXN-12194,21/05/2026 20:08,Store 6,105,Completed,Mobile App,33.43
TXN-12195,06/05/2026 13:07,Store 2,102,Completed,Credit Card,11.33
TXN-12196,25/05/2026 11:25,Store 4,102,Completed,Credit Card,44.29
TXN-12197,24/05/2026 14:21,Store 5,110,Completed,Credit Card,27.44
TXN-12198,01/05/2026 11:14,Store 6,104,Completed,Cash,9.46
TXN-12199,21/05/2026 11:46,Store 5,108,Completed,Credit Card,12.46
TXN-12200,06/05/2026 21:48,Store 4,109,Completed,Cash,17.23
TXN-12201,30/05/2026 13:24,Store 6,100,Completed,Credit Card,32.41
TXN-12202,30/05/2026 10:52,Store 4,101,Completed,Credit Card,6.07
TXN-12203,25/05/2026 17:08,Store 5,100,Void,Cash,29.19
TXN-12204,05/05/2026 20:13,Store 5,110,Completed,Mobile App,9.04
TXN-12205,25/05/2026 7:16,Store 1,110,Completed,Cash,21.28
TXN-12206,17/05/2026 13:35,Store 2,109,Completed,Mobile App,14.03
TXN-12207,13/05/2026 13:10,Store 3,106,Completed,Mobile App,32.43
TXN-12208,13/05/2026 18:10,Store 6,106,Completed,Credit Card,10.32
TXN-12209,02/05/2026 18:24,Store 5,104,Completed,Mobile App,28.12
TXN-12210,11/05/2026 15:41,Store 6,101,Completed,Cash,23.44
TXN-12211,14/05/2026 16:26,Store 4,102,Completed,Credit Card,24.22
TXN-12212,28/05/2026 12:39,Store 6,105,Completed,Cash,44.87
TXN-12213,06/05/2026 15:36,Store 6,110,Completed,Cash,5.7
TXN-12214,15/05/2026 8:33,Store 3,101,Completed,Cash,33.19
TXN-12215,20/05/2026 7:21,Store 2,101,Void,Cash,24.43
TXN-12216,14/05/2026 10:09,Store 1,106,Completed,Credit Card,18.35
TXN-12217,04/05/2026 7:34,Store 4,102,Completed,Cash,38.38
TXN-12218,22/05/2026 9:01,Store 5,100,Completed,Mobile App,30.74
TXN-12219,07/05/2026 20:36,Store 3,103,Completed,Mobile App,6.71
TXN-12220,21/05/2026 21:06,Store 3,110,Completed,Credit Card,39.56
TXN-12221,27/05/2026 20:03,Store 2,100,Completed,Mobile App,25.72
TXN-12222,25/05/2026 7:03,Store 3,101,Completed,Credit Card,17.9
TXN-12223,15/05/2026 10:04,Store 3,108,Void,Mobile App,18.31
TXN-12224,30/05/2026 16:24,Store 3,105,Completed,Credit Card,44.36
TXN-12225,07/05/2026 8:35,Store 5,106,Completed,Mobile App,5.88
TXN-12226,02/05/2026 8:09,Store 5,102,Completed,Cash,12.92
TXN-12227,03/05/2026 14:48,Store 1,110,Refund,Cash,9.64
TXN-12228,23/05/2026 15:35,Store 3,110,Completed,Cash,11.84
TXN-12229,06/05/2026 16:08,Store 6,108,Completed,Mobile App,37.22
TXN-12230,29/05/2026 13:01,Store 2,102,Completed,Credit Card,26.95
TXN-12231,20/05/2026 18:20,Store 3,103,Completed,Credit Card,36.6
TXN-12232,02/05/2026 12:04,Store 1,101,Completed,Mobile App,30.62
TXN-12233,17/05/2026 11:44,Store 6,106,Completed,Cash,25.66
TXN-12234,01/05/2026 11:16,Store 6,100,Completed,Credit Card,31.32
TXN-12235,27/05/2026 15:39,Store 2,102,Completed,Mobile App,18.53
TXN-12236,12/05/2026 18:50,Store 5,108,Completed,Credit Card,25.46
TXN-12237,18/05/2026 10:46,Store 2,106,Completed,Credit Card,34.42
TXN-12238,11/05/2026 11:57,Store 2,108,Completed,Cash,9
TXN-12239,29/05/2026 15:56,Store 3,110,Completed,Mobile App,15.45
TXN-12240,16/05/2026 7:33,Store 5,101,Completed,Credit Card,7.58
TXN-12241,24/05/2026 13:19,Store 2,109,Completed,Mobile App,38.94
TXN-12242,12/05/2026 10:15,Store 4,100,Completed,Mobile App,37.51
TXN-12243,14/05/2026 16:25,Store 1,110,Completed,Mobile App,44.94
TXN-12244,20/05/2026 11:32,Store 4,108,Void,Credit Card,11.63
TXN-12245,20/05/2026 19:39,Store 4,109,Completed,Mobile App,28.41
TXN-12246,13/05/2026 14:55,Store 2,106,Completed,Credit Card,21.01
TXN-12247,16/05/2026 13:08,Store 6,102,Completed,Credit Card,35.56
TXN-12248,30/05/2026 9:20,Store 3,100,Completed,Cash,10.33
TXN-12249,24/05/2026 17:52,Store 6,109,Completed,Credit Card,6.91
TXN-12250,10/05/2026 19:08,Store 6,108,Completed,Cash,14.93
TXN-12251,27/05/2026 9:38,Store 6,108,Completed,Cash,29.59
TXN-12252,17/05/2026 12:43,Store 6,104,Completed,Credit Card,26.9
TXN-12253,14/05/2026 10:29,Store 4,104,Completed,Credit Card,30.83
TXN-12254,04/05/2026 10:17,Store 2,100,Completed,Mobile App,36.59
TXN-12255,02/05/2026 20:09,Store 3,103,Completed,Credit Card,34.6
TXN-12256,25/05/2026 11:53,Store 2,104,Completed,Credit Card,33.14
TXN-12257,21/05/2026 17:30,Store 3,103,Completed,Credit Card,23.05
TXN-12258,28/05/2026 16:30,Store 5,102,Completed,Credit Card,17.61
TXN-12259,08/05/2026 17:38,Store 1,106,Completed,Cash,43.41
TXN-12260,27/05/2026 18:23,Store 3,105,Refund,Credit Card,6.54
TXN-12261,17/05/2026 12:01,Store 1,108,Completed,Credit Card,13.57
TXN-12262,24/05/2026 7:21,Store 1,101,Completed,Cash,9.06
TXN-12263,11/05/2026 7:28,Store 5,106,Completed,Cash,38.31
TXN-12264,03/05/2026 17:53,Store 4,100,Completed,Credit Card,30.84
TXN-12265,02/05/2026 12:07,Store 2,107,Completed,Cash,31.2
TXN-12266,17/05/2026 17:16,Store 5,100,Completed,Credit Card,38.27
TXN-12267,12/05/2026 12:31,Store 2,108,Completed,Credit Card,21.56
TXN-12268,19/05/2026 10:58,Store 6,100,Void,Mobile App,15.4
TXN-12269,29/05/2026 14:49,Store 4,105,Completed,Mobile App,28.48
TXN-12270,23/05/2026 9:08,Store 3,102,Completed,Cash,38.08
TXN-12271,13/05/2026 13:15,Store 6,101,Completed,Mobile App,44.39
TXN-12272,30/05/2026 21:20,Store 1,102,Completed,Mobile App,13.82
TXN-12273,27/05/2026 21:55,Store 1,101,Completed,Cash,42.76
TXN-12274,30/05/2026 18:54,Store 2,108,Completed,Mobile App,7.52
TXN-12275,03/05/2026 10:58,Store 4,105,Completed,Mobile App,17.59
TXN-12276,07/05/2026 10:12,Store 3,101,Completed,Credit Card,10.31
TXN-12277,04/05/2026 19:30,Store 6,101,Completed,Credit Card,5.93
TXN-12278,02/05/2026 9:36,Store 3,101,Completed,Cash,27.5
TXN-12279,04/05/2026 21:32,Store 3,108,Refund,Credit Card,20.68
TXN-12280,05/05/2026 8:10,Store 5,101,Completed,Credit Card,9.83
TXN-12281,14/05/2026 13:32,Store 5,108,Completed,Credit Card,26.32
TXN-12282,15/05/2026 15:05,Store 4,100,Completed,Credit Card,34.33
TXN-12283,26/05/2026 20:20,Store 4,106,Completed,Mobile App,16.52
TXN-12284,16/05/2026 18:41,Store 3,106,Completed,Credit Card,39.51
TXN-12285,15/05/2026 20:12,Store 5,105,Completed,Cash,41.25
TXN-12286,19/05/2026 14:32,Store 1,100,Completed,Mobile App,7.28
TXN-12287,10/05/2026 8:59,Store 4,105,Completed,Mobile App,13.42
TXN-12288,12/05/2026 21:43,Store 6,106,Completed,Credit Card,35.73
TXN-12289,25/05/2026 18:48,Store 6,104,Completed,Cash,15.69
TXN-12290,06/05/2026 17:50,Store 4,102,Completed,Cash,41.04
TXN-12291,14/05/2026 9:13,Store 2,106,Refund,Credit Card,18.39
TXN-12292,13/05/2026 11:56,Store 5,109,Completed,Credit Card,34.73
TXN-12293,14/05/2026 14:24,Store 4,108,Completed,Cash,34.23
TXN-12294,20/05/2026 11:56,Store 5,106,Completed,Mobile App,30.26
TXN-12295,02/05/2026 10:53,Store 2,104,Completed,Mobile App,8.59
TXN-12296,21/05/2026 18:38,Store 1,102,Completed,Cash,41.49
TXN-12297,16/05/2026 16:44,Store 6,102,Completed,Credit Card,30.17
TXN-12298,27/05/2026 12:12,Store 1,106,Completed,Cash,19.64
TXN-12299,13/05/2026 7:52,Store 6,102,Completed,Credit Card,38.63
TXN-12300,07/05/2026 11:14,Store 6,101,Completed,Credit Card,35.08
TXN-12301,02/05/2026 16:37,Store 4,109,Completed,Cash,22.75
TXN-12302,04/05/2026 13:01,Store 4,104,Completed,Mobile App,43.39
TXN-12303,26/05/2026 15:04,Store 1,109,Completed,Credit Card,29.61
TXN-12304,30/05/2026 20:31,Store 4,106,Completed,Mobile App,15.31
TXN-12305,13/05/2026 21:01,Store 1,105,Completed,Mobile App,8.05
TXN-12306,21/05/2026 10:30,Store 5,104,Completed,Cash,23.87
TXN-12307,18/05/2026 20:52,Store 1,109,Completed,Credit Card,36.44
TXN-12308,20/05/2026 13:43,Store 4,100,Completed,Cash,9.06
TXN-12309,12/05/2026 8:37,Store 1,100,Completed,Mobile App,18.63
TXN-12310,27/05/2026 17:15,Store 2,110,Completed,Mobile App,15.02
TXN-12311,12/05/2026 19:58,Store 3,103,Completed,Cash,35.8
TXN-12312,29/05/2026 16:22,Store 3,109,Void,Mobile App,29.37
TXN-12313,17/05/2026 7:57,Store 1,108,Completed,Credit Card,31.58
TXN-12314,12/05/2026 17:00,Store 5,104,Completed,Mobile App,37.83
TXN-12315,12/05/2026 13:35,Store 1,101,Completed,Mobile App,10.29
TXN-12316,02/05/2026 16:59,Store 4,104,Completed,Credit Card,30.65
TXN-12317,07/05/2026 7:07,Store 5,108,Completed,Cash,36.75
TXN-12318,01/05/2026 15:33,Store 2,107,Completed,Mobile App,31.89
TXN-12319,15/05/2026 8:23,Store 5,104,Completed,Cash,42.02
TXN-12320,29/05/2026 10:49,Store 2,109,Completed,Credit Card,12.79
TXN-12321,21/05/2026 18:44,Store 2,110,Completed,Mobile App,27.87
TXN-12322,22/05/2026 14:27,Store 2,100,Completed,Credit Card,15.55
TXN-12323,21/05/2026 18:21,Store 3,101,Completed,Credit Card,41.77
TXN-12324,26/05/2026 13:00,Store 3,104,Completed,Credit Card,12.71
TXN-12325,07/05/2026 13:04,Store 2,105,Completed,Credit Card,32.97
TXN-12326,10/05/2026 11:07,Store 5,108,Completed,Credit Card,35.41
TXN-12327,27/05/2026 19:14,Store 5,104,Completed,Credit Card,35.92
TXN-12328,19/05/2026 8:15,Store 2,106,Completed,Credit Card,8.29
TXN-12329,08/05/2026 18:22,Store 3,103,Completed,Credit Card,27.32
TXN-12330,22/05/2026 21:20,Store 3,103,Completed,Credit Card,39.24
TXN-12331,08/05/2026 7:40,Store 6,110,Completed,Mobile App,43.2
TXN-12332,03/05/2026 13:47,Store 1,104,Completed,Cash,20.94
TXN-12333,19/05/2026 19:33,Store 4,110,Completed,Cash,43.38
TXN-12334,05/05/2026 21:31,Store 4,109,Completed,Cash,16.29
TXN-12335,27/05/2026 11:10,Store 2,108,Completed,Mobile App,18
TXN-12336,29/05/2026 12:04,Store 5,108,Completed,Mobile App,15.51
TXN-12337,18/05/2026 19:27,Store 3,103,Completed,Credit Card,19.29
TXN-12338,20/05/2026 17:02,Store 3,103,Completed,Credit Card,21.06
TXN-12339,12/05/2026 21:16,Store 2,105,Completed,Credit Card,39.15
TXN-12340,16/05/2026 21:43,Store 2,100,Completed,Cash,8.44
TXN-12341,22/05/2026 20:33,Store 6,109,Completed,Credit Card,25.11
TXN-12342,04/05/2026 17:37,Store 5,110,Completed,Credit Card,18.21
TXN-12343,02/05/2026 11:25,Store 1,100,Completed,Credit Card,43.6
TXN-12344,07/05/2026 8:12,Store 2,100,Completed,Credit Card,33.37
TXN-12345,01/05/2026 14:44,Store 1,106,Completed,Credit Card,27.76
TXN-12346,04/05/2026 8:42,Store 2,106,Completed,Mobile App,31.22
TXN-12347,04/05/2026 17:47,Store 2,100,Completed,Credit Card,8.02
TXN-12348,04/05/2026 16:47,Store 1,104,Completed,Credit Card,16.43
TXN-12349,12/05/2026 8:08,Store 4,109,Completed,Credit Card,24.29
TXN-12350,21/05/2026 16:53,Store 3,101,Completed,Credit Card,21.04
TXN-12351,18/05/2026 16:26,Store 1,101,Completed,Credit Card,16.5
TXN-12352,12/05/2026 19:48,Store 3,103,Completed,Cash,31.52
TXN-12353,24/05/2026 19:25,Store 3,102,Completed,Credit Card,10.96
TXN-12354,27/05/2026 20:13,Store 5,101,Completed,Cash,18.69
TXN-12355,01/05/2026 14:26,Store 2,107,Discount applied,Cash,21.29
TXN-12356,05/05/2026 11:37,Store 1,100,Refund,Credit Card,20.09
TXN-12357,12/05/2026 18:27,Store 4,106,Completed,Mobile App,17.47
TXN-12358,22/05/2026 15:06,Store 4,104,Discount applied,Mobile App,9.32
TXN-12359,14/05/2026 11:34,Store 3,104,Completed,Credit Card,11.48
TXN-12360,29/05/2026 20:26,Store 1,110,Void,Cash,5.72
TXN-12361,14/05/2026 14:32,Store 2,107,Completed,Mobile App,34.49
TXN-12362,19/05/2026 17:49,Store 1,105,Completed,Cash,8.39
TXN-12363,03/05/2026 19:34,Store 5,109,Completed,Credit Card,6.8
TXN-12364,07/05/2026 14:32,Store 4,105,Completed,Cash,5.69
TXN-12365,15/05/2026 13:59,Store 6,105,Completed,Mobile App,13.2
TXN-12366,16/05/2026 10:39,Store 1,104,Completed,Mobile App,10.48
TXN-12367,16/05/2026 9:29,Store 6,110,Completed,Mobile App,40.06
TXN-12368,18/05/2026 21:47,Store 3,101,Completed,Credit Card,21.25
TXN-12369,26/05/2026 14:18,Store 4,108,Completed,Cash,40.91
TXN-12370,21/05/2026 19:59,Store 3,103,Completed,Credit Card,18.03
TXN-12371,02/05/2026 15:13,Store 4,102,Completed,Credit Card,39.39
TXN-12372,28/05/2026 20:10,Store 5,106,Completed,Mobile App,41.28
TXN-12373,01/05/2026 18:00,Store 5,104,Completed,Credit Card,25.6
TXN-12374,21/05/2026 9:05,Store 3,105,Completed,Cash,8.27
TXN-12375,30/05/2026 10:31,Store 2,108,Completed,Cash,36.87
TXN-12376,02/05/2026 11:01,Store 4,101,Completed,Credit Card,39.28
TXN-12377,08/05/2026 21:48,Store 2,105,Completed,Credit Card,38.72
TXN-12378,17/05/2026 17:19,Store 2,108,Completed,Mobile App,21.49
TXN-12379,18/05/2026 18:52,Store 1,101,Completed,Credit Card,13.09
TXN-12380,18/05/2026 17:34,Store 5,100,Completed,Mobile App,36.46
TXN-12381,01/05/2026 10:42,Store 3,108,Completed,Credit Card,22.99
TXN-12382,07/05/2026 14:40,Store 5,100,Completed,Cash,40.52
TXN-12383,09/05/2026 8:44,Store 2,100,Completed,Credit Card,43.68
TXN-12384,24/05/2026 14:24,Store 3,105,Completed,Cash,29
TXN-12385,20/05/2026 8:54,Store 3,106,Completed,Cash,28.15
TXN-12386,16/05/2026 20:12,Store 3,103,Completed,Cash,37.01
TXN-12387,14/05/2026 21:47,Store 1,104,Completed,Cash,30.57
TXN-12388,25/05/2026 11:58,Store 4,106,Completed,Credit Card,8.21
TXN-12389,11/05/2026 8:45,Store 5,105,Completed,Mobile App,35.64
TXN-12390,28/05/2026 13:21,Store 4,102,Completed,Credit Card,40.89
TXN-12391,21/05/2026 14:42,Store 5,108,Completed,Cash,28.12
TXN-12392,21/05/2026 7:14,Store 2,109,Void,Credit Card,26.96
TXN-12393,30/05/2026 15:54,Store 5,102,Completed,Credit Card,22.97
TXN-12394,12/05/2026 9:13,Store 2,101,Completed,Cash,37.55
TXN-12395,10/05/2026 12:01,Store 2,107,Refund,Cash,37.09
TXN-12396,02/05/2026 12:41,Store 3,100,Completed,Cash,9.3
TXN-12397,22/05/2026 17:54,Store 4,101,Completed,Cash,5.51
TXN-12398,05/05/2026 12:40,Store 5,104,Completed,Credit Card,20.25
TXN-12399,29/05/2026 19:50,Store 4,106,Completed,Credit Card,40.24
TXN-12400,20/05/2026 21:45,Store 4,102,Completed,Credit Card,14.34
TXN-12401,09/05/2026 11:51,Store 2,107,Completed,Mobile App,14.5
TXN-12402,16/05/2026 13:06,Store 6,102,Void,Credit Card,13.12
TXN-12403,09/05/2026 20:01,Store 4,105,Completed,Cash,12.76
TXN-12404,24/05/2026 8:36,Store 6,106,Completed,Cash,17.18
TXN-12405,01/05/2026 11:45,Store 3,100,Completed,Credit Card,15.08
TXN-12406,12/05/2026 17:45,Store 2,102,Completed,Credit Card,32.73
TXN-12407,06/05/2026 15:58,Store 1,101,Completed,Credit Card,17.21
TXN-12408,22/05/2026 21:19,Store 5,104,Completed,Credit Card,28.06
TXN-12409,22/05/2026 14:54,Store 4,100,Completed,Mobile App,19.75
TXN-12410,22/05/2026 19:20,Store 5,105,Completed,Credit Card,22.48
TXN-12411,01/05/2026 18:47,Store 3,103,Completed,Cash,18.31
TXN-12412,18/05/2026 7:16,Store 2,109,Completed,Credit Card,22.14
TXN-12413,07/05/2026 13:30,Store 5,109,Completed,Credit Card,40.46
TXN-12414,05/05/2026 13:34,Store 5,108,Completed,Credit Card,12.45
TXN-12415,23/05/2026 9:59,Store 3,110,Completed,Credit Card,11.84
TXN-12416,04/05/2026 19:11,Store 5,108,Completed,Mobile App,44.97
TXN-12417,09/05/2026 17:16,Store 5,101,Completed,Credit Card,26.15
TXN-12418,22/05/2026 9:00,Store 3,101,Completed,Mobile App,12.29
TXN-12419,24/05/2026 20:30,Store 5,104,Completed,Credit Card,39.12
TXN-12420,10/05/2026 9:42,Store 6,102,Completed,Mobile App,28.87
TXN-12421,10/05/2026 20:32,Store 3,103,Completed,Credit Card,11.11
TXN-12422,19/05/2026 11:32,Store 6,110,Completed,Cash,5.48
TXN-12423,15/05/2026 18:10,Store 1,102,Completed,Mobile App,37.4
TXN-12424,05/05/2026 13:02,Store 2,101,Completed,Cash,10.85
TXN-12425,12/05/2026 21:52,Store 1,106,Void,Credit Card,8.62
TXN-12426,15/05/2026 15:25,Store 6,102,Completed,Cash,16.59
TXN-12427,01/05/2026 18:32,Store 1,109,Completed,Mobile App,24.44
TXN-12428,05/05/2026 20:43,Store 2,102,Void,Mobile App,28.21
TXN-12429,09/05/2026 7:20,Store 4,110,Completed,Cash,20.51
TXN-12430,22/05/2026 18:07,Store 5,100,Completed,Credit Card,15.67
TXN-12431,27/05/2026 17:43,Store 5,109,Completed,Mobile App,38.39
TXN-12432,18/05/2026 19:07,Store 1,101,Completed,Credit Card,38.85
TXN-12433,04/05/2026 7:31,Store 4,109,Completed,Mobile App,28.53
TXN-12434,04/05/2026 16:00,Store 2,101,Completed,Cash,23.77
TXN-12435,18/05/2026 14:22,Store 2,109,Completed,Credit Card,20.09
TXN-12436,14/05/2026 13:07,Store 3,110,Completed,Credit Card,26.57
TXN-12437,18/05/2026 11:25,Store 2,107,Completed,Cash,20
TXN-12438,22/05/2026 21:25,Store 4,106,Completed,Cash,25.19
TXN-12439,10/05/2026 19:28,Store 3,110,Refund,Credit Card,12.06
TXN-12440,07/05/2026 8:52,Store 2,100,Refund,Cash,22.18
TXN-12441,21/05/2026 17:29,Store 4,100,Completed,Credit Card,41.89
TXN-12442,12/05/2026 17:02,Store 5,100,Completed,Credit Card,44.73
TXN-12443,21/05/2026 14:18,Store 2,100,Completed,Cash,20.53
TXN-12444,24/05/2026 20:36,Store 6,104,Completed,Credit Card,28.09
TXN-12445,06/05/2026 17:20,Store 6,110,Completed,Credit Card,6.89
TXN-12446,17/05/2026 16:14,Store 1,106,Completed,Cash,38.8
TXN-12447,02/05/2026 9:47,Store 2,105,Completed,Credit Card,7.54
TXN-12448,30/05/2026 16:51,Store 2,100,Completed,Credit Card,39.71
TXN-12449,11/05/2026 18:29,Store 2,105,Completed,Credit Card,28.09
TXN-12450,21/05/2026 9:08,Store 3,109,Completed,Credit Card,6.41
TXN-12451,24/05/2026 15:29,Store 3,105,Completed,Credit Card,18.54
TXN-12452,15/05/2026 8:46,Store 4,109,Completed,Credit Card,22.11
TXN-12453,09/05/2026 14:31,Store 5,108,Completed,Mobile App,24.41
TXN-12454,12/05/2026 19:03,Store 2,105,Completed,Mobile App,14.35
TXN-12455,26/05/2026 10:52,Store 2,100,Completed,Cash,34.97
TXN-12456,21/05/2026 16:28,Store 2,109,Completed,Cash,26.94
TXN-12457,13/05/2026 18:10,Store 3,109,Completed,Cash,19.22
TXN-12458,21/05/2026 21:39,Store 4,109,Completed,Cash,8.19
TXN-12459,18/05/2026 9:52,Store 3,106,Completed,Credit Card,35.23
TXN-12460,09/05/2026 9:46,Store 5,106,Completed,Credit Card,15.2
TXN-12461,03/05/2026 12:54,Store 4,110,Completed,Mobile App,17.12
TXN-12462,12/05/2026 14:55,Store 4,109,Completed,Credit Card,36.73
TXN-12463,24/05/2026 10:15,Store 4,108,Void,Credit Card,15.84
TXN-12464,03/05/2026 12:43,Store 6,110,Completed,Credit Card,44.76
TXN-12465,30/05/2026 12:49,Store 6,100,Completed,Credit Card,13.71
TXN-12466,08/05/2026 19:52,Store 1,106,Void,Credit Card,34.68
TXN-12467,30/05/2026 7:23,Store 5,108,Completed,Cash,34.96
TXN-12468,04/05/2026 12:05,Store 6,102,Completed,Credit Card,17.46
TXN-12469,03/05/2026 17:07,Store 6,104,Void,Cash,19.66
TXN-12470,13/05/2026 15:31,Store 1,110,Completed,Mobile App,8.7
TXN-12471,21/05/2026 12:51,Store 3,101,Completed,Credit Card,17.8
TXN-12472,21/05/2026 13:12,Store 1,100,Completed,Credit Card,9.72
TXN-12473,05/05/2026 19:40,Store 6,108,Completed,Mobile App,40.53
TXN-12474,27/05/2026 16:36,Store 4,101,Completed,Credit Card,15.89
TXN-12475,23/05/2026 7:57,Store 6,104,Completed,Mobile App,9.31
TXN-12476,29/05/2026 19:25,Store 5,109,Completed,Mobile App,24.32
TXN-12477,15/05/2026 9:54,Store 5,108,Completed,Cash,22.2
TXN-12478,28/05/2026 19:06,Store 3,103,Completed,Cash,23.91
TXN-12479,23/05/2026 21:23,Store 5,108,Completed,Credit Card,28.23
TXN-12480,28/05/2026 15:47,Store 5,105,Completed,Credit Card,28.17
TXN-12481,13/05/2026 11:53,Store 2,102,Void,Credit Card,20.79
TXN-12482,17/05/2026 19:12,Store 3,109,Completed,Credit Card,26.77
TXN-12483,20/05/2026 20:20,Store 3,108,Completed,Cash,29.93
TXN-12484,14/05/2026 14:34,Store 3,104,Completed,Credit Card,42.81
TXN-12485,16/05/2026 12:46,Store 2,107,Discount applied,Cash,17.85
TXN-12486,02/05/2026 13:41,Store 2,104,Completed,Cash,22.87
TXN-12487,01/05/2026 16:43,Store 1,108,Completed,Credit Card,18.9
TXN-12488,04/05/2026 13:13,Store 4,106,Completed,Credit Card,23.75
TXN-12489,06/05/2026 17:16,Store 5,108,Completed,Credit Card,5.25
TXN-12490,26/05/2026 19:40,Store 2,106,Completed,Credit Card,30.04
TXN-12491,09/05/2026 18:26,Store 2,110,Completed,Credit Card,15.41
TXN-12492,12/05/2026 14:29,Store 4,101,Void,Credit Card,18.95
TXN-12493,25/05/2026 10:23,Store 5,102,Completed,Credit Card,5.06
TXN-12494,09/05/2026 9:27,Store 2,105,Completed,Mobile App,35.51
TXN-12495,13/05/2026 20:14,Store 3,102,Completed,Credit Card,6.79
TXN-12496,15/05/2026 12:44,Store 1,110,Completed,Cash,20.18
TXN-12497,06/05/2026 10:21,Store 1,110,Completed,Mobile App,42.3
TXN-12498,18/05/2026 21:12,Store 4,100,Completed,Credit Card,10.99
TXN-12499,10/05/2026 11:48,Store 1,108,Completed,Cash,5.04
TXN-12500,21/05/2026 15:25,Store 3,106,Completed,Credit Card,18.25
TXN-12501,15/05/2026 12:43,Store 6,106,Void,Cash,8.87
TXN-12502,19/05/2026 20:13,Store 1,104,Completed,Cash,23.28
TXN-12503,22/05/2026 21:54,Store 6,110,Completed,Credit Card,41.08
TXN-12504,29/05/2026 21:18,Store 1,108,Completed,Cash,8.17
TXN-12505,08/05/2026 19:44,Store 1,108,Void,Cash,29.07
TXN-12506,07/05/2026 17:40,Store 2,106,Completed,Mobile App,15.04
TXN-12507,22/05/2026 17:41,Store 6,100,Completed,Cash,18.57
TXN-12508,17/05/2026 21:01,Store 3,101,Completed,Cash,32.23
TXN-12509,20/05/2026 19:36,Store 3,103,Completed,Mobile App,34.58
TXN-12510,26/05/2026 7:09,Store 4,101,Completed,Mobile App,39.7
TXN-12511,07/05/2026 13:53,Store 5,106,Completed,Credit Card,11
TXN-12512,22/05/2026 20:49,Store 1,110,Completed,Mobile App,33.9
TXN-12513,17/05/2026 10:01,Store 1,109,Completed,Cash,39.06
TXN-12514,01/05/2026 9:23,Store 4,108,Completed,Cash,38.72
TXN-12515,03/05/2026 10:27,Store 1,102,Completed,Mobile App,16.49
TXN-12516,27/05/2026 19:45,Store 4,106,Completed,Credit Card,13.9
TXN-12517,08/05/2026 7:49,Store 4,104,Refund,Credit Card,16.64
TXN-12518,07/05/2026 17:04,Store 1,106,Completed,Cash,19.82
TXN-12519,23/05/2026 13:05,Store 4,108,Completed,Credit Card,11.11
TXN-12520,08/05/2026 19:39,Store 5,110,Completed,Cash,29.96
TXN-12521,22/05/2026 7:05,Store 5,106,Completed,Credit Card,31.15
TXN-12522,19/05/2026 8:51,Store 6,101,Completed,Mobile App,18.04
TXN-12523,28/05/2026 20:42,Store 3,104,Completed,Credit Card,22.3
TXN-12524,27/05/2026 20:48,Store 6,106,Refund,Mobile App,19.08
TXN-12525,18/05/2026 16:27,Store 1,105,Refund,Mobile App,23.08
TXN-12526,10/05/2026 9:31,Store 4,110,Completed,Cash,29.07
TXN-12527,27/05/2026 16:36,Store 1,105,Completed,Credit Card,10.69
TXN-12528,14/05/2026 17:10,Store 3,103,Completed,Mobile App,14.48
TXN-12529,05/05/2026 17:19,Store 2,107,Completed,Credit Card,9.83
TXN-12530,29/05/2026 20:19,Store 1,101,Completed,Credit Card,15.02
TXN-12531,14/05/2026 7:59,Store 4,108,Completed,Credit Card,19.28
TXN-12532,03/05/2026 12:10,Store 3,102,Completed,Mobile App,33.74
TXN-12533,19/05/2026 16:59,Store 4,110,Completed,Credit Card,42.99
TXN-12534,12/05/2026 16:52,Store 1,102,Completed,Cash,6.85
TXN-12535,07/05/2026 14:03,Store 3,105,Completed,Credit Card,26.69
TXN-12536,13/05/2026 20:57,Store 4,109,Completed,Cash,37.42
TXN-12537,29/05/2026 7:48,Store 4,105,Completed,Cash,16.77
TXN-12538,18/05/2026 14:30,Store 5,100,Completed,Mobile App,13.65
TXN-12539,17/05/2026 18:40,Store 2,109,Completed,Credit Card,40.35
TXN-12540,26/05/2026 9:21,Store 2,107,Completed,Mobile App,20.32
TXN-12541,10/05/2026 8:08,Store 5,106,Completed,Cash,11.82
TXN-12542,02/05/2026 18:34,Store 2,106,Completed,Cash,6.43
TXN-12543,06/05/2026 18:15,Store 3,103,Completed,Credit Card,37.54
TXN-12544,15/05/2026 16:40,Store 5,109,Refund,Mobile App,9.98
TXN-12545,09/05/2026 17:05,Store 2,104,Completed,Cash,8
TXN-12546,06/05/2026 20:31,Store 3,103,Completed,Mobile App,36.85
TXN-12547,13/05/2026 21:37,Store 4,106,Completed,Cash,10.28
TXN-12548,03/05/2026 21:03,Store 1,106,Completed,Cash,22.02
TXN-12549,22/05/2026 16:49,Store 4,102,Completed,Cash,13.67
TXN-12550,10/05/2026 18:14,Store 3,110,Completed,Credit Card,43.92
TXN-12551,27/05/2026 10:01,Store 6,101,Completed,Cash,13.28
TXN-12552,08/05/2026 10:04,Store 5,100,Completed,Cash,28.91
TXN-12553,18/05/2026 21:53,Store 6,105,Discount applied,Mobile App,5.46
TXN-12554,07/05/2026 16:38,Store 2,107,Completed,Cash,27.06
TXN-12555,06/05/2026 13:20,Store 1,104,Completed,Cash,39.31
TXN-12556,02/05/2026 12:54,Store 1,109,Completed,Cash,19.84
TXN-12557,05/05/2026 20:14,Store 3,103,Completed,Credit Card,24.42
TXN-12558,30/05/2026 18:02,Store 2,105,Completed,Credit Card,29.21
TXN-12559,30/05/2026 16:55,Store 3,108,Completed,Mobile App,32.46
TXN-12560,27/05/2026 20:03,Store 6,108,Completed,Credit Card,10.19
TXN-12561,01/05/2026 8:05,Store 4,102,Completed,Credit Card,40.46
TXN-12562,30/05/2026 16:37,Store 5,110,Completed,Credit Card,15.7
TXN-12563,16/05/2026 13:05,Store 3,105,Completed,Credit Card,37.45
TXN-12564,26/05/2026 18:41,Store 4,102,Completed,Mobile App,41.33
TXN-12565,17/05/2026 7:39,Store 4,109,Completed,Mobile App,37.07
TXN-12566,30/05/2026 21:53,Store 1,100,Completed,Cash,13.47
TXN-12567,05/05/2026 14:07,Store 1,102,Completed,Mobile App,11.85
TXN-12568,06/05/2026 8:21,Store 4,105,Completed,Mobile App,14.96
TXN-12569,01/05/2026 12:30,Store 2,105,Completed,Cash,26.66
TXN-12570,12/05/2026 9:25,Store 1,108,Void,Mobile App,31.53
TXN-12571,29/05/2026 15:16,Store 4,110,Completed,Cash,32.88
TXN-12572,01/05/2026 7:37,Store 2,100,Completed,Cash,11.3
TXN-12573,15/05/2026 19:01,Store 6,109,Completed,Cash,32.67
TXN-12574,22/05/2026 8:30,Store 5,106,Completed,Credit Card,15.37
TXN-12575,04/05/2026 8:23,Store 3,101,Completed,Credit Card,6.12
TXN-12576,01/05/2026 11:26,Store 3,108,Completed,Credit Card,41.05
TXN-12577,07/05/2026 7:07,Store 2,105,Completed,Cash,9.72
TXN-12578,18/05/2026 7:00,Store 1,108,Completed,Credit Card,31.23
TXN-12579,24/05/2026 7:35,Store 3,101,Completed,Credit Card,27.56
TXN-12580,17/05/2026 17:47,Store 4,108,Refund,Credit Card,5.92
TXN-12581,05/05/2026 9:57,Store 1,105,Completed,Credit Card,16.97
TXN-12582,11/05/2026 20:07,Store 3,106,Completed,Cash,40.77
TXN-12583,04/05/2026 16:22,Store 2,104,Completed,Mobile App,23.89
TXN-12584,04/05/2026 11:41,Store 5,110,Void,Credit Card,14.23
TXN-12585,21/05/2026 17:19,Store 6,100,Completed,Credit Card,5.71
TXN-12586,09/05/2026 18:08,Store 1,110,Completed,Credit Card,17.99
TXN-12587,23/05/2026 21:22,Store 2,104,Completed,Credit Card,25.13
TXN-12588,11/05/2026 15:49,Store 6,101,Completed,Mobile App,39.48
TXN-12589,12/05/2026 8:42,Store 1,102,Completed,Credit Card,6.74
TXN-12590,16/05/2026 20:46,Store 3,108,Completed,Mobile App,10.54
TXN-12591,24/05/2026 13:56,Store 1,105,Completed,Credit Card,11.09
TXN-12592,11/05/2026 15:44,Store 5,102,Completed,Cash,34.26
TXN-12593,20/05/2026 12:22,Store 3,110,Void,Credit Card,18.13
TXN-12594,09/05/2026 18:12,Store 6,100,Completed,Credit Card,5.56
TXN-12595,17/05/2026 15:53,Store 1,102,Completed,Mobile App,42.03
TXN-12596,01/05/2026 13:10,Store 2,107,Completed,Credit Card,23.98
TXN-12597,02/05/2026 14:03,Store 2,107,Completed,Cash,30.79
TXN-12598,14/05/2026 16:08,Store 3,100,Completed,Mobile App,20.32
TXN-12599,14/05/2026 16:17,Store 3,103,Completed,Cash,25.08
TXN-12600,05/05/2026 7:09,Store 3,105,Refund,Cash,18.88
TXN-12601,21/05/2026 9:06,Store 4,105,Completed,Mobile App,17.77
TXN-12602,02/05/2026 12:22,Store 6,105,Completed,Cash,15.23
TXN-12603,04/05/2026 13:19,Store 6,106,Completed,Mobile App,40.25
TXN-12604,09/05/2026 16:13,Store 4,106,Completed,Cash,35.46
TXN-12605,19/05/2026 7:57,Store 1,100,Completed,Cash,30.37
TXN-12606,19/05/2026 9:53,Store 6,110,Completed,Credit Card,17.61
TXN-12607,15/05/2026 20:27,Store 2,110,Completed,Credit Card,33.79
TXN-12608,13/05/2026 11:51,Store 2,107,Completed,Cash,39.18
TXN-12609,19/05/2026 12:50,Store 1,102,Completed,Mobile App,25.75
TXN-12610,27/05/2026 13:46,Store 2,100,Completed,Mobile App,28.26
TXN-12611,16/05/2026 15:52,Store 2,110,Completed,Mobile App,9.59
TXN-12612,25/05/2026 12:31,Store 3,100,Completed,Mobile App,16.31
TXN-12613,07/05/2026 19:41,Store 3,103,Completed,Cash,37.5
TXN-12614,22/05/2026 14:18,Store 1,106,Completed,Credit Card,19.3
TXN-12615,05/05/2026 9:33,Store 2,105,Completed,Cash,34.8
TXN-12616,24/05/2026 12:05,Store 6,110,Completed,Credit Card,42.3
TXN-12617,06/05/2026 15:24,Store 3,101,Completed,Mobile App,32.98
TXN-12618,09/05/2026 9:41,Store 6,100,Completed,Mobile App,41.56
TXN-12619,21/05/2026 12:56,Store 2,109,Completed,Mobile App,36.57
TXN-12620,25/05/2026 14:10,Store 3,109,Completed,Cash,27.83
TXN-12621,21/05/2026 10:07,Store 1,100,Completed,Cash,6.43
TXN-12622,03/05/2026 11:49,Store 2,107,Completed,Credit Card,13.93
TXN-12623,27/05/2026 7:35,Store 3,108,Completed,Mobile App,8.11
TXN-12624,10/05/2026 21:10,Store 2,102,Completed,Cash,19.8
TXN-12625,28/05/2026 15:23,Store 1,106,Completed,Cash,14.05
TXN-12626,10/05/2026 13:00,Store 2,106,Void,Cash,7.61
TXN-12627,09/05/2026 15:23,Store 6,105,Completed,Credit Card,13.06
TXN-12628,23/05/2026 9:02,Store 5,104,Completed,Credit Card,20.21
TXN-12629,14/05/2026 14:12,Store 1,101,Completed,Cash,11.15
TXN-12630,20/05/2026 20:41,Store 1,101,Completed,Credit Card,31.47
TXN-12631,25/05/2026 8:18,Store 4,110,Completed,Credit Card,34.36
TXN-12632,18/05/2026 20:58,Store 6,105,Completed,Credit Card,9.71
TXN-12633,07/05/2026 13:17,Store 2,102,Completed,Mobile App,27.93
TXN-12634,29/05/2026 17:54,Store 2,108,Completed,Credit Card,13.83
TXN-12635,13/05/2026 10:02,Store 4,105,Void,Cash,29.48
TXN-12636,22/05/2026 16:29,Store 2,107,Completed,Mobile App,18.66
TXN-12637,14/05/2026 20:27,Store 1,109,Completed,Cash,9.81
TXN-12638,22/05/2026 11:51,Store 4,105,Completed,Mobile App,32.49
TXN-12639,07/05/2026 7:51,Store 6,101,Completed,Cash,35.98
TXN-12640,20/05/2026 17:53,Store 4,105,Completed,Mobile App,9.76
TXN-12641,01/05/2026 7:54,Store 6,110,Completed,Mobile App,23.87
TXN-12642,12/05/2026 10:37,Store 1,105,Completed,Mobile App,5.73
TXN-12643,14/05/2026 13:54,Store 4,109,Refund,Cash,6.2
TXN-12644,09/05/2026 16:50,Store 2,102,Completed,Credit Card,34.01
TXN-12645,08/05/2026 8:51,Store 4,101,Completed,Credit Card,43.37
TXN-12646,02/05/2026 12:25,Store 1,104,Completed,Credit Card,23.24
TXN-12647,25/05/2026 12:27,Store 2,107,Completed,Cash,15.54
TXN-12648,07/05/2026 19:22,Store 5,105,Completed,Cash,5.58
TXN-12649,18/05/2026 15:05,Store 1,101,Completed,Credit Card,39.2
TXN-12650,11/05/2026 9:27,Store 6,101,Completed,Cash,34.75
TXN-12651,25/05/2026 15:58,Store 2,109,Completed,Credit Card,24.61
TXN-12652,03/05/2026 7:56,Store 5,104,Completed,Mobile App,8.31
TXN-12653,11/05/2026 17:11,Store 2,107,Completed,Credit Card,10.76
TXN-12654,01/05/2026 12:19,Store 2,107,Discount applied,Cash,38.94
TXN-12655,23/05/2026 13:18,Store 1,101,Completed,Mobile App,14.05
TXN-12656,19/05/2026 11:51,Store 4,106,Completed,Cash,24.17
TXN-12657,30/05/2026 17:51,Store 2,110,Completed,Credit Card,22.86
TXN-12658,24/05/2026 13:47,Store 4,105,Void,Credit Card,10.5
TXN-12659,23/05/2026 16:11,Store 5,108,Completed,Mobile App,32.2
TXN-12660,06/05/2026 10:10,Store 6,102,Completed,Cash,14.61
TXN-12661,21/05/2026 10:44,Store 2,100,Completed,Credit Card,22.32
TXN-12662,25/05/2026 9:55,Store 6,106,Completed,Credit Card,21.08
TXN-12663,19/05/2026 21:06,Store 3,103,Completed,Mobile App,38.48
TXN-12664,14/05/2026 9:39,Store 2,109,Completed,Mobile App,17.63
TXN-12665,06/05/2026 17:38,Store 6,104,Completed,Mobile App,20.1
TXN-12666,30/05/2026 10:17,Store 3,101,Completed,Credit Card,40.78
TXN-12667,15/05/2026 17:13,Store 2,108,Completed,Mobile App,29.73
TXN-12668,14/05/2026 18:58,Store 4,106,Completed,Mobile App,14.51
TXN-12669,11/05/2026 8:40,Store 1,104,Completed,Credit Card,26.11
TXN-12670,04/05/2026 10:30,Store 6,108,Refund,Credit Card,22.37
TXN-12671,20/05/2026 18:40,Store 4,105,Completed,Credit Card,33.91
TXN-12672,19/05/2026 12:59,Store 5,106,Completed,Mobile App,12.68
TXN-12673,10/05/2026 21:16,Store 3,103,Completed,Mobile App,10.2
TXN-12674,22/05/2026 16:37,Store 2,110,Completed,Cash,26.53
TXN-12675,28/05/2026 20:32,Store 3,110,Void,Cash,20.75
TXN-12676,04/05/2026 12:17,Store 2,101,Completed,Mobile App,14.64
TXN-12677,15/05/2026 20:00,Store 3,103,Completed,Mobile App,37.95
TXN-12678,06/05/2026 15:06,Store 5,110,Completed,Credit Card,24.94
TXN-12679,04/05/2026 16:21,Store 3,110,Completed,Mobile App,13.08
TXN-12680,05/05/2026 15:10,Store 6,101,Completed,Cash,7.85
TXN-12681,24/05/2026 13:08,Store 1,109,Completed,Cash,18.08
TXN-12682,11/05/2026 11:29,Store 2,107,Discount applied,Cash,25.37
TXN-12683,25/05/2026 18:38,Store 3,103,Completed,Cash,26.4
TXN-12684,04/05/2026 8:34,Store 2,108,Completed,Mobile App,12.7
TXN-12685,14/05/2026 10:06,Store 5,102,Completed,Credit Card,9.73
TXN-12686,17/05/2026 11:18,Store 5,104,Void,Cash,33.46
TXN-12687,13/05/2026 8:14,Store 4,108,Completed,Credit Card,15.73
TXN-12688,13/05/2026 7:41,Store 4,106,Refund,Cash,13.24
TXN-12689,26/05/2026 19:44,Store 3,103,Completed,Credit Card,27.24
TXN-12690,16/05/2026 7:35,Store 4,108,Completed,Cash,23.29
TXN-12691,16/05/2026 19:23,Store 6,108,Completed,Mobile App,25.75
TXN-12692,09/05/2026 21:45,Store 1,108,Completed,Credit Card,29.28
TXN-12693,18/05/2026 8:41,Store 1,106,Completed,Cash,9.35
TXN-12694,15/05/2026 11:13,Store 5,101,Completed,Cash,17.05
TXN-12695,23/05/2026 15:44,Store 5,110,Completed,Mobile App,23.42
TXN-12696,11/05/2026 11:46,Store 1,101,Completed,Cash,16.81
TXN-12697,07/05/2026 8:40,Store 2,110,Discount applied,Credit Card,29.39
TXN-12698,04/05/2026 21:06,Store 2,105,Completed,Credit Card,16.27
TXN-12699,06/05/2026 19:25,Store 4,104,Void,Cash,22.13
TXN-12700,28/05/2026 17:45,Store 3,103,Completed,Credit Card,15.14
TXN-12701,04/05/2026 7:29,Store 5,102,Completed,Credit Card,19.68
TXN-12702,01/05/2026 9:28,Store 2,107,Completed,Credit Card,34.93
TXN-12703,18/05/2026 21:08,Store 3,103,Completed,Mobile App,5.35
TXN-12704,16/05/2026 17:06,Store 5,106,Completed,Credit Card,18.79
TXN-12705,08/05/2026 19:50,Store 3,110,Completed,Credit Card,19.1
TXN-12706,24/05/2026 16:43,Store 2,107,Completed,Credit Card,31.52
TXN-12707,19/05/2026 20:17,Store 3,103,Completed,Credit Card,28.1
TXN-12708,05/05/2026 12:55,Store 5,109,Completed,Credit Card,24.5
TXN-12709,10/05/2026 8:44,Store 3,109,Completed,Credit Card,30.78
TXN-12710,26/05/2026 21:16,Store 3,103,Completed,Cash,16.68
TXN-12711,28/05/2026 20:54,Store 6,106,Completed,Mobile App,36.09
TXN-12712,16/05/2026 11:21,Store 1,108,Completed,Mobile App,43.91
TXN-12713,20/05/2026 7:43,Store 5,105,Completed,Cash,23.66
TXN-12714,17/05/2026 20:40,Store 3,104,Refund,Mobile App,8.73
TXN-12715,28/05/2026 13:45,Store 6,110,Completed,Credit Card,7.36
TXN-12716,25/05/2026 13:34,Store 3,104,Completed,Credit Card,18.45
TXN-12717,15/05/2026 16:11,Store 1,106,Completed,Cash,14.96
TXN-12718,07/05/2026 11:25,Store 1,104,Completed,Mobile App,13.97
TXN-12719,07/05/2026 15:37,Store 2,107,Completed,Cash,38.06
TXN-12720,07/05/2026 8:45,Store 4,102,Completed,Mobile App,15.94
TXN-12721,19/05/2026 10:05,Store 2,102,Completed,Credit Card,22.26
TXN-12722,02/05/2026 20:44,Store 2,104,Completed,Credit Card,7.58
TXN-12723,10/05/2026 10:29,Store 2,107,Completed,Credit Card,14.62
TXN-12724,03/05/2026 15:27,Store 2,106,Completed,Credit Card,37
TXN-12725,26/05/2026 16:32,Store 2,100,Completed,Credit Card,11.78
TXN-12726,21/05/2026 18:42,Store 3,103,Completed,Cash,10.31
TXN-12727,01/05/2026 22:47,Store 3,103,Void,Cash,34.94
TXN-12728,16/05/2026 19:51,Store 3,103,Completed,Cash,8.31
TXN-12729,04/05/2026 14:09,Store 4,101,Void,Credit Card,9.48
TXN-12730,07/05/2026 15:27,Store 2,107,Refund,Cash,37.94
TXN-12731,21/05/2026 21:24,Store 1,108,Completed,Cash,43.97
TXN-12732,11/05/2026 12:13,Store 2,109,Completed,Mobile App,42.88
TXN-12733,02/05/2026 10:26,Store 4,106,Completed,Cash,31.53
TXN-12734,23/05/2026 16:58,Store 2,107,Completed,Mobile App,6.94
TXN-12735,16/05/2026 16:31,Store 2,101,Completed,Cash,20.2
TXN-12736,12/05/2026 8:06,Store 5,105,Completed,Mobile App,41.12
TXN-12737,07/05/2026 16:19,Store 1,101,Completed,Mobile App,27.42
TXN-12738,12/05/2026 13:42,Store 6,102,Void,Credit Card,28.87
TXN-12739,14/05/2026 11:08,Store 4,110,Void,Mobile App,27.47
TXN-12740,11/05/2026 9:23,Store 2,107,Completed,Credit Card,9.71
TXN-12741,15/05/2026 14:42,Store 6,106,Completed,Cash,34.89
TXN-12742,03/05/2026 21:19,Store 3,103,Completed,Mobile App,21.1
TXN-12743,02/05/2026 16:35,Store 2,107,Completed,Mobile App,25.35
TXN-12744,03/05/2026 11:10,Store 4,105,Completed,Credit Card,14.35
TXN-12745,19/05/2026 20:29,Store 6,105,Completed,Cash,25.86
TXN-12746,16/05/2026 19:10,Store 6,102,Completed,Mobile App,29.94
TXN-12747,16/05/2026 8:36,Store 6,102,Completed,Cash,37.27
TXN-12748,07/05/2026 20:35,Store 3,103,Completed,Cash,36.84
TXN-12749,29/05/2026 9:23,Store 4,104,Completed,Credit Card,23.4
TXN-12750,04/05/2026 17:28,Store 2,105,Completed,Cash,15.06
TXN-12751,04/05/2026 21:54,Store 4,100,Completed,Cash,44.67
TXN-12752,25/05/2026 21:28,Store 1,105,Completed,Credit Card,6.23
TXN-12753,06/05/2026 12:48,Store 2,107,Completed,Credit Card,30.77
TXN-12754,03/05/2026 19:53,Store 5,106,Completed,Cash,17.49
TXN-12755,05/05/2026 12:41,Store 4,108,Void,Cash,25.53
TXN-12756,03/05/2026 14:45,Store 5,100,Completed,Cash,36.88
TXN-12757,29/05/2026 23:41,Store 3,103,Void,Cash,44.35
TXN-12758,18/05/2026 20:43,Store 4,106,Completed,Cash,36.94
TXN-12759,25/05/2026 9:06,Store 4,101,Completed,Credit Card,31.51
TXN-12760,27/05/2026 10:01,Store 1,109,Completed,Credit Card,29.05
TXN-12761,21/05/2026 11:55,Store 6,108,Completed,Credit Card,13.25
TXN-12762,29/05/2026 21:43,Store 3,103,Completed,Mobile App,32.52
TXN-12763,30/05/2026 15:52,Store 3,100,Completed,Mobile App,25.35
TXN-12764,26/05/2026 13:41,Store 1,110,Completed,Mobile App,14.16
TXN-12765,15/05/2026 21:02,Store 4,108,Completed,Credit Card,27.37
TXN-12766,28/05/2026 12:02,Store 6,108,Completed,Credit Card,27.86
TXN-12767,21/05/2026 13:41,Store 3,106,Completed,Credit Card,13.86
TXN-12768,16/05/2026 8:57,Store 3,106,Completed,Mobile App,14.22
TXN-12769,30/05/2026 15:07,Store 5,108,Completed,Cash,22.85
TXN-12770,09/05/2026 7:28,Store 4,109,Completed,Credit Card,31.88
TXN-12771,14/05/2026 18:10,Store 1,110,Completed,Credit Card,29.06
TXN-12772,15/05/2026 20:09,Store 3,103,Completed,Cash,10.83
TXN-12773,14/05/2026 16:24,Store 2,100,Completed,Credit Card,12.11
TXN-12774,28/05/2026 17:20,Store 4,106,Completed,Cash,22.69
TXN-12775,24/05/2026 18:30,Store 2,105,Completed,Credit Card,43.41
TXN-12776,02/05/2026 13:28,Store 1,100,Refund,Credit Card,22.69
TXN-12777,23/05/2026 10:26,Store 6,101,Completed,Credit Card,6.97
TXN-12778,15/05/2026 9:19,Store 6,100,Completed,Credit Card,20.48
TXN-12779,27/05/2026 18:44,Store 6,105,Completed,Credit Card,39.26
TXN-12780,19/05/2026 13:01,Store 2,107,Completed,Mobile App,27.29
TXN-12781,02/05/2026 20:09,Store 3,103,Completed,Credit Card,12.59
TXN-12782,05/05/2026 21:19,Store 3,103,Completed,Credit Card,31.7
TXN-12783,17/05/2026 10:24,Store 3,110,Completed,Cash,20.75
TXN-12784,09/05/2026 21:29,Store 4,105,Completed,Credit Card,38.99
TXN-12785,30/05/2026 18:14,Store 6,102,Completed,Mobile App,14.03
TXN-12786,07/05/2026 10:19,Store 1,110,Completed,Cash,37.22
TXN-12787,10/05/2026 10:54,Store 3,110,Completed,Credit Card,27.54
TXN-12788,17/05/2026 14:46,Store 2,100,Completed,Credit Card,13.47
TXN-12789,19/05/2026 7:09,Store 5,110,Completed,Mobile App,32.17
TXN-12790,17/05/2026 8:33,Store 3,109,Completed,Mobile App,23.9
TXN-12791,08/05/2026 10:40,Store 1,109,Completed,Cash,29.83
TXN-12792,21/05/2026 12:26,Store 2,110,Completed,Credit Card,36.47
TXN-12793,23/05/2026 7:51,Store 4,105,Completed,Credit Card,11.04
TXN-12794,05/05/2026 20:54,Store 3,109,Void,Credit Card,17.63
TXN-12795,01/05/2026 19:24,Store 2,109,Completed,Credit Card,41.26
TXN-12796,28/05/2026 21:56,Store 3,103,Completed,Cash,18.44
TXN-12797,21/05/2026 16:27,Store 2,107,Completed,Cash,5.02
TXN-12798,03/05/2026 15:54,Store 2,107,Completed,Credit Card,9.96
TXN-12799,04/05/2026 19:06,Store 5,110,Completed,Mobile App,37.83
TXN-12800,02/05/2026 11:17,Store 2,100,Completed,Credit Card,20.26
TXN-12801,07/05/2026 18:40,Store 6,108,Completed,Credit Card,15.86
TXN-12802,18/05/2026 19:29,Store 6,109,Completed,Credit Card,12.96
TXN-12803,17/05/2026 20:11,Store 6,110,Completed,Credit Card,6.79
TXN-12804,06/05/2026 19:48,Store 5,110,Completed,Cash,8.85
TXN-12805,17/05/2026 17:04,Store 3,103,Completed,Credit Card,7.37
TXN-12806,22/05/2026 19:33,Store 1,101,Completed,Mobile App,13.08
TXN-12807,22/05/2026 7:23,Store 2,106,Completed,Credit Card,15.43
TXN-12808,04/05/2026 12:46,Store 3,102,Completed,Credit Card,32.12
TXN-12809,03/05/2026 17:00,Store 4,105,Completed,Mobile App,18.56
TXN-12810,06/05/2026 13:37,Store 3,105,Completed,Cash,33.72
TXN-12811,06/05/2026 7:36,Store 4,108,Completed,Mobile App,43.38
TXN-12812,06/05/2026 16:26,Store 5,108,Discount applied,Mobile App,7.11
TXN-12813,25/05/2026 19:39,Store 6,104,Completed,Mobile App,12.83
TXN-12814,23/05/2026 17:17,Store 4,100,Completed,Credit Card,37.13
TXN-12815,04/05/2026 20:55,Store 6,104,Completed,Mobile App,14.61
TXN-12816,17/05/2026 12:04,Store 6,101,Completed,Mobile App,36.46
TXN-12817,12/05/2026 7:33,Store 6,106,Completed,Credit Card,18.59
TXN-12818,12/05/2026 13:32,Store 6,105,Completed,Cash,23.92
TXN-12819,10/05/2026 7:30,Store 1,102,Completed,Credit Card,13.06
TXN-12820,11/05/2026 7:00,Store 4,110,Completed,Credit Card,32.08
TXN-12821,11/05/2026 16:31,Store 3,110,Completed,Credit Card,12.65
TXN-12822,21/05/2026 15:33,Store 1,110,Completed,Credit Card,43.01
TXN-12823,05/05/2026 16:45,Store 6,108,Completed,Mobile App,20.07
TXN-12824,28/05/2026 17:27,Store 3,103,Completed,Cash,37.53
TXN-12825,22/05/2026 16:06,Store 6,100,Completed,Mobile App,8.33
TXN-12826,13/05/2026 9:50,Store 3,100,Completed,Mobile App,41.41
TXN-12827,10/05/2026 20:26,Store 3,103,Completed,Credit Card,18.47
TXN-12828,09/05/2026 20:13,Store 3,100,Completed,Cash,40.62
TXN-12829,22/05/2026 9:27,Store 4,100,Completed,Cash,23.66
TXN-12830,10/05/2026 14:46,Store 3,105,Completed,Credit Card,39.54
TXN-12831,09/05/2026 13:53,Store 3,101,Completed,Mobile App,18.11
TXN-12832,17/05/2026 17:51,Store 4,110,Completed,Mobile App,25.02
TXN-12833,18/05/2026 14:20,Store 5,109,Completed,Mobile App,23.45
TXN-12834,01/05/2026 17:55,Store 2,104,Completed,Credit Card,34.36
TXN-12835,09/05/2026 19:52,Store 6,106,Completed,Credit Card,34.58
TXN-12836,30/05/2026 14:28,Store 3,108,Completed,Cash,25.17
TXN-12837,06/05/2026 7:18,Store 5,105,Discount applied,Mobile App,28.88
TXN-12838,13/05/2026 14:34,Store 6,110,Completed,Credit Card,40.62
TXN-12839,28/05/2026 9:01,Store 4,110,Completed,Credit Card,26.96
TXN-12840,09/05/2026 8:23,Store 1,100,Completed,Cash,44.13
TXN-12841,22/05/2026 19:13,Store 5,110,Refund,Cash,9.41
TXN-12842,07/05/2026 18:38,Store 6,105,Discount applied,Mobile App,31.33
TXN-12843,14/05/2026 21:18,Store 2,109,Completed,Mobile App,38.53
TXN-12844,11/05/2026 18:29,Store 3,106,Completed,Credit Card,33.83
TXN-12845,24/05/2026 10:43,Store 6,102,Completed,Credit Card,9.68
TXN-12846,26/05/2026 12:51,Store 3,101,Discount applied,Mobile App,28.71
TXN-12847,23/05/2026 17:39,Store 6,104,Completed,Cash,44.59
TXN-12848,11/05/2026 12:24,Store 2,110,Completed,Mobile App,5.77
TXN-12849,06/05/2026 19:41,Store 4,102,Completed,Credit Card,38.03
TXN-12850,15/05/2026 9:33,Store 1,100,Completed,Credit Card,18.56
TXN-12851,15/05/2026 13:06,Store 2,109,Completed,Mobile App,26.82
TXN-12852,13/05/2026 16:24,Store 1,106,Completed,Credit Card,24.53
TXN-12853,26/05/2026 14:07,Store 1,101,Completed,Cash,33.22
TXN-12854,09/05/2026 13:15,Store 2,107,Completed,Credit Card,20.91
TXN-12855,16/05/2026 7:33,Store 5,110,Completed,Cash,43.84
TXN-12856,03/05/2026 20:32,Store 4,110,Completed,Cash,40.42
TXN-12857,02/05/2026 21:04,Store 4,105,Completed,Credit Card,26.72
TXN-12858,07/05/2026 7:38,Store 1,105,Completed,Credit Card,11.6
TXN-12859,26/05/2026 20:24,Store 2,102,Completed,Cash,43.18
TXN-12860,28/05/2026 21:59,Store 5,110,Completed,Credit Card,39.58
TXN-12861,13/05/2026 21:33,Store 4,105,Completed,Mobile App,23.72
TXN-12862,27/05/2026 7:32,Store 2,108,Completed,Cash,12.26
TXN-12863,03/05/2026 8:29,Store 3,100,Completed,Cash,6.35
TXN-12864,09/05/2026 14:58,Store 2,107,Completed,Credit Card,23.24
TXN-12865,16/05/2026 20:26,Store 3,103,Completed,Mobile App,20.38
TXN-12866,17/05/2026 20:19,Store 4,105,Completed,Credit Card,23.66
TXN-12867,17/05/2026 18:44,Store 3,110,Completed,Credit Card,34.07
TXN-12868,20/05/2026 11:11,Store 3,105,Completed,Credit Card,17.9
TXN-12869,03/05/2026 21:44,Store 3,110,Completed,Mobile App,8.08
TXN-12870,28/05/2026 19:04,Store 5,110,Completed,Cash,25.39
TXN-12871,19/05/2026 13:19,Store 6,102,Completed,Credit Card,12.4
TXN-12872,23/05/2026 10:50,Store 3,106,Completed,Credit Card,13.13
TXN-12873,12/05/2026 17:28,Store 3,103,Completed,Credit Card,20.34
TXN-12874,14/05/2026 13:35,Store 5,104,Completed,Cash,20.12
TXN-12875,24/05/2026 11:34,Store 2,107,Completed,Credit Card,19.17
TXN-12876,25/05/2026 11:33,Store 5,108,Completed,Mobile App,39.32
TXN-12877,17/05/2026 8:10,Store 5,100,Completed,Credit Card,41.44
TXN-12878,30/05/2026 14:47,Store 4,104,Completed,Mobile App,42.8
TXN-12879,11/05/2026 16:06,Store 3,104,Completed,Mobile App,18.13
TXN-12880,04/05/2026 21:42,Store 3,103,Completed,Cash,29.79
TXN-12881,19/05/2026 20:22,Store 3,103,Completed,Mobile App,25.24
TXN-12882,25/05/2026 13:44,Store 2,105,Completed,Cash,7.82
TXN-12883,16/05/2026 13:03,Store 3,106,Discount applied,Cash,31.36
TXN-12884,23/05/2026 10:14,Store 6,110,Completed,Credit Card,41.14
TXN-12885,06/05/2026 16:07,Store 2,108,Completed,Mobile App,33.21
TXN-12886,18/05/2026 21:28,Store 6,110,Completed,Mobile App,42.34
TXN-12887,24/05/2026 16:19,Store 6,110,Completed,Mobile App,23.93
TXN-12888,04/05/2026 13:06,Store 2,104,Void,Cash,33.6
TXN-12889,30/05/2026 9:39,Store 2,109,Void,Credit Card,22.76
TXN-12890,05/05/2026 20:18,Store 4,106,Completed,Mobile App,23.23
TXN-12891,10/05/2026 21:14,Store 1,109,Completed,Credit Card,43.52
TXN-12892,27/05/2026 7:09,Store 6,104,Completed,Cash,9.65
TXN-12893,14/05/2026 20:33,Store 6,102,Completed,Mobile App,28.28
TXN-12894,02/05/2026 21:46,Store 1,105,Completed,Cash,42.14
TXN-12895,07/05/2026 15:22,Store 5,101,Completed,Credit Card,42.73
TXN-12896,04/05/2026 19:07,Store 3,102,Completed,Cash,29.77
TXN-12897,29/05/2026 21:02,Store 5,100,Completed,Credit Card,42.53
TXN-12898,27/05/2026 20:48,Store 5,101,Completed,Cash,23.23
TXN-12899,26/05/2026 21:48,Store 6,105,Completed,Credit Card,22.48
TXN-12900,08/05/2026 8:04,Store 4,108,Completed,Cash,19.84
TXN-12901,25/05/2026 12:56,Store 1,105,Completed,Credit Card,7.23
TXN-12902,13/05/2026 19:16,Store 1,109,Completed,Credit Card,22.78
TXN-12903,19/05/2026 18:36,Store 4,108,Completed,Mobile App,43.41
TXN-12904,17/05/2026 17:01,Store 3,106,Completed,Credit Card,24.7
TXN-12905,17/05/2026 17:25,Store 3,101,Completed,Cash,11.41
TXN-12906,23/05/2026 7:01,Store 5,100,Completed,Mobile App,20.67
TXN-12907,17/05/2026 7:30,Store 5,110,Completed,Cash,33.06
TXN-12908,07/05/2026 16:32,Store 2,107,Completed,Mobile App,9.14
TXN-12909,24/05/2026 11:05,Store 2,107,Completed,Credit Card,12.83
TXN-12910,03/05/2026 14:03,Store 2,107,Completed,Mobile App,25.48
TXN-12911,09/05/2026 9:38,Store 3,105,Completed,Credit Card,24.36
TXN-12912,24/05/2026 13:45,Store 5,110,Completed,Cash,41.18
TXN-12913,19/05/2026 13:31,Store 6,101,Completed,Credit Card,24.34
TXN-12914,25/05/2026 11:52,Store 5,110,Completed,Credit Card,13.67
TXN-12915,08/05/2026 11:51,Store 5,104,Completed,Credit Card,27.76
TXN-12916,23/05/2026 10:51,Store 6,109,Completed,Credit Card,40.08
TXN-12917,25/05/2026 18:51,Store 3,102,Completed,Credit Card,32.52
TXN-12918,12/05/2026 13:40,Store 5,108,Completed,Cash,5.6
TXN-12919,24/05/2026 21:21,Store 1,110,Completed,Cash,31.96
TXN-12920,26/05/2026 7:20,Store 2,110,Completed,Cash,35.41
TXN-12921,25/05/2026 14:45,Store 4,101,Completed,Cash,28.8
TXN-12922,24/05/2026 12:08,Store 6,109,Completed,Cash,38.97
TXN-12923,29/05/2026 11:14,Store 5,101,Completed,Credit Card,11.17
TXN-12924,30/05/2026 14:56,Store 1,104,Completed,Cash,24.76
TXN-12925,26/05/2026 20:38,Store 1,108,Completed,Credit Card,22.83
TXN-12926,04/05/2026 8:14,Store 2,110,Completed,Mobile App,31.85
TXN-12927,01/05/2026 19:13,Store 1,105,Completed,Cash,5.2
TXN-12928,27/05/2026 15:04,Store 5,100,Completed,Credit Card,39.89
TXN-12929,22/05/2026 14:40,Store 2,110,Void,Credit Card,28.55
TXN-12930,11/05/2026 13:01,Store 4,104,Completed,Cash,18.39
TXN-12931,22/05/2026 15:40,Store 1,102,Completed,Credit Card,29.7
TXN-12932,23/05/2026 13:23,Store 3,108,Completed,Credit Card,34.63
TXN-12933,18/05/2026 17:16,Store 3,103,Completed,Cash,38.33
TXN-12934,01/05/2026 13:55,Store 2,109,Completed,Mobile App,6.49
TXN-12935,24/05/2026 13:52,Store 4,109,Completed,Cash,24.39
TXN-12936,14/05/2026 18:18,Store 3,104,Completed,Cash,32.07
TXN-12937,25/05/2026 17:48,Store 2,108,Completed,Cash,36.62
TXN-12938,23/05/2026 14:51,Store 4,104,Void,Credit Card,8.05
TXN-12939,26/05/2026 21:18,Store 6,109,Completed,Credit Card,5.05
TXN-12940,23/05/2026 19:16,Store 4,110,Completed,Cash,27.25
TXN-12941,25/05/2026 7:01,Store 6,105,Completed,Mobile App,25.2
TXN-12942,13/05/2026 13:28,Store 1,101,Completed,Cash,42.1
TXN-12943,07/05/2026 18:04,Store 6,109,Completed,Cash,43.82
TXN-12944,29/05/2026 15:49,Store 4,100,Completed,Mobile App,32.34
TXN-12945,22/05/2026 9:22,Store 4,104,Completed,Credit Card,34.64
TXN-12946,03/05/2026 9:17,Store 3,102,Completed,Credit Card,33.49
TXN-12947,06/05/2026 18:11,Store 2,109,Completed,Cash,37.25
TXN-12948,12/05/2026 16:30,Store 6,102,Completed,Cash,21.68
TXN-12949,09/05/2026 20:01,Store 4,105,Completed,Credit Card,7.14
TXN-12950,11/05/2026 21:01,Store 5,104,Completed,Mobile App,22.24
TXN-12951,24/05/2026 9:15,Store 3,102,Completed,Credit Card,38.12
TXN-12952,01/05/2026 16:36,Store 1,109,Completed,Credit Card,6.59
TXN-12953,27/05/2026 12:03,Store 1,104,Completed,Cash,39.82
TXN-12954,29/05/2026 7:55,Store 1,105,Completed,Credit Card,44.5
TXN-12955,11/05/2026 11:49,Store 5,102,Completed,Mobile App,21.11
TXN-12956,05/05/2026 11:04,Store 2,106,Completed,Mobile App,23.45
TXN-12957,16/05/2026 10:01,Store 6,102,Completed,Cash,35.68
TXN-12958,05/05/2026 7:50,Store 4,101,Completed,Credit Card,37.85
TXN-12959,16/05/2026 20:52,Store 3,103,Completed,Cash,6.24
TXN-12960,16/05/2026 14:30,Store 2,110,Completed,Credit Card,10.36
TXN-12961,17/05/2026 17:48,Store 6,110,Completed,Cash,20.46
TXN-12962,23/05/2026 8:44,Store 1,110,Void,Credit Card,12.7
TXN-12963,26/05/2026 21:30,Store 2,106,Completed,Cash,32.93
TXN-12964,23/05/2026 16:57,Store 4,102,Completed,Credit Card,32.97
TXN-12965,01/05/2026 21:39,Store 6,102,Completed,Credit Card,8.12
TXN-12966,02/05/2026 13:03,Store 3,105,Completed,Cash,9.05
TXN-12967,17/05/2026 23:04,Store 3,103,Void,Cash,36.67
TXN-12968,29/05/2026 13:22,Store 6,106,Completed,Mobile App,44.76
TXN-12969,21/05/2026 20:49,Store 5,102,Completed,Cash,26.06
TXN-12970,30/05/2026 10:14,Store 3,104,Completed,Credit Card,16.06
TXN-12971,08/05/2026 20:59,Store 4,108,Completed,Cash,15.88
TXN-12972,18/05/2026 7:13,Store 3,110,Completed,Credit Card,41.65
TXN-12973,15/05/2026 14:28,Store 5,106,Completed,Credit Card,36.75
TXN-12974,20/05/2026 21:01,Store 6,105,Completed,Credit Card,18.94
TXN-12975,30/05/2026 20:16,Store 3,103,Completed,Credit Card,35.48
TXN-12976,20/05/2026 18:10,Store 5,100,Completed,Credit Card,6.54
TXN-12977,26/05/2026 19:25,Store 2,100,Completed,Credit Card,24.64
TXN-12978,24/05/2026 12:03,Store 1,110,Completed,Cash,8.04
TXN-12979,11/05/2026 16:58,Store 6,109,Completed,Credit Card,13.08
TXN-12980,25/05/2026 12:04,Store 4,106,Completed,Credit Card,10.84
TXN-12981,02/05/2026 20:14,Store 1,102,Completed,Credit Card,6.52
TXN-12982,01/05/2026 9:47,Store 4,108,Completed,Cash,40.32
TXN-12983,15/05/2026 18:38,Store 5,108,Void,Mobile App,8.32
TXN-12984,20/05/2026 8:33,Store 2,106,Completed,Mobile App,7.8
TXN-12985,03/05/2026 11:27,Store 4,109,Completed,Mobile App,6.34
TXN-12986,13/05/2026 15:33,Store 1,101,Completed,Cash,32.95
TXN-12987,17/05/2026 22:02,Store 3,103,Void,Cash,30.85
TXN-12988,29/05/2026 15:30,Store 5,109,Void,Cash,11.93
TXN-12989,19/05/2026 16:09,Store 1,106,Completed,Credit Card,44.52
TXN-12990,02/05/2026 11:54,Store 3,108,Void,Cash,10.08
TXN-12991,09/05/2026 14:14,Store 4,105,Completed,Mobile App,19.26
TXN-12992,21/05/2026 8:12,Store 5,108,Completed,Credit Card,39.99
TXN-12993,18/05/2026 7:31,Store 4,102,Completed,Cash,5.76
TXN-12994,21/05/2026 10:01,Store 5,106,Refund,Mobile App,12.75
TXN-12995,11/05/2026 11:26,Store 5,108,Completed,Mobile App,29.77
TXN-12996,03/05/2026 20:50,Store 2,110,Completed,Cash,16.24
TXN-12997,15/05/2026 12:35,Store 2,107,Completed,Credit Card,16.43
TXN-12998,29/05/2026 10:55,Store 6,102,Completed,Credit Card,19.51
TXN-12999,05/05/2026 17:24,Store 5,108,Completed,Mobile App,41.17
TXN-13000,01/05/2026 16:29,Store 2,109,Completed,Cash,38.34
TXN-13001,18/05/2026 12:41,Store 2,107,Completed,Mobile App,10.78
TXN-13002,07/05/2026 17:38,Store 3,103,Completed,Mobile App,17.39
TXN-13003,18/05/2026 7:43,Store 2,105,Completed,Credit Card,36.38
TXN-13004,01/05/2026 13:31,Store 2,100,Completed,Credit Card,38.86
TXN-13005,25/05/2026 15:40,Store 2,107,Completed,Cash,5.9
TXN-13006,26/05/2026 12:38,Store 4,109,Completed,Credit Card,6.42
TXN-13007,10/05/2026 19:02,Store 1,108,Discount applied,Credit Card,22.02
TXN-13008,06/05/2026 15:30,Store 6,106,Completed,Credit Card,23.27
TXN-13009,27/05/2026 18:42,Store 1,109,Completed,Credit Card,15.77
TXN-13010,29/05/2026 9:36,Store 2,104,Void,Credit Card,17.82
TXN-13011,20/05/2026 10:43,Store 2,104,Completed,Credit Card,16.52
TXN-13012,14/05/2026 10:48,Store 2,107,Completed,Credit Card,25.23
TXN-13013,21/05/2026 9:27,Store 2,105,Completed,Mobile App,34.89
TXN-13014,30/05/2026 18:28,Store 3,103,Completed,Credit Card,20.8
TXN-13015,29/05/2026 14:51,Store 1,106,Completed,Credit Card,12.71
TXN-13016,23/05/2026 8:39,Store 3,110,Completed,Credit Card,19.6
TXN-13017,03/05/2026 10:19,Store 1,106,Completed,Mobile App,7.16
TXN-13018,08/05/2026 17:15,Store 2,108,Completed,Mobile App,41.28
TXN-13019,14/05/2026 8:52,Store 2,106,Completed,Cash,5.19
TXN-13020,24/05/2026 20:30,Store 4,102,Completed,Credit Card,38.59
TXN-13021,08/05/2026 10:27,Store 4,110,Completed,Mobile App,43.92
TXN-13022,28/05/2026 20:55,Store 6,100,Completed,Mobile App,8.4
TXN-13023,19/05/2026 8:02,Store 1,101,Completed,Credit Card,25.78
TXN-13024,09/05/2026 10:20,Store 4,105,Completed,Cash,38.89
TXN-13025,03/05/2026 7:33,Store 5,109,Completed,Credit Card,39.71
TXN-13026,16/05/2026 13:31,Store 3,100,Completed,Credit Card,42.41
TXN-13027,29/05/2026 11:28,Store 1,101,Completed,Credit Card,17.59
TXN-13028,04/05/2026 15:15,Store 2,107,Completed,Mobile App,27.52
TXN-13029,02/05/2026 11:26,Store 1,109,Completed,Cash,30.66
TXN-13030,07/05/2026 18:49,Store 1,105,Completed,Cash,9.2
TXN-13031,23/05/2026 10:56,Store 4,100,Completed,Mobile App,13.66
TXN-13032,03/05/2026 10:43,Store 3,100,Completed,Mobile App,43.03
TXN-13033,01/05/2026 20:28,Store 3,109,Completed,Cash,26.14
TXN-13034,24/05/2026 10:45,Store 2,107,Completed,Mobile App,30.94
TXN-13035,18/05/2026 7:15,Store 1,109,Completed,Mobile App,13.55
TXN-13036,19/05/2026 10:55,Store 6,104,Completed,Credit Card,19.54
TXN-13037,02/05/2026 13:07,Store 2,100,Completed,Credit Card,21.72
TXN-13038,26/05/2026 8:48,Store 4,109,Completed,Credit Card,39.14
TXN-13039,09/05/2026 14:27,Store 5,109,Completed,Cash,7.33
TXN-13040,08/05/2026 21:31,Store 3,103,Completed,Mobile App,26.05
TXN-13041,15/05/2026 20:15,Store 2,104,Completed,Credit Card,40.55
TXN-13042,07/05/2026 10:17,Store 3,105,Completed,Credit Card,30.98
TXN-13043,21/05/2026 12:43,Store 3,106,Completed,Credit Card,25.14
TXN-13044,26/05/2026 21:58,Store 1,102,Void,Credit Card,23.84
TXN-13045,27/05/2026 12:20,Store 3,106,Completed,Mobile App,23.15
TXN-13046,10/05/2026 19:50,Store 6,101,Completed,Cash,12.09
TXN-13047,22/05/2026 21:29,Store 6,101,Completed,Credit Card,36.29
TXN-13048,29/05/2026 13:43,Store 4,106,Completed,Mobile App,6.99
TXN-13049,30/05/2026 20:43,Store 1,102,Completed,Mobile App,11.34
TXN-13050,26/05/2026 11:45,Store 1,100,Completed,Credit Card,21.99
TXN-13051,05/05/2026 21:42,Store 3,105,Completed,Credit Card,36.72
TXN-13052,05/05/2026 20:27,Store 4,100,Completed,Credit Card,30.84
TXN-13053,16/05/2026 19:47,Store 3,104,Discount applied,Credit Card,29.41
TXN-13054,18/05/2026 7:37,Store 3,102,Completed,Mobile App,31.8
TXN-13055,02/05/2026 11:54,Store 3,101,Completed,Credit Card,39.51
TXN-13056,22/05/2026 17:07,Store 2,107,Completed,Cash,6.95
TXN-13057,30/05/2026 21:21,Store 2,102,Completed,Cash,44.73
TXN-13058,02/05/2026 7:33,Store 3,108,Completed,Cash,14.77
TXN-13059,06/05/2026 12:07,Store 4,108,Completed,Credit Card,38.27
TXN-13060,10/05/2026 13:05,Store 4,108,Completed,Cash,16.14
TXN-13061,13/05/2026 8:41,Store 1,100,Refund,Mobile App,5.21
TXN-13062,10/05/2026 15:25,Store 3,109,Completed,Credit Card,27.46
TXN-13063,04/05/2026 11:37,Store 4,109,Completed,Cash,7.87
TXN-13064,15/05/2026 18:16,Store 5,104,Completed,Mobile App,29.29
TXN-13065,01/05/2026 15:54,Store 3,110,Completed,Credit Card,31.99
TXN-13066,26/05/2026 11:47,Store 6,101,Completed,Credit Card,6.35
TXN-13067,12/05/2026 20:38,Store 2,110,Completed,Mobile App,37.68
TXN-13068,09/05/2026 20:41,Store 4,100,Completed,Cash,14.99
TXN-13069,11/05/2026 13:48,Store 5,109,Completed,Credit Card,30.46
TXN-13070,14/05/2026 20:46,Store 4,109,Completed,Mobile App,17.29
TXN-13071,13/05/2026 14:02,Store 5,105,Completed,Mobile App,44.34
TXN-13072,24/05/2026 8:23,Store 2,109,Completed,Cash,15.3
TXN-13073,04/05/2026 8:58,Store 4,105,Completed,Credit Card,12.96
TXN-13074,25/05/2026 19:16,Store 2,101,Void,Cash,25.24
TXN-13075,05/05/2026 18:46,Store 6,104,Completed,Mobile App,40.7
TXN-13076,20/05/2026 15:51,Store 6,110,Completed,Cash,20.26
TXN-13077,05/05/2026 18:43,Store 2,104,Completed,Mobile App,21.41
TXN-13078,13/05/2026 13:05,Store 2,107,Completed,Mobile App,16.7
TXN-13079,21/05/2026 11:01,Store 6,102,Completed,Credit Card,37.7
TXN-13080,25/05/2026 13:57,Store 1,109,Completed,Cash,34.97
TXN-13081,06/05/2026 21:05,Store 5,106,Completed,Cash,34.24
TXN-13082,12/05/2026 16:23,Store 4,104,Completed,Cash,14.55
TXN-13083,13/05/2026 22:29,Store 3,103,Void,Cash,36.47
TXN-13084,19/05/2026 14:40,Store 3,105,Completed,Cash,24.25
TXN-13085,07/05/2026 15:55,Store 6,109,Completed,Cash,33.68
TXN-13086,02/05/2026 7:25,Store 6,101,Completed,Cash,13.65
TXN-13087,16/05/2026 13:22,Store 4,104,Completed,Credit Card,7.59
TXN-13088,03/05/2026 21:45,Store 4,100,Completed,Cash,19.89
TXN-13089,04/05/2026 8:34,Store 6,109,Completed,Credit Card,26.04
TXN-13090,23/05/2026 16:31,Store 6,100,Completed,Credit Card,10.33
TXN-13091,03/05/2026 8:35,Store 4,105,Completed,Cash,14.39
TXN-13092,25/05/2026 8:17,Store 2,104,Completed,Cash,5.54
TXN-13093,06/05/2026 20:27,Store 2,105,Discount applied,Cash,24.47
TXN-13094,24/05/2026 14:30,Store 3,109,Completed,Mobile App,40.55
TXN-13095,18/05/2026 16:13,Store 1,110,Completed,Credit Card,42.57
TXN-13096,17/05/2026 11:17,Store 3,104,Completed,Mobile App,38.54
TXN-13097,18/05/2026 9:09,Store 6,101,Completed,Cash,15.66
TXN-13098,05/05/2026 21:59,Store 6,100,Completed,Credit Card,41.23
TXN-13099,19/05/2026 11:23,Store 4,102,Completed,Mobile App,34.96
TXN-13100,29/05/2026 20:52,Store 6,106,Void,Credit Card,31.05
TXN-13101,06/05/2026 17:40,Store 3,108,Completed,Cash,40.77
TXN-13102,26/05/2026 8:43,Store 6,109,Refund,Credit Card,16.52
TXN-13103,20/05/2026 7:48,Store 1,109,Refund,Mobile App,21.96
TXN-13104,14/05/2026 21:50,Store 4,106,Completed,Credit Card,22.71
TXN-13105,26/05/2026 21:43,Store 3,100,Void,Mobile App,13.93
TXN-13106,07/05/2026 13:18,Store 2,104,Completed,Mobile App,38.18
TXN-13107,11/05/2026 10:05,Store 5,109,Completed,Cash,11.54
TXN-13108,20/05/2026 9:44,Store 6,101,Completed,Credit Card,39.63
TXN-13109,22/05/2026 8:13,Store 2,104,Completed,Mobile App,36.46
TXN-13110,15/05/2026 9:32,Store 4,106,Completed,Credit Card,11.66
TXN-13111,25/05/2026 18:11,Store 6,110,Completed,Cash,16.06
TXN-13112,26/05/2026 16:46,Store 6,102,Completed,Mobile App,32.57
TXN-13113,11/05/2026 20:12,Store 4,102,Completed,Credit Card,16.51
TXN-13114,11/05/2026 20:13,Store 1,105,Completed,Credit Card,39.61
TXN-13115,22/05/2026 20:15,Store 3,103,Completed,Cash,24.07
TXN-13116,26/05/2026 19:05,Store 3,103,Completed,Cash,31.69
TXN-13117,21/05/2026 8:20,Store 3,109,Completed,Credit Card,28.89
TXN-13118,09/05/2026 13:14,Store 4,102,Completed,Cash,34.16
TXN-13119,30/05/2026 18:54,Store 4,105,Completed,Mobile App,10.3
TXN-13120,16/05/2026 12:02,Store 6,108,Completed,Cash,25.78
TXN-13121,21/05/2026 9:26,Store 4,104,Completed,Credit Card,9.55
TXN-13122,18/05/2026 14:08,Store 3,104,Completed,Mobile App,18.01
TXN-13123,03/05/2026 21:56,Store 2,106,Completed,Cash,21.54
TXN-13124,06/05/2026 8:01,Store 2,105,Completed,Mobile App,23.71
TXN-13125,30/05/2026 15:20,Store 5,108,Refund,Credit Card,9.21
TXN-13126,05/05/2026 13:49,Store 3,105,Completed,Mobile App,30.66
TXN-13127,01/05/2026 16:21,Store 5,106,Completed,Credit Card,18.41
TXN-13128,16/05/2026 9:05,Store 2,107,Discount applied,Cash,31.69
TXN-13129,24/05/2026 10:46,Store 2,109,Completed,Cash,16.52
TXN-13130,11/05/2026 13:42,Store 6,110,Discount applied,Mobile App,7.91
TXN-13131,11/05/2026 9:11,Store 2,101,Completed,Credit Card,39.67
TXN-13132,30/05/2026 19:40,Store 2,109,Completed,Credit Card,20.57
TXN-13133,07/05/2026 19:34,Store 4,110,Completed,Credit Card,26.24
TXN-13134,05/05/2026 15:36,Store 6,106,Completed,Cash,22.47
TXN-13135,19/05/2026 17:09,Store 3,101,Completed,Mobile App,31.24
TXN-13136,25/05/2026 18:08,Store 5,110,Completed,Mobile App,30.66
TXN-13137,10/05/2026 18:14,Store 1,101,Completed,Credit Card,14.51
TXN-13138,13/05/2026 18:47,Store 5,102,Completed,Cash,18.59
TXN-13139,11/05/2026 18:45,Store 1,104,Completed,Cash,36.4
TXN-13140,22/05/2026 19:25,Store 4,108,Completed,Mobile App,16.99
TXN-13141,11/05/2026 8:35,Store 5,102,Completed,Credit Card,12.37
TXN-13142,13/05/2026 19:15,Store 5,101,Completed,Cash,36.34
TXN-13143,30/05/2026 17:01,Store 5,109,Completed,Credit Card,40.37
TXN-13144,27/05/2026 17:39,Store 1,104,Completed,Credit Card,15.02
TXN-13145,19/05/2026 7:37,Store 4,105,Void,Credit Card,26.6
TXN-13146,16/05/2026 18:02,Store 6,104,Completed,Mobile App,14.27
TXN-13147,03/05/2026 15:46,Store 4,106,Completed,Credit Card,9.53
TXN-13148,12/05/2026 13:09,Store 2,107,Completed,Cash,17.88
TXN-13149,02/05/2026 14:08,Store 1,109,Completed,Cash,15.8
TXN-13150,26/05/2026 21:19,Store 5,101,Completed,Mobile App,32.32
TXN-13151,24/05/2026 14:33,Store 1,100,Completed,Cash,40.25
TXN-13152,28/05/2026 13:04,Store 4,108,Completed,Credit Card,26.69
TXN-13153,02/05/2026 13:08,Store 5,108,Completed,Credit Card,35.26
TXN-13154,12/05/2026 9:21,Store 6,106,Completed,Credit Card,42.63
TXN-13155,06/05/2026 21:03,Store 5,102,Completed,Credit Card,31.35
TXN-13156,11/05/2026 17:14,Store 3,103,Completed,Cash,13.3
TXN-13157,14/05/2026 7:21,Store 5,106,Completed,Cash,43.39
TXN-13158,24/05/2026 16:45,Store 5,106,Completed,Mobile App,44.01
TXN-13159,13/05/2026 11:55,Store 3,109,Completed,Credit Card,14.55
TXN-13160,07/05/2026 21:33,Store 5,101,Completed,Credit Card,7.72
TXN-13161,08/05/2026 16:26,Store 2,107,Completed,Mobile App,23.37
TXN-13162,01/05/2026 7:42,Store 2,100,Completed,Credit Card,23.88
TXN-13163,05/05/2026 21:29,Store 3,100,Completed,Mobile App,17.66
TXN-13164,04/05/2026 21:00,Store 5,102,Completed,Cash,7.84
TXN-13165,06/05/2026 10:07,Store 6,106,Completed,Cash,28.44
TXN-13166,26/05/2026 10:52,Store 2,105,Void,Mobile App,20.92
TXN-13167,18/05/2026 20:15,Store 6,101,Completed,Mobile App,41.39
TXN-13168,28/05/2026 19:10,Store 3,103,Completed,Cash,15.16
TXN-13169,01/05/2026 17:31,Store 3,103,Completed,Cash,27.13
TXN-13170,22/05/2026 14:12,Store 2,107,Completed,Credit Card,26.02
TXN-13171,29/05/2026 11:54,Store 3,110,Completed,Cash,43.25
TXN-13172,30/05/2026 10:59,Store 6,104,Completed,Cash,38.51
TXN-13173,03/05/2026 9:03,Store 6,101,Completed,Cash,38.26
TXN-13174,15/05/2026 10:49,Store 2,110,Completed,Cash,27.94
TXN-13175,27/05/2026 20:01,Store 3,102,Completed,Credit Card,33.97
TXN-13176,18/05/2026 17:43,Store 1,100,Completed,Credit Card,26.23
TXN-13177,14/05/2026 8:18,Store 4,101,Completed,Credit Card,34.33
TXN-13178,18/05/2026 12:36,Store 4,105,Completed,Mobile App,41.07
TXN-13179,28/05/2026 14:29,Store 3,106,Completed,Mobile App,15.9
TXN-13180,03/05/2026 13:35,Store 6,101,Completed,Credit Card,16.05
TXN-13181,05/05/2026 18:15,Store 4,106,Completed,Credit Card,27.11
TXN-13182,01/05/2026 22:51,Store 3,103,Void,Cash,40.59
TXN-13183,06/05/2026 20:38,Store 6,101,Completed,Credit Card,22.89
TXN-13184,12/05/2026 21:50,Store 2,102,Completed,Mobile App,21.98
TXN-13185,13/05/2026 21:44,Store 3,103,Void,Cash,26.31
TXN-13186,28/05/2026 14:16,Store 3,106,Completed,Credit Card,41.05
TXN-13187,21/05/2026 20:01,Store 3,104,Completed,Cash,19.44
TXN-13188,02/05/2026 9:10,Store 4,100,Completed,Cash,15
TXN-13189,26/05/2026 13:04,Store 6,108,Completed,Credit Card,28.29
TXN-13190,17/05/2026 22:58,Store 3,103,Void,Cash,39.53
TXN-13191,06/05/2026 7:30,Store 3,102,Completed,Cash,22.97
TXN-13192,19/05/2026 17:39,Store 4,104,Void,Cash,11.18
TXN-13193,01/05/2026 20:27,Store 6,108,Completed,Credit Card,28.9
TXN-13194,07/05/2026 15:28,Store 1,102,Completed,Cash,28.47
TXN-13195,21/05/2026 19:12,Store 5,102,Completed,Credit Card,43.86
TXN-13196,25/05/2026 14:32,Store 2,107,Completed,Cash,38.73
TXN-13197,05/05/2026 15:22,Store 3,102,Completed,Credit Card,42.86
TXN-13198,26/05/2026 9:50,Store 5,102,Refund,Credit Card,6.93
TXN-13199,16/05/2026 12:09,Store 3,110,Completed,Credit Card,27.01
TXN-13200,22/05/2026 12:11,Store 1,109,Completed,Cash,31.88
TXN-13201,05/05/2026 8:42,Store 1,101,Completed,Credit Card,37.36
TXN-13202,12/05/2026 21:01,Store 3,104,Completed,Credit Card,12.85
TXN-13203,12/05/2026 7:17,Store 2,109,Completed,Credit Card,29.24
TXN-13204,02/05/2026 15:31,Store 3,102,Completed,Mobile App,24.23
TXN-13205,20/05/2026 10:36,Store 6,106,Completed,Credit Card,27.01
TXN-13206,13/05/2026 18:41,Store 5,100,Completed,Credit Card,41.41
TXN-13207,11/05/2026 9:28,Store 3,104,Completed,Credit Card,41.05
TXN-13208,30/05/2026 19:12,Store 4,104,Completed,Mobile App,30.13
TXN-13209,04/05/2026 10:21,Store 2,108,Completed,Credit Card,10.46
TXN-13210,03/05/2026 19:47,Store 2,100,Completed,Credit Card,30.57
TXN-13211,21/05/2026 8:36,Store 2,105,Completed,Cash,29.89
TXN-13212,25/05/2026 17:00,Store 3,102,Completed,Credit Card,31.32
TXN-13213,25/05/2026 19:10,Store 1,109,Completed,Cash,17.65
TXN-13214,26/05/2026 13:27,Store 3,106,Completed,Credit Card,9.36
TXN-13215,19/05/2026 16:30,Store 1,100,Completed,Credit Card,43.24
TXN-13216,13/05/2026 7:34,Store 3,105,Discount applied,Cash,36.86
TXN-13217,21/05/2026 7:05,Store 6,106,Completed,Credit Card,24.77
TXN-13218,28/05/2026 15:59,Store 2,109,Completed,Credit Card,40.1
TXN-13219,06/05/2026 7:39,Store 1,102,Completed,Credit Card,32.43
TXN-13220,06/05/2026 18:07,Store 3,103,Completed,Credit Card,14.46
TXN-13221,29/05/2026 8:24,Store 6,109,Completed,Credit Card,43.26
TXN-13222,11/05/2026 9:39,Store 5,100,Completed,Cash,39.2
TXN-13223,19/05/2026 8:08,Store 1,104,Completed,Cash,19.56
TXN-13224,27/05/2026 9:59,Store 1,101,Completed,Cash,32.64
TXN-13225,13/05/2026 9:53,Store 1,108,Completed,Credit Card,21.4
TXN-13226,24/05/2026 18:34,Store 4,110,Completed,Mobile App,24.53
TXN-13227,17/05/2026 11:03,Store 2,107,Completed,Mobile App,39.96
TXN-13228,17/05/2026 12:15,Store 4,105,Completed,Cash,37.46
TXN-13229,24/05/2026 19:54,Store 6,104,Completed,Mobile App,8.38
TXN-13230,04/05/2026 14:38,Store 6,110,Completed,Cash,20.74
TXN-13231,24/05/2026 17:30,Store 3,103,Completed,Mobile App,10.01
TXN-13232,22/05/2026 15:56,Store 1,106,Completed,Mobile App,33.26
TXN-13233,18/05/2026 10:34,Store 2,101,Completed,Cash,34.65
TXN-13234,25/05/2026 16:26,Store 3,104,Completed,Credit Card,40.56
TXN-13235,27/05/2026 19:13,Store 5,102,Completed,Mobile App,37.94
TXN-13236,16/05/2026 15:15,Store 2,100,Completed,Credit Card,36.25
TXN-13237,14/05/2026 19:59,Store 6,108,Discount applied,Cash,15.83
TXN-13238,25/05/2026 19:15,Store 6,110,Void,Cash,5.72
TXN-13239,19/05/2026 7:15,Store 4,104,Completed,Cash,15.28
TXN-13240,10/05/2026 14:30,Store 5,109,Completed,Credit Card,5.26
TXN-13241,23/05/2026 15:52,Store 5,102,Completed,Mobile App,34.56
TXN-13242,22/05/2026 16:36,Store 2,104,Completed,Credit Card,40.52
TXN-13243,25/05/2026 18:50,Store 2,102,Completed,Credit Card,11.9
TXN-13244,23/05/2026 17:44,Store 2,107,Completed,Cash,19.99
TXN-13245,22/05/2026 14:31,Store 2,105,Completed,Mobile App,19.29
TXN-13246,06/05/2026 13:28,Store 1,102,Completed,Cash,24.26
TXN-13247,30/05/2026 12:18,Store 5,102,Refund,Cash,15.52
TXN-13248,06/05/2026 14:55,Store 6,102,Completed,Cash,19.77
TXN-13249,28/05/2026 10:13,Store 3,109,Completed,Credit Card,15.13
TXN-13250,15/05/2026 13:56,Store 5,101,Completed,Credit Card,32.85
TXN-13251,21/05/2026 11:48,Store 6,106,Completed,Credit Card,31.49
TXN-13252,06/05/2026 18:28,Store 6,105,Completed,Credit Card,5.39
TXN-13253,01/05/2026 21:35,Store 2,100,Completed,Credit Card,41.27
TXN-13254,27/05/2026 8:30,Store 4,105,Completed,Cash,45
TXN-13255,09/05/2026 17:14,Store 5,110,Completed,Cash,8.87
TXN-13256,27/05/2026 8:00,Store 6,100,Completed,Credit Card,32.42
TXN-13257,20/05/2026 13:27,Store 3,110,Completed,Credit Card,36.57
TXN-13258,23/05/2026 15:42,Store 2,107,Completed,Credit Card,34.95
TXN-13259,29/05/2026 12:26,Store 3,100,Completed,Mobile App,10.7
TXN-13260,27/05/2026 13:09,Store 4,109,Completed,Credit Card,43.16
TXN-13261,19/05/2026 8:26,Store 1,101,Completed,Credit Card,23.44
TXN-13262,08/05/2026 10:39,Store 6,108,Refund,Credit Card,16.34
TXN-13263,14/05/2026 20:33,Store 1,101,Completed,Cash,18.61
TXN-13264,16/05/2026 10:53,Store 1,105,Completed,Cash,22.6
TXN-13265,22/05/2026 9:27,Store 3,110,Completed,Credit Card,27.02
TXN-13266,14/05/2026 15:24,Store 5,101,Completed,Mobile App,44.06
TXN-13267,01/05/2026 13:55,Store 5,110,Completed,Credit Card,44.24
TXN-13268,28/05/2026 12:24,Store 3,102,Completed,Credit Card,7.48
TXN-13269,15/05/2026 12:59,Store 2,105,Completed,Mobile App,23.33
TXN-13270,12/05/2026 16:19,Store 4,101,Refund,Credit Card,14.19
TXN-13271,19/05/2026 15:43,Store 6,102,Completed,Mobile App,17.36
TXN-13272,08/05/2026 17:04,Store 3,103,Completed,Mobile App,10.44
TXN-13273,25/05/2026 17:44,Store 1,100,Completed,Cash,6.21
TXN-13274,18/05/2026 20:47,Store 4,110,Completed,Mobile App,9.2
TXN-13275,22/05/2026 10:09,Store 2,101,Completed,Credit Card,10.05
TXN-13276,23/05/2026 16:11,Store 5,102,Completed,Credit Card,20.5
TXN-13277,25/05/2026 14:45,Store 2,104,Completed,Credit Card,5.74
TXN-13278,02/05/2026 7:26,Store 2,106,Completed,Cash,23.34
TXN-13279,12/05/2026 17:18,Store 4,101,Completed,Credit Card,31.03
TXN-13280,21/05/2026 17:40,Store 2,104,Completed,Cash,37.13
TXN-13281,29/05/2026 17:28,Store 5,106,Completed,Credit Card,38.72
TXN-13282,08/05/2026 20:35,Store 6,106,Completed,Mobile App,31.13
TXN-13283,21/05/2026 16:06,Store 2,109,Completed,Cash,12.51
TXN-13284,27/05/2026 15:53,Store 2,101,Completed,Mobile App,13.13
TXN-13285,02/05/2026 19:17,Store 3,103,Completed,Credit Card,20.14
TXN-13286,12/05/2026 13:04,Store 6,104,Void,Mobile App,23.69
TXN-13287,02/05/2026 21:22,Store 6,106,Completed,Credit Card,31.87
TXN-13288,11/05/2026 14:18,Store 3,105,Void,Mobile App,18.86
TXN-13289,21/05/2026 11:57,Store 3,104,Completed,Credit Card,7.35
TXN-13290,28/05/2026 15:57,Store 3,105,Completed,Credit Card,43.51
TXN-13291,18/05/2026 12:49,Store 4,104,Completed,Cash,30.95
TXN-13292,11/05/2026 18:30,Store 1,101,Completed,Credit Card,25.75
TXN-13293,27/05/2026 16:03,Store 6,101,Completed,Cash,34.81
TXN-13294,11/05/2026 13:38,Store 6,100,Completed,Credit Card,23.34
TXN-13295,11/05/2026 9:18,Store 4,110,Completed,Credit Card,40.63
TXN-13296,23/05/2026 9:01,Store 3,101,Completed,Credit Card,20.61
TXN-13297,02/05/2026 19:21,Store 5,100,Completed,Cash,27.58
TXN-13298,27/05/2026 19:36,Store 4,104,Completed,Credit Card,18.43
TXN-13299,03/05/2026 19:29,Store 3,102,Completed,Credit Card,43.86
TXN-13300,27/05/2026 17:07,Store 3,103,Completed,Credit Card,24.34
TXN-13301,11/05/2026 9:28,Store 4,102,Completed,Credit Card,34.2
TXN-13302,14/05/2026 18:39,Store 4,106,Completed,Credit Card,38.92
TXN-13303,29/05/2026 11:13,Store 6,105,Completed,Credit Card,10.53
TXN-13304,28/05/2026 7:00,Store 3,106,Completed,Cash,37.5
TXN-13305,09/05/2026 12:43,Store 3,105,Completed,Credit Card,15.39
TXN-13306,01/05/2026 15:17,Store 4,101,Void,Mobile App,25.39
TXN-13307,22/05/2026 19:54,Store 5,101,Refund,Cash,13.54
TXN-13308,16/05/2026 8:22,Store 6,105,Completed,Credit Card,40.66
TXN-13309,07/05/2026 12:41,Store 5,106,Completed,Cash,38.32
TXN-13310,22/05/2026 20:54,Store 3,100,Completed,Mobile App,6.79
TXN-13311,14/05/2026 17:42,Store 6,100,Completed,Credit Card,26.74
TXN-13312,21/05/2026 19:40,Store 2,100,Completed,Credit Card,6.65
TXN-13313,20/05/2026 14:53,Store 5,104,Completed,Credit Card,41.66
TXN-13314,28/05/2026 14:44,Store 3,100,Completed,Credit Card,29.9
TXN-13315,02/05/2026 9:52,Store 1,109,Completed,Mobile App,23.26
TXN-13316,07/05/2026 15:37,Store 2,108,Completed,Mobile App,26.62
TXN-13317,12/05/2026 11:30,Store 5,102,Completed,Credit Card,24.68
TXN-13318,06/05/2026 8:12,Store 4,102,Completed,Cash,7.56
TXN-13319,09/05/2026 16:19,Store 2,107,Completed,Credit Card,12.51
TXN-13320,05/05/2026 11:12,Store 6,104,Completed,Mobile App,44.6
TXN-13321,20/05/2026 11:28,Store 1,100,Completed,Credit Card,35.3
TXN-13322,08/05/2026 21:18,Store 3,103,Completed,Credit Card,5.92
TXN-13323,24/05/2026 15:47,Store 2,107,Completed,Credit Card,39.3
TXN-13324,06/05/2026 14:46,Store 2,107,Discount applied,Cash,30.8
TXN-13325,21/05/2026 12:44,Store 5,110,Completed,Cash,35.37
TXN-13326,25/05/2026 23:55,Store 3,103,Void,Cash,37.17
TXN-13327,29/05/2026 15:46,Store 2,107,Completed,Mobile App,30.71
TXN-13328,09/05/2026 23:49,Store 3,103,Void,Cash,37.48
TXN-13329,28/05/2026 21:58,Store 5,106,Completed,Cash,43.5
TXN-13330,26/05/2026 11:44,Store 3,105,Completed,Credit Card,20.64
TXN-13331,06/05/2026 19:09,Store 3,103,Completed,Cash,6.38
TXN-13332,18/05/2026 16:51,Store 2,107,Completed,Cash,21.04
TXN-13333,03/05/2026 11:19,Store 2,100,Completed,Mobile App,43.61
TXN-13334,26/05/2026 7:11,Store 2,106,Completed,Cash,9.83
TXN-13335,10/05/2026 13:16,Store 6,105,Completed,Mobile App,37.99
TXN-13336,18/05/2026 9:13,Store 2,110,Completed,Cash,36.58
TXN-13337,02/05/2026 19:33,Store 3,103,Completed,Credit Card,5.65
TXN-13338,23/05/2026 11:22,Store 5,100,Completed,Mobile App,37.04
TXN-13339,22/05/2026 7:55,Store 5,109,Completed,Mobile App,5.23
TXN-13340,22/05/2026 16:05,Store 6,106,Completed,Cash,18.21
TXN-13341,03/05/2026 9:54,Store 2,100,Completed,Cash,36.48
TXN-13342,10/05/2026 12:52,Store 5,106,Completed,Cash,37.37
TXN-13343,30/05/2026 14:13,Store 3,104,Completed,Mobile App,31.31
TXN-13344,15/05/2026 13:43,Store 5,108,Discount applied,Cash,32.67
TXN-13345,04/05/2026 14:39,Store 1,108,Completed,Credit Card,34.67
TXN-13346,15/05/2026 21:09,Store 3,102,Completed,Credit Card,39.95
TXN-13347,23/05/2026 13:19,Store 2,102,Completed,Mobile App,32
TXN-13348,19/05/2026 16:00,Store 6,109,Completed,Mobile App,35.33
TXN-13349,08/05/2026 16:08,Store 5,104,Completed,Mobile App,31.66
TXN-13350,06/05/2026 20:53,Store 3,109,Completed,Credit Card,21.35
TXN-13351,24/05/2026 8:19,Store 5,104,Completed,Mobile App,31.17
TXN-13352,12/05/2026 17:11,Store 2,107,Completed,Credit Card,14.24
TXN-13353,13/05/2026 14:50,Store 1,109,Completed,Credit Card,9.05
TXN-13354,08/05/2026 18:52,Store 6,101,Completed,Mobile App,18.78
TXN-13355,11/05/2026 14:51,Store 4,106,Completed,Credit Card,10.03
TXN-13356,29/05/2026 17:08,Store 4,109,Completed,Credit Card,6.56
TXN-13357,15/05/2026 21:44,Store 3,103,Completed,Credit Card,22.08
TXN-13358,18/05/2026 14:18,Store 2,107,Completed,Cash,14.38
TXN-13359,27/05/2026 14:38,Store 4,110,Completed,Cash,32.76
TXN-13360,17/05/2026 21:20,Store 1,108,Completed,Credit Card,24.48
TXN-13361,14/05/2026 10:34,Store 5,106,Completed,Cash,21.94
TXN-13362,05/05/2026 9:53,Store 1,108,Completed,Credit Card,32.08
TXN-13363,05/05/2026 14:23,Store 2,107,Completed,Credit Card,38.25
TXN-13364,30/05/2026 15:59,Store 1,108,Completed,Mobile App,5.25
TXN-13365,25/05/2026 13:05,Store 2,107,Completed,Mobile App,23.74
TXN-13366,19/05/2026 19:48,Store 3,110,Completed,Credit Card,11.74
TXN-13367,04/05/2026 7:45,Store 6,102,Completed,Cash,24.86
TXN-13368,26/05/2026 17:57,Store 2,107,Completed,Mobile App,35.76
TXN-13369,26/05/2026 12:53,Store 2,104,Completed,Credit Card,25.59
TXN-13370,09/05/2026 20:06,Store 3,109,Completed,Credit Card,12.23
TXN-13371,14/05/2026 19:06,Store 3,103,Completed,Cash,33.46
TXN-13372,23/05/2026 15:08,Store 3,100,Refund,Cash,16.07
TXN-13373,17/05/2026 8:54,Store 3,110,Completed,Cash,10.36
TXN-13374,28/05/2026 14:08,Store 3,105,Completed,Cash,39.85
TXN-13375,17/05/2026 7:46,Store 3,102,Completed,Credit Card,35.04
TXN-13376,02/05/2026 11:26,Store 4,109,Completed,Cash,29.06
TXN-13377,17/05/2026 12:40,Store 6,101,Completed,Cash,26.69
TXN-13378,12/05/2026 14:20,Store 6,104,Completed,Cash,25.11
TXN-13379,15/05/2026 17:10,Store 6,105,Completed,Credit Card,24.3
TXN-13380,15/05/2026 15:29,Store 4,105,Completed,Cash,30.04
TXN-13381,09/05/2026 13:19,Store 3,110,Completed,Cash,36.3
TXN-13382,06/05/2026 18:20,Store 4,104,Completed,Cash,9.36
TXN-13383,30/05/2026 12:23,Store 1,100,Completed,Mobile App,37.76
TXN-13384,13/05/2026 23:21,Store 3,103,Void,Cash,22.24
TXN-13385,06/05/2026 20:44,Store 2,102,Completed,Mobile App,11.62
TXN-13386,25/05/2026 20:32,Store 5,102,Completed,Mobile App,44.81
TXN-13387,20/05/2026 18:18,Store 2,106,Completed,Mobile App,36.41
TXN-13388,26/05/2026 11:47,Store 1,104,Refund,Mobile App,10.24
TXN-13389,17/05/2026 18:38,Store 4,106,Completed,Credit Card,18.5
TXN-13390,29/05/2026 11:58,Store 4,102,Discount applied,Credit Card,8.62
TXN-13391,02/05/2026 12:02,Store 5,108,Completed,Cash,9.36
TXN-13392,08/05/2026 18:46,Store 2,109,Completed,Credit Card,24.16
TXN-13393,27/05/2026 20:49,Store 6,100,Completed,Credit Card,36.19
TXN-13394,10/05/2026 8:14,Store 5,105,Completed,Cash,27.08
TXN-13395,25/05/2026 20:39,Store 4,110,Completed,Credit Card,6.05
TXN-13396,09/05/2026 16:40,Store 4,105,Void,Credit Card,20.76
TXN-13397,13/05/2026 15:41,Store 3,106,Completed,Cash,5.13
TXN-13398,28/05/2026 7:53,Store 3,100,Completed,Mobile App,13.95
TXN-13399,21/05/2026 8:13,Store 4,110,Refund,Cash,17.47
TXN-13400,19/05/2026 14:02,Store 6,105,Completed,Credit Card,17.52
TXN-13401,04/05/2026 11:24,Store 3,105,Completed,Credit Card,20.38
TXN-13402,12/05/2026 21:43,Store 4,104,Completed,Mobile App,28.77
TXN-13403,07/05/2026 21:34,Store 5,101,Completed,Credit Card,36.49
TXN-13404,28/05/2026 12:26,Store 3,105,Discount applied,Mobile App,7.91
TXN-13405,16/05/2026 20:09,Store 2,105,Completed,Cash,43.44
TXN-13406,15/05/2026 10:16,Store 1,102,Completed,Credit Card,8.3
TXN-13407,19/05/2026 16:51,Store 1,100,Completed,Credit Card,22.35
TXN-13408,08/05/2026 9:51,Store 1,108,Completed,Mobile App,7.01
TXN-13409,24/05/2026 9:13,Store 2,104,Completed,Credit Card,11.76
TXN-13410,16/05/2026 18:49,Store 2,104,Completed,Mobile App,34.6
TXN-13411,27/05/2026 10:49,Store 2,107,Completed,Cash,5.58
TXN-13412,25/05/2026 11:23,Store 2,109,Completed,Credit Card,20.96
TXN-13413,15/05/2026 18:11,Store 3,103,Completed,Mobile App,20.57
TXN-13414,24/05/2026 18:39,Store 5,109,Completed,Cash,36.81
TXN-13415,19/05/2026 19:34,Store 3,110,Completed,Credit Card,43.26
TXN-13416,12/05/2026 17:15,Store 2,107,Completed,Mobile App,28.92
TXN-13417,04/05/2026 11:23,Store 5,104,Completed,Mobile App,26.36
TXN-13418,20/05/2026 13:24,Store 4,104,Completed,Cash,24
TXN-13419,26/05/2026 11:29,Store 4,101,Completed,Credit Card,39.57
TXN-13420,04/05/2026 16:33,Store 4,101,Completed,Mobile App,40.9
TXN-13421,20/05/2026 21:05,Store 4,104,Completed,Credit Card,29.78
TXN-13422,07/05/2026 8:04,Store 5,110,Completed,Credit Card,24.34
TXN-13423,28/05/2026 13:39,Store 6,106,Completed,Mobile App,18.4
TXN-13424,14/05/2026 15:31,Store 4,101,Completed,Credit Card,17.58
TXN-13425,17/05/2026 10:57,Store 1,110,Completed,Mobile App,43.33
TXN-13426,16/05/2026 11:12,Store 2,107,Completed,Mobile App,10.53
TXN-13427,27/05/2026 14:50,Store 1,110,Void,Credit Card,25.39
TXN-13428,27/05/2026 14:55,Store 1,105,Completed,Credit Card,42.4
TXN-13429,16/05/2026 14:18,Store 3,110,Completed,Credit Card,40.92
TXN-13430,13/05/2026 19:10,Store 4,110,Completed,Credit Card,38.18
TXN-13431,01/05/2026 9:30,Store 1,102,Completed,Mobile App,19.47
TXN-13432,23/05/2026 12:30,Store 1,108,Completed,Cash,16.52
TXN-13433,18/05/2026 7:43,Store 5,101,Completed,Cash,39.91
TXN-13434,13/05/2026 16:03,Store 6,100,Completed,Credit Card,26.95
TXN-13435,26/05/2026 18:24,Store 3,103,Completed,Mobile App,22.9
TXN-13436,26/05/2026 12:54,Store 6,109,Completed,Cash,15.29
TXN-13437,27/05/2026 13:06,Store 1,101,Completed,Mobile App,35.58
TXN-13438,25/05/2026 15:35,Store 2,107,Completed,Mobile App,17.74
TXN-13439,13/05/2026 19:12,Store 1,105,Completed,Credit Card,35.93
TXN-13440,01/05/2026 21:42,Store 3,102,Completed,Cash,11.98
TXN-13441,05/05/2026 11:05,Store 6,110,Completed,Credit Card,42.6
TXN-13442,11/05/2026 19:01,Store 3,102,Completed,Credit Card,12.03
TXN-13443,07/05/2026 20:51,Store 5,109,Completed,Credit Card,11.3
TXN-13444,24/05/2026 14:38,Store 4,100,Completed,Mobile App,40.74
TXN-13445,21/05/2026 16:34,Store 6,110,Refund,Credit Card,23.73
TXN-13446,17/05/2026 17:19,Store 6,109,Completed,Cash,28.97
TXN-13447,29/05/2026 12:32,Store 6,106,Void,Credit Card,17.81
TXN-13448,25/05/2026 14:17,Store 2,107,Completed,Mobile App,30.12
TXN-13449,09/05/2026 11:27,Store 6,106,Completed,Cash,37.78
TXN-13450,01/05/2026 16:43,Store 1,108,Completed,Mobile App,38.15
TXN-13451,07/05/2026 17:57,Store 2,107,Completed,Mobile App,10.36
TXN-13452,02/05/2026 7:52,Store 3,108,Completed,Credit Card,6.87
TXN-13453,06/05/2026 18:36,Store 5,109,Completed,Mobile App,7.84
TXN-13454,06/05/2026 20:12,Store 5,108,Completed,Mobile App,15
TXN-13455,21/05/2026 8:06,Store 2,106,Void,Cash,24.69
TXN-13456,02/05/2026 9:41,Store 6,106,Completed,Credit Card,5.19
TXN-13457,15/05/2026 11:49,Store 2,107,Completed,Cash,6.33
TXN-13458,19/05/2026 19:49,Store 3,105,Completed,Credit Card,9.66
TXN-13459,07/05/2026 8:43,Store 6,106,Completed,Mobile App,44.5
TXN-13460,23/05/2026 20:45,Store 4,106,Completed,Mobile App,37.94
TXN-13461,21/05/2026 18:09,Store 6,104,Completed,Mobile App,22.7
TXN-13462,11/05/2026 8:54,Store 5,100,Completed,Credit Card,43.66
TXN-13463,17/05/2026 14:01,Store 6,105,Void,Credit Card,10.17
TXN-13464,23/05/2026 12:08,Store 4,108,Completed,Mobile App,27.1
TXN-13465,13/05/2026 12:04,Store 6,105,Completed,Credit Card,40.14
TXN-13466,26/05/2026 20:00,Store 6,102,Completed,Credit Card,15.28
TXN-13467,25/05/2026 12:51,Store 5,109,Completed,Cash,14.08
TXN-13468,04/05/2026 13:59,Store 1,105,Completed,Cash,32.76
TXN-13469,19/05/2026 8:19,Store 2,110,Completed,Cash,38.22
TXN-13470,05/05/2026 12:41,Store 4,101,Completed,Cash,25.69
TXN-13471,05/05/2026 12:52,Store 2,109,Completed,Cash,31.55
TXN-13472,01/05/2026 10:30,Store 6,101,Completed,Cash,25.78
TXN-13473,08/05/2026 11:12,Store 5,108,Completed,Credit Card,43.96
TXN-13474,18/05/2026 19:44,Store 3,103,Completed,Cash,34.85
TXN-13475,12/05/2026 10:28,Store 2,107,Completed,Cash,9.48
TXN-13476,04/05/2026 18:34,Store 3,103,Completed,Credit Card,30.68
TXN-13477,08/05/2026 8:17,Store 5,104,Completed,Mobile App,41.97
TXN-13478,16/05/2026 19:43,Store 4,110,Completed,Credit Card,35.58
TXN-13479,17/05/2026 7:24,Store 5,101,Completed,Credit Card,17.64
TXN-13480,07/05/2026 17:30,Store 1,106,Discount applied,Credit Card,25.99
TXN-13481,13/05/2026 15:30,Store 2,104,Completed,Credit Card,10.57
TXN-13482,25/05/2026 20:50,Store 3,103,Completed,Cash,11.37
TXN-13483,17/05/2026 20:00,Store 6,106,Completed,Mobile App,39.67
TXN-13484,09/05/2026 13:00,Store 3,102,Completed,Credit Card,24.53
TXN-13485,29/05/2026 17:53,Store 3,102,Completed,Credit Card,28.66
TXN-13486,22/05/2026 21:39,Store 3,106,Completed,Cash,24.14
TXN-13487,22/05/2026 17:54,Store 1,105,Completed,Credit Card,27.64
TXN-13488,16/05/2026 15:30,Store 3,102,Completed,Cash,27.19
TXN-13489,15/05/2026 20:17,Store 2,100,Completed,Cash,33.7
TXN-13490,14/05/2026 15:50,Store 1,106,Discount applied,Mobile App,12.89
TXN-13491,03/05/2026 15:46,Store 4,106,Completed,Mobile App,20.09
TXN-13492,16/05/2026 19:25,Store 3,110,Completed,Credit Card,24.84
TXN-13493,08/05/2026 7:56,Store 1,109,Completed,Mobile App,37.41
TXN-13494,14/05/2026 8:11,Store 6,101,Completed,Cash,6.77
TXN-13495,27/05/2026 14:05,Store 1,101,Void,Cash,5.03
TXN-13496,21/05/2026 20:21,Store 2,109,Completed,Mobile App,9.88
TXN-13497,13/05/2026 8:03,Store 3,102,Completed,Credit Card,16.19
TXN-13498,02/05/2026 15:20,Store 2,100,Completed,Cash,9.08
TXN-13499,23/05/2026 17:20,Store 5,106,Completed,Credit Card,28.38
TXN-13500,17/05/2026 16:09,Store 6,104,Completed,Credit Card,29.61
TXN-13501,28/05/2026 19:43,Store 5,101,Completed,Cash,38.18
TXN-13502,14/05/2026 8:43,Store 2,100,Completed,Credit Card,6.62
TXN-13503,10/05/2026 13:02,Store 1,101,Completed,Cash,19.83
TXN-13504,05/05/2026 15:46,Store 3,110,Completed,Cash,17.23
TXN-13505,17/05/2026 14:10,Store 1,101,Completed,Credit Card,6.4
TXN-13506,10/05/2026 12:46,Store 1,102,Completed,Credit Card,33.06
TXN-13507,15/05/2026 12:48,Store 1,108,Completed,Credit Card,13.22
TXN-13508,29/05/2026 21:59,Store 6,109,Completed,Credit Card,10.07
TXN-13509,25/05/2026 10:31,Store 4,100,Completed,Credit Card,6.1
TXN-13510,18/05/2026 19:50,Store 6,110,Completed,Credit Card,20.94
TXN-13511,28/05/2026 14:30,Store 1,102,Completed,Mobile App,8.17
TXN-13512,15/05/2026 16:03,Store 3,108,Completed,Credit Card,33.84
TXN-13513,23/05/2026 12:11,Store 1,105,Completed,Credit Card,40.9
TXN-13514,11/05/2026 13:24,Store 4,102,Completed,Mobile App,27.28
TXN-13515,09/05/2026 14:06,Store 3,102,Completed,Credit Card,44.8
TXN-13516,12/05/2026 10:45,Store 1,110,Completed,Mobile App,14.67
TXN-13517,15/05/2026 20:55,Store 6,102,Completed,Mobile App,11.91
TXN-13518,07/05/2026 20:05,Store 5,102,Completed,Cash,42.67
TXN-13519,30/05/2026 9:13,Store 2,101,Completed,Cash,39.15
TXN-13520,18/05/2026 16:30,Store 3,108,Completed,Cash,23.77
TXN-13521,25/05/2026 7:22,Store 4,100,Completed,Cash,18.02
TXN-13522,18/05/2026 16:56,Store 6,110,Completed,Mobile App,10.1
TXN-13523,19/05/2026 8:54,Store 5,101,Refund,Cash,24.47
TXN-13524,11/05/2026 14:09,Store 2,108,Completed,Cash,29.25
TXN-13525,19/05/2026 13:46,Store 1,101,Completed,Cash,44.79
TXN-13526,01/05/2026 16:06,Store 2,102,Discount applied,Cash,7.28
TXN-13527,09/05/2026 17:37,Store 2,107,Completed,Credit Card,5.8
TXN-13528,15/05/2026 16:36,Store 5,109,Completed,Credit Card,44.63
TXN-13529,01/05/2026 17:12,Store 2,104,Completed,Credit Card,7.78
TXN-13530,21/05/2026 15:20,Store 1,105,Completed,Credit Card,23.58
TXN-13531,06/05/2026 14:19,Store 1,108,Completed,Credit Card,38.3
TXN-13532,28/05/2026 18:47,Store 5,104,Completed,Credit Card,40.07
TXN-13533,23/05/2026 11:19,Store 3,106,Completed,Mobile App,30.36
TXN-13534,13/05/2026 21:41,Store 1,100,Completed,Credit Card,32.78
TXN-13535,20/05/2026 16:45,Store 3,100,Completed,Cash,40.6
TXN-13536,21/05/2026 19:25,Store 4,101,Completed,Credit Card,24.34
TXN-13537,05/05/2026 14:41,Store 5,102,Completed,Credit Card,23.42
TXN-13538,26/05/2026 18:55,Store 5,105,Void,Credit Card,11.28
TXN-13539,01/05/2026 9:58,Store 6,109,Completed,Mobile App,17.73
TXN-13540,03/05/2026 8:25,Store 1,110,Completed,Credit Card,9.59
TXN-13541,05/05/2026 10:10,Store 1,100,Completed,Cash,18.92
TXN-13542,02/05/2026 16:52,Store 3,106,Completed,Credit Card,13.57
TXN-13543,17/05/2026 18:31,Store 2,102,Completed,Credit Card,12.81
TXN-13544,29/05/2026 18:28,Store 6,101,Completed,Mobile App,30.61
TXN-13545,19/05/2026 17:11,Store 5,104,Completed,Credit Card,34.84
TXN-13546,05/05/2026 13:42,Store 3,101,Completed,Credit Card,30.79
TXN-13547,27/05/2026 15:30,Store 4,108,Completed,Credit Card,14.95
TXN-13548,29/05/2026 20:05,Store 1,110,Completed,Mobile App,7.99
TXN-13549,29/05/2026 19:03,Store 2,106,Completed,Cash,34.35
TXN-13550,22/05/2026 8:30,Store 3,105,Discount applied,Cash,27.42
TXN-13551,24/05/2026 11:09,Store 4,100,Completed,Cash,42.28
TXN-13552,09/05/2026 11:59,Store 5,104,Completed,Cash,39.39
TXN-13553,05/05/2026 7:28,Store 4,105,Completed,Credit Card,13.27
TXN-13554,18/05/2026 19:50,Store 3,103,Completed,Mobile App,29.99
TXN-13555,13/05/2026 16:14,Store 3,105,Completed,Mobile App,22.62
TXN-13556,01/05/2026 9:20,Store 2,107,Completed,Mobile App,39.28
TXN-13557,11/05/2026 19:35,Store 6,105,Completed,Credit Card,25.49
TXN-13558,12/05/2026 18:05,Store 3,103,Completed,Credit Card,11.32
TXN-13559,25/05/2026 21:01,Store 3,101,Completed,Credit Card,25.95
TXN-13560,15/05/2026 16:46,Store 6,100,Completed,Credit Card,32.8
TXN-13561,20/05/2026 14:17,Store 2,107,Completed,Credit Card,17.78
TXN-13562,29/05/2026 15:12,Store 1,110,Completed,Credit Card,18.12
TXN-13563,28/05/2026 10:30,Store 1,109,Completed,Cash,27.69
TXN-13564,04/05/2026 10:13,Store 2,108,Completed,Credit Card,5.02
TXN-13565,06/05/2026 7:28,Store 5,105,Completed,Credit Card,15.44
TXN-13566,29/05/2026 13:15,Store 5,105,Completed,Mobile App,11.19
TXN-13567,18/05/2026 11:38,Store 5,106,Completed,Credit Card,33.16
TXN-13568,29/05/2026 17:50,Store 6,109,Discount applied,Mobile App,35.36
TXN-13569,24/05/2026 15:34,Store 6,106,Completed,Mobile App,23.59
TXN-13570,24/05/2026 11:16,Store 3,104,Completed,Cash,8.68
TXN-13571,17/05/2026 19:52,Store 3,110,Completed,Credit Card,10.08
TXN-13572,30/05/2026 14:25,Store 3,101,Completed,Credit Card,42.51
TXN-13573,07/05/2026 20:47,Store 5,110,Refund,Credit Card,11.41
TXN-13574,12/05/2026 11:59,Store 6,105,Completed,Credit Card,10.67
TXN-13575,30/05/2026 20:08,Store 3,103,Completed,Cash,25.57
TXN-13576,01/05/2026 15:07,Store 2,109,Completed,Cash,23.12
TXN-13577,20/05/2026 10:20,Store 2,104,Completed,Credit Card,35.08
TXN-13578,17/05/2026 18:13,Store 3,103,Completed,Cash,25.48
TXN-13579,04/05/2026 9:18,Store 2,105,Completed,Credit Card,44.76
TXN-13580,10/05/2026 7:18,Store 3,102,Completed,Mobile App,41.96
TXN-13581,25/05/2026 21:20,Store 3,103,Completed,Credit Card,10.48
TXN-13582,13/05/2026 9:48,Store 6,104,Completed,Cash,24.62
TXN-13583,27/05/2026 16:24,Store 6,105,Completed,Credit Card,15.59
TXN-13584,24/05/2026 17:51,Store 3,103,Completed,Credit Card,20.65
TXN-13585,25/05/2026 8:54,Store 6,102,Completed,Credit Card,7.9
TXN-13586,23/05/2026 19:55,Store 3,103,Completed,Mobile App,14.94
TXN-13587,29/05/2026 19:41,Store 3,103,Completed,Mobile App,24.35
TXN-13588,12/05/2026 19:04,Store 3,100,Completed,Credit Card,30.13
TXN-13589,03/05/2026 9:54,Store 4,102,Completed,Cash,36.22
TXN-13590,03/05/2026 9:55,Store 3,104,Completed,Credit Card,28.33
TXN-13591,26/05/2026 17:03,Store 1,109,Completed,Credit Card,40.62
TXN-13592,18/05/2026 21:03,Store 5,100,Completed,Cash,25.38
TXN-13593,08/05/2026 16:15,Store 5,108,Refund,Credit Card,12.68
TXN-13594,08/05/2026 16:26,Store 3,103,Completed,Credit Card,35.31
TXN-13595,17/05/2026 22:43,Store 3,103,Void,Cash,25.22
TXN-13596,30/05/2026 14:25,Store 6,101,Completed,Mobile App,6.16
TXN-13597,26/05/2026 19:34,Store 3,103,Completed,Credit Card,11.39
TXN-13598,07/05/2026 16:54,Store 5,100,Completed,Mobile App,40.94
TXN-13599,09/05/2026 19:27,Store 2,106,Completed,Credit Card,14.51
TXN-13600,01/05/2026 20:14,Store 2,105,Completed,Credit Card,30.32
TXN-13601,06/05/2026 8:44,Store 1,101,Completed,Credit Card,23.15
TXN-13602,25/05/2026 19:32,Store 3,103,Completed,Cash,32.32
TXN-13603,28/05/2026 13:27,Store 5,104,Completed,Credit Card,32.17
TXN-13604,05/05/2026 20:16,Store 1,101,Completed,Mobile App,36.66
TXN-13605,03/05/2026 12:15,Store 6,110,Completed,Credit Card,37.7
TXN-13606,22/05/2026 18:21,Store 4,100,Completed,Cash,7.3
TXN-13607,20/05/2026 21:16,Store 3,109,Completed,Cash,31.22
TXN-13608,07/05/2026 11:26,Store 5,104,Completed,Mobile App,20.09
TXN-13609,17/05/2026 17:13,Store 4,101,Completed,Cash,33.93
TXN-13610,09/05/2026 15:24,Store 1,104,Refund,Credit Card,12.26
TXN-13611,26/05/2026 12:33,Store 6,100,Completed,Cash,25.65
TXN-13612,01/05/2026 14:31,Store 5,105,Completed,Mobile App,5.23
TXN-13613,28/05/2026 8:32,Store 4,106,Completed,Cash,13.03
TXN-13614,30/05/2026 18:35,Store 3,105,Completed,Cash,18.47
TXN-13615,17/05/2026 21:32,Store 4,108,Completed,Mobile App,15.97
TXN-13616,11/05/2026 15:23,Store 2,108,Completed,Cash,27.69
TXN-13617,08/05/2026 9:41,Store 4,108,Completed,Credit Card,39.42
TXN-13618,07/05/2026 16:06,Store 5,100,Completed,Cash,36.84
TXN-13619,23/05/2026 18:37,Store 1,106,Completed,Credit Card,41.54
TXN-13620,19/05/2026 19:47,Store 3,103,Completed,Credit Card,11.99
TXN-13621,24/05/2026 12:18,Store 2,101,Completed,Cash,10.34
TXN-13622,12/05/2026 13:29,Store 3,109,Completed,Credit Card,6.11
TXN-13623,24/05/2026 18:38,Store 5,100,Completed,Mobile App,7.52
TXN-13624,28/05/2026 21:44,Store 1,101,Completed,Credit Card,37.24
TXN-13625,09/05/2026 12:26,Store 3,109,Completed,Credit Card,31.02
TXN-13626,12/05/2026 16:59,Store 1,108,Completed,Mobile App,11.15
TXN-13627,17/05/2026 10:22,Store 3,102,Completed,Mobile App,16.89
TXN-13628,04/05/2026 19:26,Store 2,108,Completed,Mobile App,21.92
TXN-13629,20/05/2026 16:02,Store 3,101,Completed,Cash,39.45
TXN-13630,04/05/2026 14:20,Store 1,109,Completed,Cash,7.73
TXN-13631,02/05/2026 19:37,Store 5,109,Completed,Mobile App,44.91
TXN-13632,13/05/2026 21:58,Store 3,103,Completed,Credit Card,29.29
TXN-13633,19/05/2026 16:58,Store 5,105,Completed,Cash,37.28
TXN-13634,13/05/2026 16:17,Store 5,109,Completed,Mobile App,20.55
TXN-13635,22/05/2026 19:35,Store 3,110,Completed,Cash,15.83
TXN-13636,10/05/2026 19:02,Store 2,102,Completed,Credit Card,33.89
TXN-13637,12/05/2026 10:19,Store 5,100,Completed,Credit Card,28.54
TXN-13638,02/05/2026 21:18,Store 3,103,Completed,Credit Card,17.58
TXN-13639,09/05/2026 12:53,Store 2,109,Completed,Cash,10.22
TXN-13640,28/05/2026 8:54,Store 5,101,Completed,Mobile App,22.76
TXN-13641,01/05/2026 20:23,Store 1,102,Completed,Credit Card,25.3
TXN-13642,27/05/2026 14:03,Store 5,102,Completed,Cash,26.61
TXN-13643,01/05/2026 13:26,Store 2,107,Discount applied,Cash,19.21
TXN-13644,07/05/2026 9:10,Store 1,108,Completed,Credit Card,32.75
TXN-13645,19/05/2026 9:11,Store 5,100,Completed,Credit Card,16.13
TXN-13646,06/05/2026 21:35,Store 2,110,Completed,Credit Card,40.42
TXN-13647,19/05/2026 8:21,Store 6,108,Completed,Credit Card,11.3
TXN-13648,13/05/2026 12:27,Store 1,110,Discount applied,Credit Card,31.52
TXN-13649,01/05/2026 13:37,Store 3,106,Completed,Credit Card,23.98
TXN-13650,10/05/2026 10:07,Store 2,107,Completed,Mobile App,39.11
TXN-13651,18/05/2026 18:53,Store 6,105,Completed,Mobile App,5.73
TXN-13652,06/05/2026 14:34,Store 3,105,Completed,Cash,37.37
TXN-13653,30/05/2026 7:55,Store 1,109,Completed,Credit Card,25.1
TXN-13654,20/05/2026 17:19,Store 6,101,Completed,Cash,20.26
TXN-13655,17/05/2026 7:22,Store 2,108,Discount applied,Cash,11.77
TXN-13656,19/05/2026 8:27,Store 3,104,Completed,Mobile App,43.27
TXN-13657,13/05/2026 18:55,Store 3,103,Completed,Mobile App,26.54
TXN-13658,06/05/2026 21:43,Store 1,104,Completed,Mobile App,21.38
TXN-13659,21/05/2026 12:21,Store 2,108,Completed,Credit Card,23.46
TXN-13660,14/05/2026 15:03,Store 6,108,Completed,Credit Card,19.24
TXN-13661,01/05/2026 11:50,Store 3,102,Completed,Mobile App,12.04
TXN-13662,12/05/2026 10:43,Store 4,102,Completed,Credit Card,8.79
TXN-13663,15/05/2026 21:48,Store 3,108,Completed,Credit Card,34.14
TXN-13664,26/05/2026 14:33,Store 3,100,Completed,Credit Card,14.31
TXN-13665,09/05/2026 12:49,Store 6,109,Completed,Credit Card,15.55
TXN-13666,27/05/2026 13:40,Store 1,106,Completed,Credit Card,33.38
TXN-13667,20/05/2026 13:44,Store 2,107,Completed,Cash,32.17
TXN-13668,16/05/2026 16:39,Store 3,101,Completed,Cash,27.1
TXN-13669,29/05/2026 12:56,Store 1,105,Completed,Mobile App,31.78
TXN-13670,07/05/2026 16:10,Store 4,109,Completed,Cash,36.78
TXN-13671,22/05/2026 20:47,Store 4,104,Completed,Mobile App,30.52
TXN-13672,15/05/2026 18:17,Store 3,100,Completed,Cash,44.73
TXN-13673,01/05/2026 23:50,Store 3,103,Void,Cash,24.88
TXN-13674,14/05/2026 12:45,Store 3,108,Completed,Credit Card,37.64
TXN-13675,04/05/2026 12:31,Store 6,102,Completed,Credit Card,13.9
TXN-13676,11/05/2026 12:48,Store 5,108,Completed,Mobile App,19.08
TXN-13677,14/05/2026 8:59,Store 2,109,Completed,Cash,7.76
TXN-13678,22/05/2026 11:12,Store 1,100,Completed,Cash,34.5
TXN-13679,10/05/2026 20:44,Store 2,109,Completed,Mobile App,36.75
TXN-13680,25/05/2026 16:36,Store 2,107,Completed,Cash,7.22
TXN-13681,17/05/2026 11:51,Store 3,104,Completed,Cash,20.49
TXN-13682,07/05/2026 18:15,Store 3,103,Completed,Credit Card,16.62
TXN-13683,01/05/2026 22:12,Store 3,103,Void,Cash,23.33
TXN-13684,10/05/2026 15:48,Store 1,104,Completed,Mobile App,40.66
TXN-13685,12/05/2026 7:59,Store 2,100,Discount applied,Credit Card,35.06
TXN-13686,07/05/2026 16:10,Store 4,109,Completed,Credit Card,14.75
TXN-13687,03/05/2026 14:40,Store 1,104,Completed,Credit Card,17.83
TXN-13688,26/05/2026 13:05,Store 1,109,Completed,Cash,37.12
TXN-13689,14/05/2026 16:04,Store 3,109,Completed,Mobile App,36.6
TXN-13690,25/05/2026 9:03,Store 5,102,Completed,Cash,39.27
TXN-13691,04/05/2026 21:05,Store 3,101,Completed,Credit Card,9.32
TXN-13692,08/05/2026 10:22,Store 4,101,Completed,Cash,33.95
TXN-13693,22/05/2026 14:08,Store 6,101,Completed,Cash,24.69
TXN-13694,27/05/2026 19:32,Store 1,108,Completed,Credit Card,10.57
TXN-13695,12/05/2026 19:18,Store 3,108,Completed,Cash,41.91
TXN-13696,15/05/2026 9:52,Store 4,102,Completed,Mobile App,24.62
TXN-13697,11/05/2026 20:12,Store 4,102,Completed,Credit Card,41.7
TXN-13698,19/05/2026 15:24,Store 6,100,Completed,Mobile App,18.06
TXN-13699,04/05/2026 9:58,Store 3,109,Completed,Credit Card,18.58
TXN-13700,13/05/2026 23:24,Store 3,103,Void,Cash,34.28
TXN-13701,11/05/2026 13:37,Store 3,101,Completed,Credit Card,13.65
TXN-13702,03/05/2026 20:00,Store 3,106,Completed,Credit Card,42.19
TXN-13703,13/05/2026 9:45,Store 1,106,Completed,Mobile App,19.91
TXN-13704,10/05/2026 19:30,Store 4,108,Completed,Credit Card,33.95
TXN-13705,11/05/2026 7:46,Store 2,102,Completed,Credit Card,14.24
TXN-13706,08/05/2026 19:31,Store 3,100,Completed,Cash,14.36
TXN-13707,04/05/2026 9:17,Store 2,109,Void,Cash,21.49
TXN-13708,20/05/2026 9:04,Store 5,102,Refund,Credit Card,15.33
TXN-13709,15/05/2026 19:02,Store 5,108,Completed,Mobile App,6.19
TXN-13710,18/05/2026 16:11,Store 3,104,Completed,Cash,23.55
TXN-13711,23/05/2026 15:57,Store 4,100,Completed,Credit Card,9.25
TXN-13712,06/05/2026 13:17,Store 2,101,Completed,Credit Card,8.08
TXN-13713,28/05/2026 16:02,Store 5,106,Completed,Credit Card,17.16
TXN-13714,12/05/2026 16:30,Store 2,108,Completed,Mobile App,20.47
TXN-13715,02/05/2026 19:25,Store 3,103,Completed,Mobile App,13.13
TXN-13716,25/05/2026 9:59,Store 1,101,Completed,Cash,17.91
TXN-13717,23/05/2026 20:11,Store 6,108,Completed,Cash,21.62
TXN-13718,28/05/2026 10:36,Store 6,109,Completed,Credit Card,8.18
TXN-13719,21/05/2026 20:01,Store 1,101,Completed,Cash,22.77
TXN-13720,16/05/2026 20:13,Store 2,110,Completed,Credit Card,39.88
TXN-13721,08/05/2026 16:20,Store 2,102,Completed,Mobile App,41.56
TXN-13722,12/05/2026 18:52,Store 2,101,Completed,Mobile App,14.4
TXN-13723,08/05/2026 7:13,Store 3,104,Refund,Mobile App,8.53
TXN-13724,25/05/2026 15:19,Store 1,100,Completed,Credit Card,30.99
TXN-13725,12/05/2026 9:05,Store 1,100,Completed,Cash,36.22
TXN-13726,29/05/2026 20:52,Store 5,100,Completed,Credit Card,19.12
TXN-13727,14/05/2026 14:23,Store 3,104,Completed,Credit Card,24.91
TXN-13728,15/05/2026 15:14,Store 5,109,Completed,Mobile App,8.2
TXN-13729,09/05/2026 10:18,Store 1,110,Completed,Cash,31.96
TXN-13730,30/05/2026 21:25,Store 1,106,Completed,Mobile App,35.74
TXN-13731,28/05/2026 8:11,Store 5,106,Completed,Cash,12.27
TXN-13732,20/05/2026 21:21,Store 3,103,Completed,Cash,28.03
TXN-13733,24/05/2026 19:39,Store 1,102,Completed,Mobile App,29.5
TXN-13734,25/05/2026 9:39,Store 1,109,Completed,Credit Card,14.76
TXN-13735,23/05/2026 10:00,Store 5,102,Void,Mobile App,22.1
TXN-13736,08/05/2026 15:23,Store 5,102,Completed,Credit Card,34.56
TXN-13737,09/05/2026 12:46,Store 3,104,Completed,Cash,22.17
TXN-13738,01/05/2026 13:13,Store 3,102,Completed,Cash,20.24
TXN-13739,09/05/2026 13:30,Store 4,102,Discount applied,Cash,23.45
TXN-13740,15/05/2026 12:25,Store 5,104,Completed,Credit Card,32.62
TXN-13741,09/05/2026 11:54,Store 6,110,Completed,Cash,27.09
TXN-13742,15/05/2026 18:59,Store 6,110,Completed,Cash,18.96
TXN-13743,03/05/2026 21:36,Store 3,103,Completed,Cash,13.68
TXN-13744,27/05/2026 14:02,Store 6,109,Completed,Cash,37.42
TXN-13745,30/05/2026 8:46,Store 1,110,Completed,Credit Card,15.74
TXN-13746,01/05/2026 13:54,Store 6,101,Completed,Credit Card,13.52
TXN-13747,11/05/2026 9:37,Store 2,101,Completed,Cash,22.25
TXN-13748,04/05/2026 17:21,Store 3,100,Completed,Credit Card,29.64
TXN-13749,05/05/2026 13:41,Store 4,104,Completed,Credit Card,40.3
TXN-13750,01/05/2026 7:42,Store 2,109,Completed,Cash,36.04
TXN-13751,28/05/2026 13:16,Store 2,107,Completed,Cash,27.55
TXN-13752,05/05/2026 21:13,Store 2,105,Completed,Mobile App,18.86
TXN-13753,03/05/2026 13:43,Store 2,104,Completed,Credit Card,22.3
TXN-13754,17/05/2026 12:49,Store 5,109,Completed,Credit Card,26.4
TXN-13755,16/05/2026 13:16,Store 1,108,Completed,Credit Card,31.37
TXN-13756,02/05/2026 14:00,Store 5,110,Completed,Cash,44.74
TXN-13757,09/05/2026 16:39,Store 1,105,Completed,Cash,43.24
TXN-13758,26/05/2026 13:42,Store 6,106,Completed,Mobile App,18.2
TXN-13759,25/05/2026 11:18,Store 2,104,Void,Mobile App,8.95
TXN-13760,13/05/2026 10:06,Store 2,107,Completed,Cash,19.13
TXN-13761,19/05/2026 7:06,Store 1,106,Completed,Cash,5.09
TXN-13762,26/05/2026 17:45,Store 2,107,Completed,Mobile App,21.97
TXN-13763,27/05/2026 19:35,Store 3,108,Completed,Cash,15.1
TXN-13764,12/05/2026 8:36,Store 3,105,Completed,Credit Card,24.29
TXN-13765,21/05/2026 21:07,Store 3,103,Completed,Cash,37.27
TXN-13766,12/05/2026 12:53,Store 2,100,Refund,Cash,12.34
TXN-13767,14/05/2026 7:11,Store 3,102,Completed,Mobile App,21.14
TXN-13768,17/05/2026 13:54,Store 2,102,Completed,Cash,9
TXN-13769,04/05/2026 21:14,Store 2,110,Void,Cash,11.97
TXN-13770,26/05/2026 8:46,Store 3,109,Completed,Cash,20.72
TXN-13771,10/05/2026 13:06,Store 6,100,Completed,Credit Card,17.97
TXN-13772,29/05/2026 13:47,Store 3,108,Refund,Credit Card,11.78
TXN-13773,22/05/2026 19:27,Store 6,108,Completed,Credit Card,12.88
TXN-13774,28/05/2026 18:20,Store 3,103,Completed,Mobile App,11.11
TXN-13775,21/05/2026 17:10,Store 1,105,Completed,Credit Card,20.1
TXN-13776,10/05/2026 10:50,Store 3,100,Completed,Mobile App,9.82
TXN-13777,20/05/2026 21:03,Store 3,103,Completed,Credit Card,17.53
TXN-13778,15/05/2026 19:36,Store 3,103,Completed,Credit Card,12.49
TXN-13779,18/05/2026 19:05,Store 6,106,Completed,Credit Card,25.54
TXN-13780,10/05/2026 9:53,Store 1,109,Completed,Mobile App,26.34
TXN-13781,25/05/2026 15:47,Store 2,106,Refund,Credit Card,16.12
TXN-13782,18/05/2026 18:12,Store 3,105,Completed,Credit Card,39.74
TXN-13783,10/05/2026 14:12,Store 1,102,Void,Credit Card,15.8
TXN-13784,24/05/2026 16:15,Store 2,100,Completed,Credit Card,26.62
TXN-13785,02/05/2026 15:29,Store 2,109,Completed,Mobile App,11.86
TXN-13786,23/05/2026 8:28,Store 3,110,Refund,Cash,12.95
TXN-13787,22/05/2026 16:36,Store 4,110,Completed,Credit Card,5.84
TXN-13788,02/05/2026 18:25,Store 4,106,Completed,Credit Card,25.11
TXN-13789,08/05/2026 20:16,Store 6,106,Completed,Credit Card,6.72
TXN-13790,28/05/2026 15:12,Store 6,108,Completed,Credit Card,11.59
TXN-13791,30/05/2026 20:31,Store 2,100,Completed,Mobile App,21.47
TXN-13792,27/05/2026 13:36,Store 2,110,Completed,Cash,44.9
TXN-13793,13/05/2026 7:06,Store 2,105,Completed,Credit Card,5.12
TXN-13794,13/05/2026 18:53,Store 1,106,Completed,Mobile App,12.17
TXN-13795,05/05/2026 13:08,Store 3,105,Completed,Mobile App,42.89
TXN-13796,19/05/2026 20:13,Store 3,103,Completed,Cash,17.39
TXN-13797,23/05/2026 14:51,Store 2,104,Completed,Cash,39.94
TXN-13798,09/05/2026 14:02,Store 4,101,Void,Credit Card,9.37
TXN-13799,07/05/2026 16:18,Store 2,110,Completed,Credit Card,38.55
TXN-13800,19/05/2026 15:47,Store 6,108,Void,Mobile App,31.95
TXN-13801,22/05/2026 15:21,Store 2,107,Completed,Mobile App,18.72
TXN-13802,27/05/2026 15:12,Store 2,107,Completed,Credit Card,26.61
TXN-13803,18/05/2026 15:51,Store 3,108,Completed,Credit Card,44.12
TXN-13804,06/05/2026 11:45,Store 2,106,Completed,Credit Card,24.3
TXN-13805,11/05/2026 14:55,Store 2,107,Completed,Cash,18.34
TXN-13806,20/05/2026 18:55,Store 3,101,Completed,Credit Card,24.89
TXN-13807,08/05/2026 20:34,Store 2,100,Completed,Cash,39.28
TXN-13808,02/05/2026 15:27,Store 2,107,Completed,Credit Card,37.57
TXN-13809,15/05/2026 16:34,Store 2,107,Completed,Cash,7.08
TXN-13810,15/05/2026 9:47,Store 2,101,Completed,Mobile App,28.55
TXN-13811,15/05/2026 13:55,Store 6,101,Refund,Credit Card,9.25
TXN-13812,23/05/2026 18:02,Store 4,108,Completed,Credit Card,39.09
TXN-13813,26/05/2026 17:20,Store 3,106,Completed,Credit Card,39.05
TXN-13814,22/05/2026 16:55,Store 1,101,Completed,Credit Card,7.8
TXN-13815,18/05/2026 13:58,Store 2,104,Completed,Credit Card,37.51
TXN-13816,10/05/2026 16:59,Store 3,101,Completed,Credit Card,20.04
TXN-13817,13/05/2026 17:43,Store 2,101,Completed,Cash,29.01
TXN-13818,14/05/2026 20:52,Store 4,101,Void,Credit Card,31.53
TXN-13819,18/05/2026 10:27,Store 6,109,Completed,Cash,35.05
TXN-13820,02/05/2026 18:28,Store 4,101,Completed,Cash,31.71
TXN-13821,23/05/2026 18:00,Store 2,101,Completed,Cash,41.04
TXN-13822,22/05/2026 8:16,Store 3,101,Completed,Credit Card,25.09
TXN-13823,19/05/2026 19:30,Store 5,100,Completed,Cash,42.74
TXN-13824,09/05/2026 19:05,Store 1,105,Completed,Credit Card,9.51
TXN-13825,06/05/2026 15:47,Store 2,104,Completed,Credit Card,24.22
TXN-13826,14/05/2026 18:04,Store 2,108,Completed,Mobile App,26.4
TXN-13827,27/05/2026 13:32,Store 2,108,Completed,Credit Card,8.82
TXN-13828,28/05/2026 14:13,Store 2,107,Completed,Cash,18.63
TXN-13829,11/05/2026 16:51,Store 2,107,Completed,Mobile App,20.39
TXN-13830,01/05/2026 21:13,Store 6,109,Completed,Mobile App,42.57
TXN-13831,10/05/2026 20:19,Store 3,103,Completed,Cash,8.4
TXN-13832,29/05/2026 14:27,Store 6,102,Completed,Credit Card,24.74
TXN-13833,02/05/2026 8:23,Store 5,108,Completed,Cash,30.23
TXN-13834,15/05/2026 9:27,Store 4,106,Completed,Credit Card,16.05
TXN-13835,29/05/2026 15:43,Store 5,104,Refund,Credit Card,19.12
TXN-13836,01/05/2026 20:58,Store 5,106,Completed,Mobile App,18.35
TXN-13837,21/05/2026 16:18,Store 2,107,Completed,Mobile App,33.44
TXN-13838,15/05/2026 10:37,Store 3,108,Completed,Cash,25.65
TXN-13839,04/05/2026 19:59,Store 2,108,Completed,Cash,40.02
TXN-13840,20/05/2026 19:07,Store 3,103,Completed,Cash,36.88
TXN-13841,01/05/2026 8:16,Store 2,105,Completed,Credit Card,13.35
TXN-13842,15/05/2026 21:26,Store 2,100,Completed,Credit Card,41.12
TXN-13843,30/05/2026 9:49,Store 2,107,Completed,Mobile App,21.41
TXN-13844,12/05/2026 15:24,Store 4,108,Completed,Cash,39.56
TXN-13845,13/05/2026 21:44,Store 3,103,Completed,Cash,29.36
TXN-13846,25/05/2026 23:07,Store 3,103,Void,Cash,24.65
TXN-13847,06/05/2026 12:01,Store 2,107,Completed,Mobile App,22.94
TXN-13848,02/05/2026 9:24,Store 3,109,Completed,Cash,38.59
TXN-13849,03/05/2026 7:35,Store 1,110,Completed,Credit Card,7.11
TXN-13850,24/05/2026 18:34,Store 6,110,Completed,Credit Card,25.66
TXN-13851,02/05/2026 9:28,Store 5,100,Completed,Credit Card,28.07
TXN-13852,21/05/2026 9:31,Store 5,102,Completed,Credit Card,40.23
TXN-13853,23/05/2026 13:39,Store 3,102,Completed,Cash,33.29
TXN-13854,06/05/2026 7:17,Store 6,110,Completed,Mobile App,33.22
TXN-13855,11/05/2026 18:00,Store 4,104,Completed,Credit Card,8.74
TXN-13856,15/05/2026 15:17,Store 2,107,Completed,Cash,18.11
TXN-13857,18/05/2026 13:44,Store 2,104,Completed,Credit Card,44.08
TXN-13858,19/05/2026 7:55,Store 4,106,Completed,Mobile App,34.24
TXN-13859,04/05/2026 15:24,Store 1,110,Completed,Credit Card,14.05
TXN-13860,12/05/2026 13:30,Store 4,104,Completed,Cash,24.61
TXN-13861,03/05/2026 12:10,Store 2,102,Void,Mobile App,6.78
TXN-13862,13/05/2026 12:17,Store 2,107,Completed,Cash,22.75
TXN-13863,19/05/2026 10:41,Store 1,105,Completed,Cash,25.45
TXN-13864,12/05/2026 18:55,Store 6,106,Completed,Cash,8.11
TXN-13865,21/05/2026 9:16,Store 6,104,Completed,Cash,20.96
TXN-13866,17/05/2026 12:00,Store 2,108,Completed,Credit Card,31.96
TXN-13867,25/05/2026 21:56,Store 2,100,Completed,Mobile App,31.35
TXN-13868,15/05/2026 7:04,Store 6,110,Completed,Mobile App,12.63
TXN-13869,08/05/2026 17:00,Store 1,106,Completed,Mobile App,16.04
TXN-13870,28/05/2026 14:26,Store 2,100,Completed,Credit Card,28.87
TXN-13871,30/05/2026 21:10,Store 6,108,Completed,Credit Card,7.97
TXN-13872,14/05/2026 16:00,Store 3,100,Completed,Cash,40.14
TXN-13873,05/05/2026 17:32,Store 2,102,Completed,Cash,7.24
TXN-13874,21/05/2026 19:13,Store 3,103,Completed,Mobile App,34.14
TXN-13875,28/05/2026 21:23,Store 4,104,Completed,Cash,12.32
TXN-13876,03/05/2026 8:53,Store 2,109,Completed,Cash,34.78
TXN-13877,09/05/2026 17:02,Store 2,106,Completed,Mobile App,10.99
TXN-13878,25/05/2026 11:59,Store 2,107,Refund,Credit Card,32.97
TXN-13879,24/05/2026 21:54,Store 3,103,Completed,Mobile App,9.67
TXN-13880,03/05/2026 9:59,Store 2,104,Completed,Mobile App,29.68
TXN-13881,11/05/2026 13:01,Store 3,101,Completed,Credit Card,33.78
TXN-13882,04/05/2026 12:59,Store 4,105,Completed,Cash,37.76
TXN-13883,08/05/2026 12:43,Store 2,107,Completed,Credit Card,6.02
TXN-13884,15/05/2026 8:26,Store 1,104,Completed,Cash,32.61
TXN-13885,30/05/2026 21:43,Store 3,103,Completed,Mobile App,30.28
TXN-13886,25/05/2026 10:24,Store 2,106,Completed,Mobile App,27.91
TXN-13887,13/05/2026 7:46,Store 1,101,Completed,Credit Card,23.62
TXN-13888,11/05/2026 17:04,Store 2,109,Completed,Mobile App,15.05
TXN-13889,18/05/2026 13:42,Store 1,106,Completed,Credit Card,18.65
TXN-13890,04/05/2026 20:44,Store 5,100,Completed,Credit Card,5.44
TXN-13891,19/05/2026 19:38,Store 4,109,Completed,Credit Card,30.79
TXN-13892,01/05/2026 20:17,Store 4,106,Completed,Cash,39.6
TXN-13893,02/05/2026 17:56,Store 2,107,Completed,Credit Card,14.3
TXN-13894,23/05/2026 10:21,Store 1,109,Completed,Cash,39.81
TXN-13895,12/05/2026 21:59,Store 4,106,Completed,Mobile App,19.28
TXN-13896,10/05/2026 21:54,Store 4,106,Completed,Credit Card,30.21
TXN-13897,16/05/2026 9:47,Store 3,101,Completed,Cash,35.52
TXN-13898,13/05/2026 15:28,Store 3,104,Completed,Cash,38.04
TXN-13899,08/05/2026 15:26,Store 3,109,Completed,Cash,12.55
TXN-13900,11/05/2026 14:23,Store 1,110,Completed,Credit Card,7.19
TXN-13901,18/05/2026 17:10,Store 5,105,Completed,Mobile App,32.43
TXN-13902,21/05/2026 18:49,Store 4,109,Completed,Cash,13.52
TXN-13903,04/05/2026 21:27,Store 6,100,Completed,Credit Card,11.2
TXN-13904,12/05/2026 18:18,Store 3,106,Completed,Cash,16.18
TXN-13905,19/05/2026 10:37,Store 1,102,Completed,Mobile App,16.06
TXN-13906,25/05/2026 9:58,Store 4,105,Completed,Mobile App,18.17
TXN-13907,23/05/2026 16:39,Store 1,108,Void,Mobile App,25.55
TXN-13908,16/05/2026 21:06,Store 6,110,Completed,Mobile App,13
TXN-13909,14/05/2026 13:19,Store 2,102,Completed,Mobile App,19.94
TXN-13910,27/05/2026 9:19,Store 4,109,Completed,Credit Card,7.24
TXN-13911,14/05/2026 14:16,Store 6,110,Completed,Credit Card,19.75
TXN-13912,28/05/2026 11:33,Store 2,105,Discount applied,Cash,32.45
TXN-13913,19/05/2026 9:51,Store 4,110,Completed,Credit Card,5.6
TXN-13914,28/05/2026 20:04,Store 4,102,Completed,Credit Card,31.29
TXN-13915,19/05/2026 13:52,Store 3,105,Completed,Credit Card,31.99
TXN-13916,02/05/2026 11:48,Store 4,109,Completed,Credit Card,28.04
TXN-13917,11/05/2026 15:55,Store 3,104,Void,Mobile App,17.29
TXN-13918,23/05/2026 11:15,Store 3,100,Completed,Cash,8.25
TXN-13919,14/05/2026 18:16,Store 3,104,Completed,Credit Card,23.6
TXN-13920,21/05/2026 15:28,Store 3,105,Completed,Credit Card,27.98
TXN-13921,22/05/2026 18:04,Store 2,108,Completed,Credit Card,15.29
TXN-13922,09/05/2026 9:51,Store 6,106,Discount applied,Cash,16.82
TXN-13923,10/05/2026 11:40,Store 6,100,Completed,Cash,15.88
TXN-13924,13/05/2026 9:23,Store 6,110,Completed,Mobile App,22.83
TXN-13925,24/05/2026 14:30,Store 4,106,Completed,Cash,7.73
TXN-13926,16/05/2026 15:15,Store 6,104,Completed,Cash,31.68
TXN-13927,20/05/2026 8:56,Store 5,101,Completed,Credit Card,16.62
TXN-13928,19/05/2026 19:44,Store 3,103,Completed,Mobile App,9.66
TXN-13929,24/05/2026 9:05,Store 1,106,Completed,Mobile App,21.62
TXN-13930,17/05/2026 14:08,Store 5,104,Completed,Mobile App,42.24
TXN-13931,14/05/2026 17:39,Store 2,106,Completed,Credit Card,7.85
TXN-13932,07/05/2026 15:44,Store 6,109,Completed,Mobile App,8.83
TXN-13933,08/05/2026 8:06,Store 3,100,Completed,Credit Card,44.74
TXN-13934,04/05/2026 7:39,Store 4,106,Completed,Credit Card,19.02
TXN-13935,25/05/2026 16:26,Store 4,102,Discount applied,Credit Card,15.66
TXN-13936,05/05/2026 7:22,Store 1,100,Completed,Mobile App,17.95
TXN-13937,04/05/2026 12:58,Store 5,109,Completed,Cash,24.71
TXN-13938,03/05/2026 20:55,Store 6,106,Completed,Credit Card,7.24
TXN-13939,28/05/2026 19:15,Store 6,109,Completed,Cash,26.26
TXN-13940,12/05/2026 10:39,Store 5,104,Completed,Credit Card,39.71
TXN-13941,21/05/2026 14:10,Store 2,107,Completed,Cash,39.42
TXN-13942,25/05/2026 21:56,Store 6,106,Completed,Credit Card,16.4
TXN-13943,21/05/2026 19:24,Store 1,101,Completed,Credit Card,43.15
TXN-13944,19/05/2026 21:47,Store 3,102,Completed,Cash,43.59
TXN-13945,08/05/2026 21:49,Store 1,109,Completed,Credit Card,23.53
TXN-13946,17/05/2026 7:22,Store 3,101,Completed,Credit Card,9.07
TXN-13947,05/05/2026 19:42,Store 3,102,Discount applied,Credit Card,11.6
TXN-13948,30/05/2026 15:36,Store 5,106,Completed,Cash,42.3
TXN-13949,20/05/2026 17:42,Store 6,106,Completed,Mobile App,30.61
TXN-13950,05/05/2026 18:55,Store 3,100,Completed,Mobile App,29.12
TXN-13951,01/05/2026 13:47,Store 1,110,Completed,Mobile App,32.41
TXN-13952,01/05/2026 20:50,Store 5,102,Completed,Cash,8.73
TXN-13953,09/05/2026 10:37,Store 1,110,Completed,Credit Card,35.88
TXN-13954,16/05/2026 11:05,Store 2,107,Completed,Cash,16.5
TXN-13955,24/05/2026 17:09,Store 4,101,Completed,Cash,6.52
TXN-13956,25/05/2026 21:58,Store 4,110,Completed,Credit Card,19.28
TXN-13957,03/05/2026 16:08,Store 4,109,Completed,Mobile App,37.51
TXN-13958,27/05/2026 21:27,Store 3,100,Completed,Mobile App,6.6
TXN-13959,18/05/2026 21:47,Store 3,104,Completed,Cash,42.15
TXN-13960,30/05/2026 7:50,Store 2,100,Completed,Credit Card,33.51
TXN-13961,08/05/2026 20:33,Store 3,103,Completed,Cash,26.98
TXN-13962,06/05/2026 10:54,Store 6,110,Completed,Credit Card,16.2
TXN-13963,25/05/2026 11:11,Store 6,110,Completed,Credit Card,44.74
TXN-13964,30/05/2026 12:08,Store 1,106,Completed,Credit Card,21.83
TXN-13965,05/05/2026 9:03,Store 1,108,Completed,Credit Card,14.68
TXN-13966,16/05/2026 15:33,Store 3,106,Discount applied,Credit Card,24.26
TXN-13967,01/05/2026 11:13,Store 6,105,Completed,Credit Card,9.68
TXN-13968,03/05/2026 17:52,Store 3,103,Completed,Cash,12.81
TXN-13969,14/05/2026 7:32,Store 1,104,Refund,Credit Card,10.68
TXN-13970,18/05/2026 11:52,Store 4,101,Completed,Credit Card,5.11
TXN-13971,27/05/2026 8:04,Store 3,102,Completed,Mobile App,17.69
TXN-13972,02/05/2026 7:24,Store 4,105,Completed,Mobile App,21.6
TXN-13973,15/05/2026 18:04,Store 5,104,Completed,Credit Card,43.6
TXN-13974,09/05/2026 21:19,Store 3,103,Void,Cash,23.98
TXN-13975,10/05/2026 17:18,Store 2,107,Completed,Credit Card,20.39
TXN-13976,29/05/2026 11:20,Store 2,110,Completed,Mobile App,12.64
TXN-13977,29/05/2026 8:01,Store 5,110,Void,Credit Card,10.82
TXN-13978,12/05/2026 16:05,Store 2,107,Completed,Cash,18.82
TXN-13979,16/05/2026 18:38,Store 3,103,Completed,Credit Card,14.8
TXN-13980,12/05/2026 18:45,Store 3,103,Completed,Credit Card,28.82
TXN-13981,02/05/2026 17:15,Store 1,108,Completed,Cash,41.55
TXN-13982,11/05/2026 21:15,Store 2,106,Completed,Credit Card,17.93
TXN-13983,20/05/2026 19:17,Store 3,103,Completed,Mobile App,29.81
TXN-13984,07/05/2026 15:14,Store 6,102,Refund,Credit Card,7.96
TXN-13985,24/05/2026 16:41,Store 5,110,Completed,Credit Card,22.9
TXN-13986,16/05/2026 9:34,Store 1,102,Void,Mobile App,30.31
TXN-13987,02/05/2026 10:09,Store 2,108,Void,Mobile App,13.86
TXN-13988,13/05/2026 16:58,Store 2,107,Completed,Mobile App,39.01
TXN-13989,04/05/2026 9:15,Store 6,101,Completed,Credit Card,15.99
TXN-13990,07/05/2026 8:59,Store 1,104,Completed,Mobile App,11.59
TXN-13991,09/05/2026 16:12,Store 1,109,Refund,Cash,12.19
TXN-13992,09/05/2026 8:40,Store 2,109,Completed,Cash,37.88
TXN-13993,23/05/2026 14:07,Store 4,106,Completed,Cash,5.09
TXN-13994,01/05/2026 18:52,Store 1,109,Completed,Mobile App,11.17
TXN-13995,22/05/2026 13:33,Store 3,108,Completed,Mobile App,28.56
TXN-13996,03/05/2026 17:24,Store 1,108,Refund,Credit Card,24.23
TXN-13997,20/05/2026 9:54,Store 2,108,Completed,Mobile App,18.54
TXN-13998,20/05/2026 21:12,Store 3,103,Completed,Credit Card,7.48
TXN-13999,14/05/2026 20:28,Store 2,104,Completed,Credit Card,42.88
TXN-14000,01/05/2026 17:59,Store 2,102,Completed,Credit Card,8.56
TXN-14001,12/05/2026 14:55,Store 4,110,Completed,Credit Card,42.25
TXN-14002,15/05/2026 12:57,Store 6,105,Completed,Credit Card,28.51
TXN-14003,28/05/2026 21:27,Store 3,103,Completed,Credit Card,24.78
TXN-14004,27/05/2026 13:32,Store 2,100,Refund,Credit Card,22.22
TXN-14005,10/05/2026 7:13,Store 5,100,Completed,Mobile App,13.25
TXN-14006,24/05/2026 11:21,Store 6,105,Discount applied,Cash,33.02
TXN-14007,10/05/2026 21:21,Store 3,103,Completed,Mobile App,12.52
TXN-14008,09/05/2026 15:22,Store 6,109,Completed,Credit Card,16.37
TXN-14009,12/05/2026 7:01,Store 6,106,Completed,Mobile App,16.91
TXN-14010,06/05/2026 9:42,Store 4,109,Completed,Mobile App,19.57
TXN-14011,03/05/2026 17:50,Store 3,103,Completed,Credit Card,31.08
TXN-14012,26/05/2026 7:01,Store 1,101,Completed,Cash,23.84
TXN-14013,01/05/2026 20:53,Store 3,103,Completed,Credit Card,9.18
TXN-14014,25/05/2026 15:08,Store 2,101,Completed,Credit Card,26.96
TXN-14015,30/05/2026 8:05,Store 3,109,Completed,Cash,36.94
TXN-14016,17/05/2026 21:44,Store 4,104,Completed,Credit Card,8.17
TXN-14017,17/05/2026 11:47,Store 2,105,Completed,Credit Card,42.56
TXN-14018,07/05/2026 16:28,Store 4,106,Completed,Credit Card,25.96
TXN-14019,09/05/2026 20:03,Store 3,103,Completed,Credit Card,8.33
TXN-14020,08/05/2026 21:00,Store 1,109,Completed,Credit Card,23.66
TXN-14021,18/05/2026 8:16,Store 3,108,Void,Cash,31.85
TXN-14022,28/05/2026 19:36,Store 6,100,Completed,Credit Card,34.57
TXN-14023,14/05/2026 18:19,Store 3,105,Completed,Credit Card,7.34
TXN-14024,18/05/2026 20:35,Store 3,100,Completed,Cash,27.91
TXN-14025,14/05/2026 17:01,Store 1,106,Completed,Mobile App,14.09
TXN-14026,03/05/2026 16:23,Store 6,102,Refund,Cash,16.67
TXN-14027,20/05/2026 19:58,Store 6,110,Refund,Cash,12.92
TXN-14028,28/05/2026 11:57,Store 2,104,Completed,Cash,11.32
TXN-14029,13/05/2026 14:42,Store 6,104,Completed,Mobile App,23.22
TXN-14030,17/05/2026 17:51,Store 4,108,Discount applied,Cash,6.76
TXN-14031,13/05/2026 12:13,Store 2,108,Completed,Credit Card,23.21
TXN-14032,12/05/2026 17:48,Store 1,104,Completed,Mobile App,11.53
TXN-14033,12/05/2026 7:16,Store 4,110,Completed,Credit Card,17.48
TXN-14034,23/05/2026 11:45,Store 2,102,Completed,Credit Card,44.75
TXN-14035,17/05/2026 21:16,Store 3,101,Completed,Credit Card,39.34
TXN-14036,28/05/2026 16:22,Store 4,110,Completed,Mobile App,14.37
TXN-14037,04/05/2026 14:59,Store 5,109,Completed,Credit Card,32.97
TXN-14038,22/05/2026 14:01,Store 6,106,Completed,Mobile App,18.85
TXN-14039,22/05/2026 8:10,Store 6,110,Completed,Credit Card,33.75
TXN-14040,09/05/2026 15:34,Store 2,108,Completed,Cash,27.95
TXN-14041,21/05/2026 10:27,Store 3,104,Completed,Credit Card,16.2
TXN-14042,13/05/2026 12:58,Store 6,105,Completed,Cash,25.03
TXN-14043,14/05/2026 18:26,Store 5,101,Completed,Credit Card,21.19
TXN-14044,19/05/2026 12:20,Store 2,110,Completed,Mobile App,19.49
TXN-14045,09/05/2026 19:31,Store 3,103,Completed,Cash,32.6
TXN-14046,15/05/2026 9:12,Store 1,105,Completed,Mobile App,15.13
TXN-14047,26/05/2026 18:31,Store 5,100,Completed,Mobile App,24.53
TXN-14048,20/05/2026 17:44,Store 6,105,Completed,Credit Card,27.49
TXN-14049,18/05/2026 14:11,Store 4,106,Completed,Mobile App,8.46
TXN-14050,16/05/2026 17:42,Store 4,106,Completed,Cash,10.56
TXN-14051,30/05/2026 20:52,Store 5,105,Completed,Cash,41.25
TXN-14052,10/05/2026 14:27,Store 5,109,Completed,Mobile App,32.77
TXN-14053,09/05/2026 13:05,Store 2,101,Completed,Credit Card,26.41
TXN-14054,02/05/2026 17:52,Store 5,109,Completed,Cash,36.06
TXN-14055,21/05/2026 19:26,Store 3,103,Completed,Mobile App,8.95
TXN-14056,28/05/2026 16:29,Store 5,101,Completed,Mobile App,14.89
TXN-14057,28/05/2026 17:18,Store 3,103,Completed,Mobile App,33.83
TXN-14058,03/05/2026 20:25,Store 2,109,Completed,Credit Card,18.16
TXN-14059,16/05/2026 20:58,Store 3,101,Completed,Credit Card,41.24
TXN-14060,16/05/2026 18:52,Store 5,106,Completed,Cash,40.71
TXN-14061,30/05/2026 15:54,Store 3,101,Completed,Credit Card,25.27
TXN-14062,09/05/2026 14:44,Store 1,110,Completed,Cash,30.21
TXN-14063,14/05/2026 15:57,Store 6,106,Completed,Mobile App,19.97
TXN-14064,29/05/2026 9:45,Store 4,110,Completed,Credit Card,33.48
TXN-14065,09/05/2026 17:05,Store 6,109,Completed,Cash,13.66
TXN-14066,08/05/2026 16:14,Store 1,110,Completed,Cash,7.35
TXN-14067,05/05/2026 19:41,Store 4,109,Void,Mobile App,27.29
TXN-14068,15/05/2026 10:43,Store 6,108,Void,Mobile App,33.57
TXN-14069,06/05/2026 10:12,Store 4,100,Void,Credit Card,34.04
TXN-14070,16/05/2026 18:54,Store 2,108,Completed,Mobile App,36.95
TXN-14071,14/05/2026 15:21,Store 2,102,Completed,Credit Card,11.01
TXN-14072,14/05/2026 15:02,Store 4,102,Completed,Credit Card,37.49
TXN-14073,16/05/2026 19:21,Store 3,109,Completed,Credit Card,32.27
TXN-14074,13/05/2026 9:17,Store 4,106,Completed,Credit Card,43.62
TXN-14075,10/05/2026 14:27,Store 3,106,Completed,Cash,35.08
TXN-14076,29/05/2026 12:29,Store 5,109,Discount applied,Cash,33.91
TXN-14077,05/05/2026 14:41,Store 4,105,Completed,Credit Card,5.34
TXN-14078,09/05/2026 10:12,Store 4,100,Completed,Cash,32.31
TXN-14079,17/05/2026 12:14,Store 3,109,Completed,Credit Card,29.85
TXN-14080,02/05/2026 13:20,Store 2,105,Completed,Cash,30.52
TXN-14081,06/05/2026 7:56,Store 5,104,Completed,Cash,24.56
TXN-14082,24/05/2026 12:50,Store 2,101,Completed,Credit Card,40.96
TXN-14083,09/05/2026 19:06,Store 3,102,Completed,Mobile App,9.61
TXN-14084,18/05/2026 17:12,Store 3,103,Completed,Mobile App,33.43
TXN-14085,08/05/2026 8:42,Store 2,106,Completed,Cash,17.63
TXN-14086,07/05/2026 7:24,Store 6,102,Completed,Credit Card,21.54
TXN-14087,25/05/2026 13:33,Store 1,104,Completed,Mobile App,24.78
TXN-14088,13/05/2026 9:53,Store 4,106,Completed,Mobile App,5.34
TXN-14089,19/05/2026 19:40,Store 4,104,Completed,Credit Card,5.02
TXN-14090,21/05/2026 9:12,Store 4,110,Completed,Credit Card,44.3
TXN-14091,11/05/2026 20:00,Store 1,109,Completed,Cash,39.35
TXN-14092,26/05/2026 10:54,Store 1,101,Void,Mobile App,16.54
TXN-14093,12/05/2026 10:34,Store 5,100,Completed,Credit Card,43.15
TXN-14094,26/05/2026 7:38,Store 1,106,Completed,Credit Card,38.67
TXN-14095,18/05/2026 11:50,Store 4,104,Completed,Cash,29.94
TXN-14096,20/05/2026 9:34,Store 1,104,Completed,Cash,21.46
TXN-14097,25/05/2026 16:30,Store 5,105,Completed,Cash,19.69
TXN-14098,28/05/2026 18:09,Store 2,105,Void,Mobile App,21.87
TXN-14099,06/05/2026 16:10,Store 3,108,Completed,Credit Card,39.73
TXN-14100,06/05/2026 13:38,Store 4,100,Completed,Credit Card,29.88
TXN-14101,20/05/2026 13:42,Store 4,106,Completed,Credit Card,41.66
TXN-14102,19/05/2026 18:01,Store 5,104,Completed,Credit Card,9.7
TXN-14103,22/05/2026 17:39,Store 3,101,Void,Cash,10.37
TXN-14104,06/05/2026 17:25,Store 4,110,Refund,Credit Card,14.46
TXN-14105,02/05/2026 20:54,Store 3,108,Discount applied,Cash,16.99
TXN-14106,28/05/2026 14:48,Store 1,102,Completed,Credit Card,26.36
TXN-14107,14/05/2026 10:46,Store 2,109,Completed,Cash,32.2
TXN-14108,19/05/2026 16:42,Store 5,109,Completed,Credit Card,40.75
TXN-14109,16/05/2026 12:38,Store 3,101,Completed,Cash,21.88
TXN-14110,25/05/2026 14:08,Store 5,105,Completed,Credit Card,13.62
TXN-14111,29/05/2026 20:23,Store 3,106,Completed,Mobile App,43.33
TXN-14112,25/05/2026 18:11,Store 2,105,Completed,Credit Card,44.47
TXN-14113,09/05/2026 17:18,Store 5,110,Completed,Cash,20.72
TXN-14114,13/05/2026 20:14,Store 6,108,Completed,Credit Card,22.57
TXN-14115,09/05/2026 19:14,Store 2,100,Completed,Credit Card,23.56
TXN-14116,22/05/2026 17:26,Store 5,106,Completed,Credit Card,8.09
TXN-14117,14/05/2026 9:35,Store 6,100,Completed,Credit Card,17.84
TXN-14118,22/05/2026 18:45,Store 5,100,Completed,Credit Card,21.23
TXN-14119,14/05/2026 16:35,Store 3,105,Completed,Credit Card,21.82
TXN-14120,20/05/2026 17:45,Store 5,106,Completed,Cash,38.24
TXN-14121,25/05/2026 10:34,Store 6,109,Completed,Credit Card,23.54
TXN-14122,15/05/2026 9:34,Store 1,102,Completed,Cash,12.82
TXN-14123,01/05/2026 21:57,Store 3,103,Void,Cash,37.89
TXN-14124,12/05/2026 8:39,Store 4,109,Completed,Cash,12.04
TXN-14125,30/05/2026 10:05,Store 3,108,Completed,Cash,16.21
TXN-14126,11/05/2026 10:51,Store 1,109,Completed,Credit Card,33.59
TXN-14127,18/05/2026 20:42,Store 4,104,Completed,Credit Card,27.05
TXN-14128,10/05/2026 16:58,Store 5,102,Completed,Cash,32.73
TXN-14129,21/05/2026 12:24,Store 5,101,Completed,Mobile App,34
TXN-14130,11/05/2026 17:06,Store 4,106,Completed,Mobile App,32.75
TXN-14131,12/05/2026 15:34,Store 2,102,Void,Credit Card,34.67
TXN-14132,03/05/2026 13:33,Store 1,100,Completed,Cash,8.2
TXN-14133,03/05/2026 20:20,Store 1,100,Completed,Credit Card,38.84
TXN-14134,09/05/2026 15:17,Store 5,104,Completed,Credit Card,32.66
TXN-14135,10/05/2026 7:31,Store 2,109,Completed,Credit Card,14.33
TXN-14136,28/05/2026 11:55,Store 6,106,Completed,Mobile App,30.56
TXN-14137,09/05/2026 12:42,Store 1,105,Completed,Cash,29.02
TXN-14138,01/05/2026 11:56,Store 5,110,Completed,Mobile App,14.75
TXN-14139,05/05/2026 13:54,Store 2,108,Completed,Mobile App,11.05
TXN-14140,30/05/2026 12:27,Store 3,108,Completed,Mobile App,37.36
TXN-14141,16/05/2026 11:09,Store 6,100,Completed,Credit Card,17.2
TXN-14142,13/05/2026 20:09,Store 3,103,Completed,Mobile App,23.06
TXN-14143,12/05/2026 10:51,Store 3,106,Completed,Mobile App,38.38
TXN-14144,16/05/2026 10:04,Store 1,106,Completed,Credit Card,5.73
TXN-14145,26/05/2026 13:26,Store 1,106,Completed,Mobile App,42.94
TXN-14146,10/05/2026 10:08,Store 4,108,Completed,Cash,28.62
TXN-14147,22/05/2026 15:55,Store 4,109,Completed,Credit Card,22.51
TXN-14148,20/05/2026 16:10,Store 3,105,Completed,Credit Card,31.55
TXN-14149,27/05/2026 10:18,Store 5,106,Void,Mobile App,12.2
TXN-14150,17/05/2026 14:09,Store 5,110,Completed,Credit Card,16.03
TXN-14151,27/05/2026 19:16,Store 1,102,Completed,Credit Card,6.76
TXN-14152,28/05/2026 15:25,Store 5,110,Completed,Credit Card,9.12
TXN-14153,20/05/2026 7:17,Store 3,104,Completed,Cash,6.38
TXN-14154,05/05/2026 15:38,Store 2,107,Completed,Mobile App,7.78
TXN-14155,10/05/2026 15:19,Store 2,104,Completed,Credit Card,9.12
TXN-14156,26/05/2026 14:18,Store 2,107,Completed,Mobile App,17.23
TXN-14157,03/05/2026 18:52,Store 3,103,Completed,Mobile App,37.44
TXN-14158,26/05/2026 12:55,Store 2,101,Completed,Credit Card,17.96
TXN-14159,05/05/2026 9:46,Store 2,104,Completed,Credit Card,29.18
TXN-14160,14/05/2026 19:01,Store 5,108,Completed,Mobile App,34.76
TXN-14161,26/05/2026 8:43,Store 4,101,Completed,Mobile App,37.75
TXN-14162,22/05/2026 8:22,Store 2,104,Completed,Mobile App,21.26
TXN-14163,14/05/2026 17:10,Store 3,110,Completed,Mobile App,13.63
TXN-14164,03/05/2026 12:03,Store 1,105,Completed,Mobile App,42.45
TXN-14165,02/05/2026 20:56,Store 4,110,Completed,Cash,17.1
TXN-14166,02/05/2026 18:08,Store 3,108,Completed,Cash,44.02
TXN-14167,06/05/2026 16:33,Store 5,100,Completed,Mobile App,26.8
TXN-14168,18/05/2026 21:50,Store 4,101,Completed,Cash,7.92
TXN-14169,14/05/2026 14:50,Store 5,105,Completed,Credit Card,8.29
TXN-14170,04/05/2026 11:44,Store 2,107,Completed,Mobile App,29.66
TXN-14171,05/05/2026 17:29,Store 3,105,Completed,Cash,17.76
TXN-14172,19/05/2026 8:16,Store 6,108,Completed,Cash,44.22
TXN-14173,15/05/2026 11:40,Store 2,101,Completed,Mobile App,25.99
TXN-14174,20/05/2026 18:50,Store 3,103,Completed,Cash,10.07
TXN-14175,13/05/2026 8:15,Store 2,109,Completed,Credit Card,26.13
TXN-14176,05/05/2026 7:30,Store 3,110,Completed,Cash,12.3
TXN-14177,18/05/2026 17:17,Store 3,103,Completed,Cash,21.22
TXN-14178,10/05/2026 13:00,Store 2,102,Completed,Credit Card,21.66
TXN-14179,16/05/2026 11:53,Store 6,105,Completed,Credit Card,33.09
TXN-14180,08/05/2026 17:11,Store 5,108,Completed,Cash,13.53
TXN-14181,22/05/2026 7:08,Store 4,101,Completed,Cash,33.36
TXN-14182,24/05/2026 7:55,Store 2,101,Completed,Mobile App,43.33
TXN-14183,05/05/2026 10:34,Store 3,100,Completed,Mobile App,42.89
TXN-14184,20/05/2026 9:56,Store 5,102,Completed,Cash,22.76
TXN-14185,12/05/2026 20:14,Store 4,101,Completed,Credit Card,9.06
TXN-14186,06/05/2026 16:57,Store 3,102,Refund,Cash,11.57
TXN-14187,18/05/2026 12:24,Store 1,100,Completed,Credit Card,10.04
TXN-14188,04/05/2026 21:03,Store 6,101,Completed,Cash,27.97
TXN-14189,05/05/2026 18:06,Store 3,103,Completed,Credit Card,8.38
TXN-14190,05/05/2026 18:04,Store 2,106,Completed,Credit Card,20.11
TXN-14191,02/05/2026 14:20,Store 2,100,Completed,Mobile App,44.26
TXN-14192,06/05/2026 18:55,Store 3,103,Completed,Cash,28.56
TXN-14193,30/05/2026 12:24,Store 4,101,Discount applied,Credit Card,11.81
TXN-14194,11/05/2026 19:15,Store 3,104,Completed,Cash,22.86
TXN-14195,15/05/2026 21:12,Store 4,101,Completed,Mobile App,14.05
TXN-14196,16/05/2026 16:14,Store 1,102,Completed,Cash,11.23
TXN-14197,23/05/2026 14:51,Store 5,109,Completed,Mobile App,27.9
TXN-14198,07/05/2026 15:33,Store 2,107,Refund,Credit Card,38.32
TXN-14199,15/05/2026 19:57,Store 4,101,Completed,Credit Card,36.5
TXN-14200,07/05/2026 12:27,Store 3,106,Completed,Mobile App,8.68
TXN-14201,19/05/2026 13:49,Store 6,106,Completed,Cash,8.02
TXN-14202,03/05/2026 9:09,Store 5,101,Completed,Credit Card,32.58
TXN-14203,21/05/2026 9:07,Store 5,104,Completed,Mobile App,20.64
TXN-14204,27/05/2026 12:12,Store 2,107,Completed,Cash,39.79
TXN-14205,12/05/2026 21:42,Store 3,102,Completed,Mobile App,20.69
TXN-14206,09/05/2026 18:46,Store 4,100,Completed,Credit Card,26.13
TXN-14207,20/05/2026 10:52,Store 6,106,Completed,Cash,38.07
TXN-14208,09/05/2026 7:07,Store 1,104,Void,Mobile App,9.09
TXN-14209,17/05/2026 7:06,Store 6,101,Completed,Credit Card,37.71
TXN-14210,06/05/2026 11:52,Store 2,107,Completed,Credit Card,16.33
TXN-14211,01/05/2026 20:15,Store 3,102,Refund,Cash,11.42
TXN-14212,12/05/2026 12:08,Store 4,102,Completed,Credit Card,7.19
TXN-14213,18/05/2026 10:02,Store 3,110,Completed,Mobile App,20.9
TXN-14214,21/05/2026 9:51,Store 4,105,Completed,Credit Card,43.58
TXN-14215,22/05/2026 15:55,Store 3,100,Completed,Mobile App,23.52
TXN-14216,01/05/2026 17:11,Store 1,109,Void,Mobile App,19.77
TXN-14217,22/05/2026 15:22,Store 6,106,Completed,Cash,20.77
TXN-14218,15/05/2026 18:56,Store 1,102,Completed,Credit Card,32.06
TXN-14219,21/05/2026 15:45,Store 3,102,Completed,Cash,13.19
TXN-14220,26/05/2026 17:47,Store 5,102,Completed,Cash,19
TXN-14221,04/05/2026 18:17,Store 3,103,Completed,Credit Card,8.47
TXN-14222,24/05/2026 14:41,Store 3,108,Completed,Credit Card,7.73
TXN-14223,14/05/2026 13:40,Store 2,107,Completed,Credit Card,16.02
TXN-14224,24/05/2026 16:43,Store 1,102,Completed,Cash,36.24
TXN-14225,17/05/2026 9:29,Store 5,104,Completed,Cash,40.16
TXN-14226,22/05/2026 16:35,Store 2,105,Completed,Credit Card,29.87
TXN-14227,12/05/2026 8:09,Store 1,102,Completed,Credit Card,8.5
TXN-14228,26/05/2026 13:01,Store 6,108,Discount applied,Cash,34.79
TXN-14229,19/05/2026 13:22,Store 2,104,Completed,Cash,20.08
TXN-14230,27/05/2026 17:27,Store 3,103,Completed,Credit Card,38.2
TXN-14231,26/05/2026 10:09,Store 6,101,Void,Credit Card,9.2
TXN-14232,10/05/2026 19:54,Store 3,103,Completed,Credit Card,24.13
TXN-14233,17/05/2026 15:32,Store 6,109,Completed,Mobile App,32.34
TXN-14234,23/05/2026 7:15,Store 1,106,Completed,Credit Card,26.48
TXN-14235,29/05/2026 11:05,Store 4,104,Completed,Credit Card,7.07
TXN-14236,03/05/2026 15:20,Store 3,110,Completed,Cash,39.68
TXN-14237,15/05/2026 14:54,Store 6,105,Completed,Cash,43.44
TXN-14238,28/05/2026 19:32,Store 4,106,Refund,Credit Card,14.19
TXN-14239,06/05/2026 21:01,Store 4,110,Completed,Credit Card,12.46
TXN-14240,25/05/2026 8:28,Store 4,100,Refund,Credit Card,22.23
TXN-14241,08/05/2026 12:59,Store 2,107,Completed,Mobile App,14.23
TXN-14242,04/05/2026 19:15,Store 5,101,Completed,Credit Card,41.15
TXN-14243,17/05/2026 13:55,Store 3,104,Completed,Cash,22.7
TXN-14244,06/05/2026 21:54,Store 6,100,Refund,Credit Card,16.74
TXN-14245,16/05/2026 12:23,Store 6,104,Completed,Mobile App,24.64
TXN-14246,07/05/2026 13:52,Store 3,100,Completed,Credit Card,31.6
TXN-14247,29/05/2026 23:50,Store 3,103,Void,Cash,22.67
TXN-14248,03/05/2026 20:26,Store 3,108,Completed,Credit Card,23.97
TXN-14249,03/05/2026 21:06,Store 2,109,Completed,Credit Card,8.7
TXN-14250,19/05/2026 12:53,Store 3,100,Completed,Credit Card,44.19
TXN-14251,17/05/2026 18:25,Store 2,101,Completed,Mobile App,20.38
TXN-14252,21/05/2026 20:00,Store 3,103,Completed,Cash,34.39
TXN-14253,13/05/2026 19:34,Store 3,108,Completed,Cash,25.29
TXN-14254,01/05/2026 16:36,Store 5,104,Completed,Mobile App,32.75
TXN-14255,26/05/2026 17:34,Store 3,103,Completed,Mobile App,24.31
TXN-14256,21/05/2026 17:22,Store 5,108,Completed,Credit Card,37.49
TXN-14257,07/05/2026 11:56,Store 4,104,Completed,Credit Card,28.95
TXN-14258,29/05/2026 15:52,Store 2,106,Completed,Cash,39.69
TXN-14259,14/05/2026 9:16,Store 1,106,Completed,Cash,8.21
TXN-14260,03/05/2026 14:00,Store 6,109,Completed,Credit Card,29.41
TXN-14261,22/05/2026 19:12,Store 5,102,Completed,Cash,12.98
TXN-14262,09/05/2026 20:50,Store 3,102,Discount applied,Cash,39.63
TXN-14263,06/05/2026 15:20,Store 2,110,Completed,Mobile App,18.78
TXN-14264,14/05/2026 12:14,Store 2,107,Completed,Credit Card,32.93
TXN-14265,05/05/2026 13:30,Store 4,108,Completed,Mobile App,19.82
TXN-14266,25/05/2026 18:17,Store 2,105,Completed,Credit Card,42.84
TXN-14267,14/05/2026 18:28,Store 1,109,Completed,Mobile App,15.2
TXN-14268,06/05/2026 11:40,Store 4,108,Completed,Cash,21.87
TXN-14269,30/05/2026 8:29,Store 5,108,Completed,Credit Card,27.16
TXN-14270,30/05/2026 19:46,Store 2,104,Void,Cash,10.38
TXN-14271,20/05/2026 18:00,Store 4,106,Completed,Mobile App,10.69
TXN-14272,25/05/2026 9:38,Store 4,106,Completed,Credit Card,18.75
TXN-14273,09/05/2026 23:55,Store 3,103,Void,Cash,29.83
TXN-14274,15/05/2026 21:09,Store 3,105,Completed,Cash,14.83
TXN-14275,09/05/2026 17:03,Store 6,105,Completed,Mobile App,39.53
TXN-14276,16/05/2026 14:12,Store 4,100,Refund,Credit Card,12.24
TXN-14277,27/05/2026 21:36,Store 6,104,Completed,Credit Card,25.07
TXN-14278,09/05/2026 20:59,Store 3,103,Completed,Cash,33.8
TXN-14279,01/05/2026 14:06,Store 2,106,Void,Cash,7.58
TXN-14280,04/05/2026 17:59,Store 6,105,Completed,Cash,26.76
TXN-14281,04/05/2026 12:30,Store 2,100,Completed,Cash,44.21
TXN-14282,13/05/2026 15:29,Store 2,107,Completed,Credit Card,29.85
TXN-14283,16/05/2026 14:18,Store 1,109,Completed,Credit Card,10.52
TXN-14284,06/05/2026 21:50,Store 2,101,Completed,Mobile App,22.91
TXN-14285,01/05/2026 13:27,Store 2,106,Void,Credit Card,24.48
TXN-14286,06/05/2026 21:15,Store 3,109,Completed,Credit Card,32.09
TXN-14287,27/05/2026 17:31,Store 6,100,Completed,Cash,21.93
TXN-14288,09/05/2026 15:42,Store 6,102,Completed,Cash,12.25
TXN-14289,25/05/2026 20:36,Store 4,104,Completed,Mobile App,33.6
TXN-14290,10/05/2026 15:48,Store 4,100,Completed,Mobile App,8.46
TXN-14291,14/05/2026 10:08,Store 2,107,Completed,Mobile App,39.82
TXN-14292,19/05/2026 8:05,Store 1,109,Void,Mobile App,16.32
TXN-14293,14/05/2026 16:32,Store 3,105,Completed,Credit Card,21.13
TXN-14294,05/05/2026 14:01,Store 4,102,Completed,Credit Card,44.62
TXN-14295,02/05/2026 7:39,Store 2,108,Completed,Credit Card,10.32
TXN-14296,23/05/2026 14:10,Store 3,102,Completed,Credit Card,5.94
TXN-14297,15/05/2026 20:37,Store 3,101,Completed,Credit Card,23.02
TXN-14298,08/05/2026 9:27,Store 4,100,Completed,Mobile App,14.35
TXN-14299,16/05/2026 17:02,Store 6,108,Completed,Cash,11.3
TXN-14300,12/05/2026 7:45,Store 2,110,Completed,Cash,35.52
TXN-14301,23/05/2026 10:25,Store 6,102,Completed,Mobile App,26.68
TXN-14302,28/05/2026 14:38,Store 2,106,Completed,Mobile App,30.85
TXN-14303,16/05/2026 15:27,Store 3,109,Void,Credit Card,11.06
TXN-14304,19/05/2026 10:56,Store 1,109,Completed,Credit Card,6.12
TXN-14305,28/05/2026 10:38,Store 4,108,Completed,Credit Card,10.9
TXN-14306,23/05/2026 14:11,Store 4,108,Completed,Credit Card,17.78
TXN-14307,18/05/2026 21:18,Store 3,103,Completed,Cash,21.18
TXN-14308,09/05/2026 21:42,Store 3,103,Completed,Mobile App,38.59
TXN-14309,16/05/2026 9:30,Store 4,109,Completed,Credit Card,26.82
TXN-14310,21/05/2026 7:35,Store 1,105,Completed,Credit Card,13.65
TXN-14311,20/05/2026 20:04,Store 5,100,Completed,Cash,24.6
TXN-14312,19/05/2026 16:03,Store 4,105,Completed,Credit Card,42.9
TXN-14313,28/05/2026 11:23,Store 2,101,Completed,Credit Card,43.29
TXN-14314,04/05/2026 10:09,Store 2,104,Discount applied,Credit Card,22.02
TXN-14315,26/05/2026 20:34,Store 6,108,Completed,Mobile App,36.66
TXN-14316,14/05/2026 8:31,Store 4,100,Completed,Mobile App,32.49
TXN-14317,29/05/2026 21:26,Store 3,103,Void,Cash,28.54
TXN-14318,19/05/2026 18:30,Store 3,103,Completed,Credit Card,17.37
TXN-14319,13/05/2026 18:42,Store 3,103,Completed,Mobile App,26.19
TXN-14320,19/05/2026 11:20,Store 2,107,Completed,Cash,12.8
TXN-14321,02/05/2026 16:00,Store 1,101,Completed,Mobile App,11.8
TXN-14322,01/05/2026 13:13,Store 5,104,Completed,Credit Card,38.37
TXN-14323,30/05/2026 7:22,Store 6,101,Completed,Mobile App,30.5
TXN-14324,04/05/2026 17:58,Store 2,109,Completed,Credit Card,16.82
TXN-14325,23/05/2026 20:49,Store 1,108,Completed,Credit Card,42.4
TXN-14326,09/05/2026 15:46,Store 6,108,Completed,Cash,38.3
TXN-14327,11/05/2026 10:19,Store 1,101,Completed,Cash,29.35
TXN-14328,16/05/2026 7:22,Store 4,110,Completed,Mobile App,36.43
TXN-14329,07/05/2026 18:05,Store 5,109,Completed,Mobile App,29.6
TXN-14330,29/05/2026 12:03,Store 3,100,Completed,Credit Card,21.54
TXN-14331,15/05/2026 21:47,Store 1,108,Completed,Mobile App,19.43
TXN-14332,15/05/2026 10:14,Store 2,107,Completed,Cash,26.98
TXN-14333,11/05/2026 11:22,Store 2,108,Completed,Cash,8.9
TXN-14334,24/05/2026 16:53,Store 6,110,Completed,Credit Card,7.04
TXN-14335,14/05/2026 11:11,Store 2,107,Completed,Cash,5.42
TXN-14336,07/05/2026 8:32,Store 5,105,Completed,Credit Card,35.28
TXN-14337,01/05/2026 13:15,Store 5,105,Refund,Mobile App,8.65
TXN-14338,23/05/2026 18:57,Store 6,106,Completed,Cash,20.26
TXN-14339,02/05/2026 21:06,Store 4,101,Completed,Credit Card,43.36
TXN-14340,28/05/2026 11:39,Store 6,106,Completed,Mobile App,11.59
TXN-14341,24/05/2026 9:59,Store 3,104,Completed,Credit Card,9.39
TXN-14342,01/05/2026 14:44,Store 3,104,Completed,Mobile App,22.51
TXN-14343,06/05/2026 20:09,Store 3,102,Completed,Cash,21.78
TXN-14344,04/05/2026 14:12,Store 1,104,Completed,Cash,38.45
TXN-14345,11/05/2026 17:12,Store 3,103,Completed,Cash,26.12
TXN-14346,02/05/2026 7:19,Store 4,104,Completed,Cash,21.74
TXN-14347,28/05/2026 17:48,Store 4,106,Void,Credit Card,6.54
TXN-14348,19/05/2026 19:00,Store 3,101,Completed,Credit Card,36.69
TXN-14349,19/05/2026 17:43,Store 2,108,Void,Credit Card,11.76
TXN-14350,30/05/2026 10:28,Store 4,106,Completed,Cash,35.34
TXN-14351,23/05/2026 11:18,Store 4,109,Completed,Credit Card,14.12
TXN-14352,15/05/2026 12:46,Store 2,102,Completed,Mobile App,42.49
TXN-14353,12/05/2026 12:58,Store 1,104,Completed,Cash,18.52
TXN-14354,09/05/2026 7:49,Store 5,104,Completed,Credit Card,21.26
TXN-14355,22/05/2026 14:49,Store 2,107,Refund,Credit Card,37.77
TXN-14356,21/05/2026 11:05,Store 2,107,Completed,Credit Card,18.88
TXN-14357,17/05/2026 18:00,Store 5,109,Completed,Credit Card,28.95
TXN-14358,06/05/2026 19:40,Store 6,101,Completed,Credit Card,35.4
TXN-14359,14/05/2026 15:26,Store 2,109,Completed,Mobile App,37.43
TXN-14360,18/05/2026 20:05,Store 4,106,Refund,Credit Card,23.71
TXN-14361,22/05/2026 8:42,Store 3,108,Completed,Credit Card,33.03
TXN-14362,01/05/2026 13:06,Store 1,110,Void,Cash,28.59
TXN-14363,30/05/2026 11:54,Store 2,108,Completed,Cash,43.27
TXN-14364,04/05/2026 11:09,Store 2,105,Completed,Credit Card,20.01
TXN-14365,24/05/2026 12:35,Store 3,105,Completed,Credit Card,20.16
TXN-14366,10/05/2026 21:35,Store 6,110,Completed,Credit Card,21.15
TXN-14367,18/05/2026 7:15,Store 1,102,Completed,Mobile App,8.48
TXN-14368,02/05/2026 15:18,Store 2,101,Completed,Cash,24.2
TXN-14369,22/05/2026 8:18,Store 6,102,Completed,Credit Card,18.41
TXN-14370,11/05/2026 8:44,Store 3,110,Completed,Credit Card,13.99
TXN-14371,08/05/2026 15:31,Store 2,109,Completed,Cash,29.78
TXN-14372,02/05/2026 14:42,Store 2,104,Completed,Cash,12.87
TXN-14373,07/05/2026 7:57,Store 4,105,Completed,Credit Card,20.28
TXN-14374,11/05/2026 14:28,Store 1,104,Completed,Credit Card,32.74
TXN-14375,03/05/2026 9:57,Store 5,110,Completed,Cash,31.96
TXN-14376,28/05/2026 14:56,Store 6,106,Completed,Cash,6.67
TXN-14377,24/05/2026 8:18,Store 6,108,Completed,Cash,41.26
TXN-14378,16/05/2026 14:46,Store 6,104,Completed,Credit Card,17.21
TXN-14379,08/05/2026 8:29,Store 2,109,Completed,Credit Card,17.79
TXN-14380,10/05/2026 16:23,Store 4,109,Completed,Cash,5.6
TXN-14381,13/05/2026 19:22,Store 4,104,Completed,Credit Card,39.14
TXN-14382,08/05/2026 13:48,Store 3,109,Completed,Credit Card,31.59
TXN-14383,03/05/2026 19:16,Store 6,102,Completed,Credit Card,17.08
TXN-14384,15/05/2026 14:22,Store 4,108,Completed,Credit Card,29.41
TXN-14385,27/05/2026 16:06,Store 5,100,Completed,Credit Card,24.5
TXN-14386,21/05/2026 12:11,Store 4,109,Completed,Credit Card,40.58
TXN-14387,25/05/2026 15:44,Store 4,105,Completed,Mobile App,12.03
TXN-14388,07/05/2026 13:20,Store 5,108,Refund,Cash,17.95
TXN-14389,11/05/2026 15:25,Store 5,110,Completed,Credit Card,18.04
TXN-14390,16/05/2026 20:22,Store 3,103,Completed,Cash,32.64
TXN-14391,29/05/2026 12:42,Store 1,108,Completed,Credit Card,42.73
TXN-14392,15/05/2026 12:00,Store 6,100,Completed,Credit Card,27.68
TXN-14393,30/05/2026 21:25,Store 5,109,Completed,Mobile App,24.71
TXN-14394,26/05/2026 12:38,Store 3,106,Completed,Credit Card,13.41
TXN-14395,20/05/2026 19:40,Store 6,104,Completed,Cash,36.13
TXN-14396,09/05/2026 14:13,Store 1,104,Completed,Cash,6.25
TXN-14397,30/05/2026 8:33,Store 2,101,Completed,Cash,26.06
TXN-14398,17/05/2026 13:15,Store 4,102,Completed,Credit Card,20.69
TXN-14399,05/05/2026 11:21,Store 3,106,Completed,Credit Card,17.61
TXN-14400,30/05/2026 14:05,Store 2,102,Completed,Cash,31.22
TXN-14401,23/05/2026 16:53,Store 1,105,Completed,Cash,11.53
TXN-14402,08/05/2026 12:17,Store 2,107,Completed,Credit Card,19.66
TXN-14403,19/05/2026 14:37,Store 4,105,Completed,Credit Card,42.64
TXN-14404,03/05/2026 19:10,Store 1,105,Void,Cash,9.42
TXN-14405,18/05/2026 18:16,Store 3,103,Completed,Cash,14.31
TXN-14406,15/05/2026 13:07,Store 4,110,Completed,Credit Card,5.94
TXN-14407,22/05/2026 9:56,Store 6,105,Completed,Mobile App,44.83
TXN-14408,27/05/2026 16:50,Store 2,100,Completed,Cash,10.07
TXN-14409,13/05/2026 18:15,Store 5,109,Void,Cash,22.05
TXN-14410,28/05/2026 7:37,Store 3,110,Completed,Credit Card,22.55
TXN-14411,17/05/2026 17:47,Store 3,103,Completed,Cash,5.8
TXN-14412,14/05/2026 16:22,Store 5,101,Completed,Cash,35.47
TXN-14413,30/05/2026 21:31,Store 6,101,Completed,Cash,10.41
TXN-14414,07/05/2026 20:36,Store 2,110,Completed,Credit Card,7.53
TXN-14415,17/05/2026 17:10,Store 5,109,Completed,Credit Card,19.78
TXN-14416,18/05/2026 19:14,Store 4,105,Completed,Mobile App,28.62
TXN-14417,07/05/2026 14:48,Store 3,106,Completed,Mobile App,26.41
TXN-14418,14/05/2026 19:01,Store 3,103,Completed,Cash,8.72
TXN-14419,20/05/2026 19:03,Store 4,101,Discount applied,Credit Card,15.95
TXN-14420,18/05/2026 16:30,Store 3,110,Completed,Credit Card,14.49
TXN-14421,29/05/2026 13:22,Store 5,108,Completed,Cash,14.66
TXN-14422,18/05/2026 10:14,Store 2,107,Completed,Cash,17.19
TXN-14423,22/05/2026 20:55,Store 5,109,Completed,Credit Card,14.32
TXN-14424,10/05/2026 10:31,Store 5,105,Completed,Credit Card,12.34
TXN-14425,17/05/2026 8:30,Store 5,109,Completed,Credit Card,8.33
TXN-14426,18/05/2026 17:15,Store 1,104,Completed,Cash,6.86
TXN-14427,14/05/2026 21:58,Store 5,104,Completed,Cash,29.08
TXN-14428,29/05/2026 7:00,Store 6,105,Completed,Cash,42.14
TXN-14429,17/05/2026 19:23,Store 1,109,Completed,Cash,43.71
TXN-14430,04/05/2026 21:22,Store 6,109,Completed,Credit Card,40.23
TXN-14431,06/05/2026 18:20,Store 1,108,Completed,Cash,25.46
TXN-14432,28/05/2026 12:04,Store 1,100,Completed,Credit Card,24.42
TXN-14433,17/05/2026 15:22,Store 4,106,Completed,Credit Card,15.2
TXN-14434,23/05/2026 14:04,Store 2,101,Refund,Credit Card,24.33
TXN-14435,30/05/2026 12:15,Store 5,102,Completed,Credit Card,22.72
TXN-14436,30/05/2026 13:43,Store 3,102,Completed,Credit Card,38.89
TXN-14437,14/05/2026 16:07,Store 6,109,Completed,Mobile App,11.58
TXN-14438,30/05/2026 21:41,Store 5,104,Completed,Credit Card,9.64
TXN-14439,02/05/2026 20:44,Store 4,101,Completed,Credit Card,18.6
TXN-14440,26/05/2026 19:32,Store 1,101,Completed,Cash,37.24
TXN-14441,30/05/2026 21:17,Store 3,103,Completed,Cash,28.25
TXN-14442,14/05/2026 15:58,Store 1,108,Completed,Credit Card,5.71
TXN-14443,13/05/2026 7:39,Store 5,101,Completed,Cash,5.29
TXN-14444,22/05/2026 16:11,Store 2,107,Completed,Mobile App,23.44
TXN-14445,06/05/2026 9:16,Store 5,102,Completed,Credit Card,15.85
TXN-14446,17/05/2026 19:23,Store 3,103,Completed,Mobile App,24.07
TXN-14447,23/05/2026 17:52,Store 1,100,Completed,Mobile App,39.52
TXN-14448,02/05/2026 15:22,Store 4,110,Completed,Credit Card,11.99
TXN-14449,15/05/2026 10:50,Store 3,102,Completed,Mobile App,12.71
TXN-14450,13/05/2026 14:06,Store 4,102,Completed,Cash,43.61
TXN-14451,05/05/2026 19:49,Store 3,100,Completed,Cash,33.46
TXN-14452,14/05/2026 20:50,Store 3,101,Completed,Mobile App,22.81
TXN-14453,10/05/2026 15:06,Store 1,110,Completed,Mobile App,14.29
TXN-14454,29/05/2026 15:21,Store 3,100,Completed,Credit Card,19.37
TXN-14455,29/05/2026 12:37,Store 6,100,Completed,Mobile App,6.81
TXN-14456,17/05/2026 7:49,Store 2,105,Completed,Cash,33.38
TXN-14457,20/05/2026 16:24,Store 3,101,Completed,Credit Card,13.9
TXN-14458,22/05/2026 15:56,Store 5,105,Void,Credit Card,24.23
TXN-14459,10/05/2026 14:18,Store 1,105,Completed,Cash,30.25
TXN-14460,19/05/2026 19:25,Store 3,103,Completed,Mobile App,7.01
TXN-14461,18/05/2026 14:45,Store 3,102,Completed,Mobile App,23.95
TXN-14462,28/05/2026 20:08,Store 1,105,Completed,Mobile App,34.34
TXN-14463,01/05/2026 17:45,Store 3,109,Completed,Credit Card,6.61
TXN-14464,18/05/2026 16:02,Store 5,109,Completed,Mobile App,15.87
TXN-14465,06/05/2026 13:44,Store 2,107,Completed,Cash,11.77
TXN-14466,25/05/2026 12:47,Store 2,107,Completed,Cash,17.28
TXN-14467,30/05/2026 14:08,Store 6,109,Completed,Cash,9.28
TXN-14468,27/05/2026 14:23,Store 4,105,Completed,Mobile App,21.35
TXN-14469,26/05/2026 8:53,Store 5,102,Completed,Credit Card,43
TXN-14470,03/05/2026 20:47,Store 3,106,Completed,Cash,34.94
TXN-14471,01/05/2026 16:50,Store 5,102,Completed,Credit Card,39.08
TXN-14472,15/05/2026 13:19,Store 4,110,Completed,Credit Card,22.41
TXN-14473,13/05/2026 8:04,Store 1,108,Completed,Credit Card,44.27
TXN-14474,12/05/2026 9:31,Store 4,106,Completed,Credit Card,35.09
TXN-14475,12/05/2026 9:23,Store 5,102,Completed,Mobile App,29.93
TXN-14476,15/05/2026 19:31,Store 5,102,Completed,Mobile App,14.99
TXN-14477,10/05/2026 17:54,Store 6,104,Completed,Cash,35.82
TXN-14478,03/05/2026 13:47,Store 2,106,Completed,Credit Card,18.42
TXN-14479,20/05/2026 14:05,Store 2,107,Completed,Mobile App,33.54
TXN-14480,14/05/2026 15:54,Store 4,105,Completed,Mobile App,38.59
TXN-14481,30/05/2026 20:26,Store 3,103,Completed,Mobile App,34.79
TXN-14482,12/05/2026 17:17,Store 3,103,Completed,Credit Card,6.88
TXN-14483,21/05/2026 9:20,Store 4,106,Completed,Mobile App,17.03
TXN-14484,26/05/2026 15:49,Store 4,101,Completed,Mobile App,12.61
TXN-14485,05/05/2026 12:38,Store 1,102,Refund,Cash,20.64
TXN-14486,12/05/2026 7:31,Store 5,102,Completed,Credit Card,14.08
TXN-14487,06/05/2026 11:55,Store 2,109,Completed,Mobile App,11.59
TXN-14488,17/05/2026 17:27,Store 4,101,Completed,Mobile App,6.83
TXN-14489,22/05/2026 14:19,Store 4,104,Completed,Credit Card,18.22
TXN-14490,04/05/2026 8:36,Store 5,108,Completed,Credit Card,20.42
TXN-14491,12/05/2026 17:59,Store 4,106,Completed,Credit Card,12.17
TXN-14492,30/05/2026 18:45,Store 5,108,Completed,Mobile App,42.57
TXN-14493,28/05/2026 20:01,Store 3,103,Completed,Mobile App,37.41
TXN-14494,09/05/2026 18:22,Store 3,110,Completed,Cash,41.01
TXN-14495,11/05/2026 17:42,Store 2,102,Completed,Mobile App,15.94
TXN-14496,27/05/2026 16:19,Store 3,110,Completed,Credit Card,23.1
TXN-14497,29/05/2026 10:18,Store 5,102,Completed,Cash,33.61
TXN-14498,28/05/2026 13:06,Store 6,109,Completed,Cash,27.22
TXN-14499,11/05/2026 10:37,Store 2,107,Discount applied,Cash,21.77
TXN-14500,16/05/2026 10:40,Store 1,108,Completed,Cash,34.15
TXN-14501,18/05/2026 17:52,Store 1,100,Completed,Cash,41.97
TXN-14502,20/05/2026 13:55,Store 2,107,Completed,Mobile App,39.36
TXN-14503,10/05/2026 8:11,Store 2,105,Completed,Cash,8.61
TXN-14504,03/05/2026 12:50,Store 1,102,Completed,Credit Card,29.18
TXN-14505,10/05/2026 19:25,Store 4,101,Completed,Credit Card,15.6
TXN-14506,30/05/2026 15:34,Store 6,109,Completed,Credit Card,15.59
TXN-14507,23/05/2026 20:41,Store 2,101,Completed,Credit Card,23.88
TXN-14508,11/05/2026 14:48,Store 4,104,Completed,Cash,44.19
TXN-14509,01/05/2026 20:27,Store 6,105,Discount applied,Credit Card,9.07
TXN-14510,04/05/2026 11:02,Store 3,109,Completed,Mobile App,44.21
TXN-14511,25/05/2026 19:40,Store 4,105,Completed,Credit Card,16.99
TXN-14512,28/05/2026 21:59,Store 3,105,Completed,Cash,33.36
TXN-14513,27/05/2026 20:55,Store 3,108,Completed,Credit Card,17.02
TXN-14514,07/05/2026 10:43,Store 5,109,Completed,Mobile App,36.77
TXN-14515,28/05/2026 16:28,Store 2,108,Completed,Credit Card,36.68
TXN-14516,08/05/2026 17:39,Store 4,110,Void,Credit Card,15.45
TXN-14517,07/05/2026 15:14,Store 2,108,Completed,Credit Card,35.63
TXN-14518,13/05/2026 17:32,Store 3,105,Void,Cash,33.93
TXN-14519,11/05/2026 15:57,Store 4,109,Completed,Cash,43.12
TXN-14520,05/05/2026 8:10,Store 4,101,Completed,Credit Card,42.38
TXN-14521,30/05/2026 18:55,Store 5,100,Completed,Cash,6.72
TXN-14522,01/05/2026 17:33,Store 4,105,Completed,Credit Card,30.8
TXN-14523,04/05/2026 18:07,Store 3,103,Completed,Cash,27.17
TXN-14524,08/05/2026 11:56,Store 5,106,Completed,Cash,13.84
TXN-14525,28/05/2026 10:25,Store 4,110,Completed,Cash,13.32
TXN-14526,14/05/2026 7:21,Store 2,108,Completed,Credit Card,13.49
TXN-14527,29/05/2026 20:41,Store 2,102,Completed,Cash,8.7
TXN-14528,26/05/2026 20:03,Store 3,103,Completed,Cash,13.61
TXN-14529,19/05/2026 20:39,Store 3,103,Completed,Credit Card,25.92
TXN-14530,01/05/2026 20:13,Store 4,101,Completed,Cash,16.4
TXN-14531,15/05/2026 15:51,Store 1,105,Completed,Credit Card,27.01
TXN-14532,08/05/2026 11:21,Store 2,107,Completed,Mobile App,18.71
TXN-14533,25/05/2026 21:14,Store 3,104,Completed,Cash,39.65
TXN-14534,01/05/2026 19:28,Store 2,105,Completed,Credit Card,29.56
TXN-14535,15/05/2026 7:40,Store 1,108,Completed,Cash,25.57
TXN-14536,01/05/2026 19:24,Store 5,101,Completed,Mobile App,25.73
TXN-14537,21/05/2026 9:00,Store 5,105,Void,Cash,13.2
TXN-14538,25/05/2026 14:11,Store 4,102,Completed,Credit Card,40.79
TXN-14539,30/05/2026 9:54,Store 6,104,Completed,Credit Card,8.29
TXN-14540,02/05/2026 21:41,Store 1,102,Completed,Cash,25.13
TXN-14541,25/05/2026 20:21,Store 4,102,Completed,Mobile App,5.14
TXN-14542,19/05/2026 9:11,Store 4,102,Completed,Credit Card,25.59
TXN-14543,14/05/2026 21:51,Store 4,101,Completed,Credit Card,18.71
TXN-14544,09/05/2026 19:11,Store 6,106,Completed,Cash,5.92
TXN-14545,22/05/2026 19:09,Store 2,100,Completed,Credit Card,6.66
TXN-14546,25/05/2026 16:11,Store 2,104,Refund,Cash,19.6
TXN-14547,07/05/2026 7:13,Store 5,109,Completed,Credit Card,37.23
TXN-14548,06/05/2026 12:29,Store 2,106,Completed,Credit Card,28.32
TXN-14549,24/05/2026 11:32,Store 6,101,Completed,Credit Card,21.45
TXN-14550,17/05/2026 7:50,Store 1,104,Completed,Credit Card,16.81
TXN-14551,27/05/2026 14:16,Store 5,109,Refund,Mobile App,22.17
TXN-14552,06/05/2026 15:54,Store 2,107,Completed,Cash,13.23
TXN-14553,11/05/2026 10:38,Store 2,106,Completed,Cash,30.46
TXN-14554,11/05/2026 18:08,Store 3,103,Completed,Cash,30.17
TXN-14555,07/05/2026 14:28,Store 4,108,Completed,Mobile App,10.56
TXN-14556,03/05/2026 14:54,Store 2,101,Completed,Credit Card,20.63
TXN-14557,30/05/2026 20:05,Store 5,110,Completed,Mobile App,28.09
TXN-14558,27/05/2026 13:43,Store 1,108,Completed,Mobile App,33.46
TXN-14559,14/05/2026 11:18,Store 2,107,Completed,Cash,34.78
TXN-14560,20/05/2026 17:13,Store 3,103,Completed,Cash,24.18
TXN-14561,07/05/2026 11:40,Store 6,108,Void,Credit Card,8.44
TXN-14562,20/05/2026 16:01,Store 2,102,Completed,Credit Card,30.45
TXN-14563,24/05/2026 14:32,Store 4,102,Completed,Credit Card,6.04
TXN-14564,30/05/2026 12:25,Store 2,105,Void,Cash,14.91
TXN-14565,26/05/2026 17:35,Store 2,107,Completed,Cash,16.01
TXN-14566,11/05/2026 8:07,Store 1,101,Completed,Cash,11.97
TXN-14567,24/05/2026 8:43,Store 2,106,Completed,Cash,39.95
TXN-14568,24/05/2026 11:55,Store 6,110,Completed,Cash,8.24
TXN-14569,23/05/2026 12:02,Store 1,104,Completed,Credit Card,25.44
TXN-14570,21/05/2026 21:32,Store 3,103,Void,Cash,20.73
TXN-14571,01/05/2026 11:09,Store 4,104,Completed,Credit Card,10.37
TXN-14572,01/05/2026 14:12,Store 3,108,Completed,Mobile App,17.31
TXN-14573,16/05/2026 10:40,Store 4,102,Completed,Credit Card,6.26
TXN-14574,02/05/2026 9:18,Store 4,109,Completed,Credit Card,35.9
TXN-14575,26/05/2026 7:16,Store 5,110,Completed,Cash,17.44
TXN-14576,17/05/2026 7:53,Store 5,100,Void,Mobile App,25.05
TXN-14577,11/05/2026 8:36,Store 6,108,Completed,Mobile App,16.64
TXN-14578,28/05/2026 8:13,Store 1,106,Completed,Credit Card,19.5
TXN-14579,28/05/2026 9:17,Store 2,108,Completed,Credit Card,30.82
TXN-14580,22/05/2026 7:00,Store 2,100,Completed,Credit Card,23.9
TXN-14581,16/05/2026 17:27,Store 4,109,Completed,Mobile App,38.07
TXN-14582,05/05/2026 20:03,Store 6,105,Completed,Credit Card,35.14
TXN-14583,29/05/2026 20:41,Store 6,102,Completed,Credit Card,12.99
TXN-14584,26/05/2026 19:17,Store 3,106,Completed,Cash,22.17
TXN-14585,30/05/2026 17:31,Store 3,101,Void,Cash,32.87
TXN-14586,29/05/2026 7:10,Store 2,108,Discount applied,Credit Card,14.28
TXN-14587,24/05/2026 21:56,Store 5,102,Completed,Credit Card,36.38
TXN-14588,10/05/2026 7:11,Store 3,110,Completed,Cash,24.34
TXN-14589,05/05/2026 13:04,Store 2,107,Completed,Credit Card,33.51
TXN-14590,18/05/2026 11:30,Store 5,106,Completed,Cash,12.42
TXN-14591,22/05/2026 20:38,Store 2,106,Completed,Credit Card,9.61
TXN-14592,05/05/2026 16:43,Store 2,100,Completed,Cash,24.64
TXN-14593,04/05/2026 7:04,Store 4,105,Completed,Cash,36.09
TXN-14594,29/05/2026 8:36,Store 6,104,Completed,Credit Card,22.01
TXN-14595,03/05/2026 20:54,Store 4,100,Completed,Credit Card,12.55
TXN-14596,27/05/2026 18:16,Store 3,103,Completed,Credit Card,32.72
TXN-14597,29/05/2026 17:34,Store 4,104,Completed,Cash,29.84
TXN-14598,09/05/2026 13:36,Store 5,104,Completed,Credit Card,40.01
TXN-14599,05/05/2026 12:18,Store 2,101,Completed,Mobile App,42.23
TXN-14600,02/05/2026 11:27,Store 2,107,Completed,Mobile App,18.81
TXN-14601,02/05/2026 10:48,Store 3,109,Completed,Cash,29.82
TXN-14602,18/05/2026 8:44,Store 5,105,Completed,Credit Card,42.58
TXN-14603,30/05/2026 19:54,Store 3,103,Completed,Mobile App,12.67
TXN-14604,13/05/2026 20:18,Store 3,104,Completed,Credit Card,33.63
TXN-14605,27/05/2026 10:19,Store 5,105,Completed,Credit Card,43.21
TXN-14606,12/05/2026 14:40,Store 4,100,Completed,Mobile App,7.34
TXN-14607,12/05/2026 10:51,Store 3,109,Completed,Credit Card,37.2
TXN-14608,18/05/2026 21:51,Store 4,102,Completed,Credit Card,44.8
TXN-14609,27/05/2026 18:41,Store 3,101,Completed,Credit Card,6.53
TXN-14610,28/05/2026 10:35,Store 3,102,Completed,Credit Card,12.24
TXN-14611,05/05/2026 12:52,Store 2,106,Completed,Credit Card,5.03
TXN-14612,12/05/2026 13:32,Store 2,100,Completed,Credit Card,27.93
TXN-14613,02/05/2026 11:53,Store 1,101,Completed,Mobile App,28.77
TXN-14614,01/05/2026 10:03,Store 3,108,Completed,Cash,10.32
TXN-14615,10/05/2026 16:12,Store 1,100,Completed,Cash,23.35
TXN-14616,29/05/2026 8:18,Store 6,108,Completed,Mobile App,13.07
TXN-14617,16/05/2026 19:57,Store 3,103,Completed,Mobile App,15.51
TXN-14618,03/05/2026 15:05,Store 1,108,Completed,Credit Card,35.92
TXN-14619,01/05/2026 21:52,Store 2,105,Completed,Credit Card,21.04
TXN-14620,19/05/2026 8:21,Store 6,108,Completed,Mobile App,33.16
TXN-14621,06/05/2026 14:39,Store 1,108,Completed,Mobile App,29.52
TXN-14622,28/05/2026 12:37,Store 2,109,Completed,Credit Card,26.66
TXN-14623,09/05/2026 9:41,Store 6,105,Completed,Mobile App,22.51
TXN-14624,13/05/2026 17:50,Store 6,102,Completed,Mobile App,13.41
TXN-14625,29/05/2026 8:08,Store 2,101,Completed,Mobile App,20.36
TXN-14626,06/05/2026 19:09,Store 6,102,Completed,Mobile App,6.54
TXN-14627,18/05/2026 19:20,Store 4,100,Completed,Cash,20.66
TXN-14628,02/05/2026 10:15,Store 4,101,Completed,Mobile App,24.72
TXN-14629,24/05/2026 19:21,Store 5,110,Completed,Cash,36.45
TXN-14630,05/05/2026 8:25,Store 5,101,Discount applied,Credit Card,24.52
TXN-14631,22/05/2026 8:31,Store 4,108,Completed,Credit Card,40.97
TXN-14632,24/05/2026 13:48,Store 1,102,Void,Mobile App,18.22
TXN-14633,23/05/2026 10:01,Store 6,100,Void,Cash,7.2
TXN-14634,13/05/2026 11:55,Store 1,108,Completed,Mobile App,8.93
TXN-14635,13/05/2026 16:53,Store 1,102,Completed,Credit Card,27.67
TXN-14636,29/05/2026 11:31,Store 6,105,Completed,Credit Card,12.48
TXN-14637,09/05/2026 18:26,Store 1,102,Completed,Cash,25.21
TXN-14638,22/05/2026 19:54,Store 1,102,Completed,Cash,23.95
TXN-14639,05/05/2026 17:21,Store 2,102,Completed,Mobile App,8.62
TXN-14640,27/05/2026 18:37,Store 3,104,Discount applied,Credit Card,24.85
TXN-14641,25/05/2026 21:50,Store 3,103,Completed,Mobile App,14.92
TXN-14642,12/05/2026 17:38,Store 2,107,Completed,Cash,9.34
TXN-14643,20/05/2026 9:53,Store 1,109,Completed,Credit Card,9.25
TXN-14644,18/05/2026 15:46,Store 4,110,Completed,Cash,41.9
TXN-14645,12/05/2026 16:40,Store 2,107,Completed,Mobile App,31.57
TXN-14646,28/05/2026 17:29,Store 3,103,Completed,Mobile App,5.71
TXN-14647,03/05/2026 14:03,Store 2,101,Completed,Cash,23.73
TXN-14648,01/05/2026 13:50,Store 4,106,Void,Mobile App,9.53
TXN-14649,11/05/2026 15:47,Store 5,108,Completed,Cash,27.6
TXN-14650,16/05/2026 16:55,Store 2,101,Completed,Credit Card,6.47
TXN-14651,11/05/2026 18:44,Store 5,109,Completed,Mobile App,15.31
TXN-14652,30/05/2026 15:25,Store 5,105,Void,Credit Card,27.63
TXN-14653,13/05/2026 14:08,Store 2,101,Completed,Cash,17.03
TXN-14654,06/05/2026 8:01,Store 4,109,Completed,Credit Card,23.67
TXN-14655,08/05/2026 13:52,Store 2,107,Completed,Credit Card,11.66
TXN-14656,27/05/2026 9:45,Store 1,100,Completed,Mobile App,16.81
TXN-14657,14/05/2026 17:46,Store 4,101,Completed,Cash,26.51
TXN-14658,15/05/2026 16:07,Store 3,101,Completed,Credit Card,21.03
TXN-14659,13/05/2026 10:45,Store 5,104,Void,Credit Card,24.78
TXN-14660,16/05/2026 8:33,Store 5,108,Completed,Cash,43.36
TXN-14661,30/05/2026 20:21,Store 1,110,Completed,Credit Card,20.15
TXN-14662,22/05/2026 17:09,Store 1,110,Completed,Cash,9.23
TXN-14663,24/05/2026 10:38,Store 1,100,Completed,Cash,25.98
TXN-14664,22/05/2026 7:54,Store 2,102,Completed,Credit Card,18.27
TXN-14665,02/05/2026 14:48,Store 1,108,Completed,Mobile App,26.75
TXN-14666,08/05/2026 14:44,Store 6,105,Completed,Credit Card,12.07
TXN-14667,01/05/2026 13:14,Store 5,104,Completed,Mobile App,41.51
TXN-14668,22/05/2026 11:41,Store 5,105,Completed,Cash,25.1
TXN-14669,17/05/2026 10:44,Store 1,105,Void,Cash,16.72
TXN-14670,14/05/2026 13:33,Store 2,107,Completed,Mobile App,36.13
TXN-14671,04/05/2026 12:36,Store 6,102,Completed,Credit Card,15.21
TXN-14672,28/05/2026 20:14,Store 1,102,Completed,Mobile App,33.97
TXN-14673,09/05/2026 20:24,Store 4,109,Completed,Credit Card,21.87
TXN-14674,16/05/2026 18:57,Store 6,109,Completed,Credit Card,13.83
TXN-14675,12/05/2026 16:23,Store 4,110,Completed,Credit Card,24.37
TXN-14676,11/05/2026 9:24,Store 2,102,Completed,Credit Card,44.05
TXN-14677,19/05/2026 16:30,Store 4,109,Completed,Cash,10.75
TXN-14678,05/05/2026 15:29,Store 6,110,Void,Cash,30.93
TXN-14679,20/05/2026 17:10,Store 2,102,Completed,Credit Card,23.95
TXN-14680,25/05/2026 16:36,Store 4,109,Completed,Credit Card,16.59
TXN-14681,29/05/2026 17:57,Store 5,100,Completed,Cash,33.55
TXN-14682,07/05/2026 17:38,Store 3,105,Completed,Cash,28.91
TXN-14683,06/05/2026 15:07,Store 5,105,Completed,Credit Card,27.41
TXN-14684,29/05/2026 18:32,Store 4,104,Discount applied,Mobile App,18.56
TXN-14685,20/05/2026 12:53,Store 4,108,Completed,Credit Card,39.31
TXN-14686,07/05/2026 12:15,Store 5,104,Completed,Credit Card,8.05
TXN-14687,13/05/2026 19:06,Store 1,100,Completed,Credit Card,13.01
TXN-14688,02/05/2026 18:26,Store 6,106,Completed,Cash,8.11
TXN-14689,06/05/2026 18:58,Store 3,108,Completed,Credit Card,36.44
TXN-14690,06/05/2026 10:51,Store 4,102,Completed,Cash,8.13
TXN-14691,02/05/2026 14:51,Store 2,102,Completed,Mobile App,6.4
TXN-14692,20/05/2026 17:10,Store 6,102,Completed,Mobile App,17.33
TXN-14693,04/05/2026 16:06,Store 2,106,Completed,Mobile App,21.94
TXN-14694,20/05/2026 8:01,Store 1,106,Completed,Cash,10.55
TXN-14695,27/05/2026 12:49,Store 5,108,Completed,Credit Card,29.19
TXN-14696,29/05/2026 18:04,Store 5,108,Completed,Cash,10.23
TXN-14697,15/05/2026 18:13,Store 3,103,Completed,Mobile App,20.49
TXN-14698,16/05/2026 8:16,Store 5,100,Completed,Cash,44.77
TXN-14699,03/05/2026 9:00,Store 4,100,Completed,Credit Card,31.48
TXN-14700,10/05/2026 9:34,Store 1,110,Completed,Credit Card,7.77
TXN-14701,04/05/2026 7:57,Store 1,109,Completed,Credit Card,26.42
TXN-14702,26/05/2026 17:41,Store 2,104,Completed,Cash,44.74
TXN-14703,19/05/2026 12:37,Store 2,107,Completed,Cash,10.96
TXN-14704,20/05/2026 19:26,Store 4,101,Completed,Cash,31.39
TXN-14705,27/05/2026 13:24,Store 3,100,Completed,Credit Card,42.33
TXN-14706,19/05/2026 13:48,Store 3,108,Completed,Credit Card,21.16
TXN-14707,03/05/2026 14:00,Store 1,108,Void,Credit Card,31.93
TXN-14708,20/05/2026 7:00,Store 1,104,Completed,Cash,6.79
TXN-14709,02/05/2026 15:36,Store 5,104,Completed,Credit Card,5.95
TXN-14710,19/05/2026 16:37,Store 2,102,Void,Mobile App,32.75
TXN-14711,01/05/2026 9:54,Store 6,102,Completed,Credit Card,6.39
TXN-14712,26/05/2026 11:55,Store 5,101,Completed,Credit Card,21.44
TXN-14713,17/05/2026 14:08,Store 6,100,Completed,Credit Card,39.17
TXN-14714,29/05/2026 19:56,Store 3,100,Completed,Cash,30.53
TXN-14715,11/05/2026 12:30,Store 6,100,Completed,Credit Card,24.3
TXN-14716,10/05/2026 9:38,Store 3,109,Completed,Credit Card,26.13
TXN-14717,17/05/2026 19:13,Store 3,101,Completed,Cash,6.26
TXN-14718,28/05/2026 16:37,Store 2,107,Completed,Mobile App,6.95
TXN-14719,23/05/2026 18:15,Store 2,106,Completed,Mobile App,39.79
TXN-14720,16/05/2026 18:23,Store 5,110,Discount applied,Credit Card,21.19
TXN-14721,20/05/2026 9:24,Store 4,110,Completed,Credit Card,11.84
TXN-14722,03/05/2026 11:20,Store 5,102,Completed,Cash,44.97
TXN-14723,29/05/2026 12:53,Store 3,108,Completed,Credit Card,8.51
TXN-14724,19/05/2026 13:25,Store 3,106,Completed,Credit Card,9.51
TXN-14725,24/05/2026 21:16,Store 3,103,Completed,Mobile App,14.18
TXN-14726,13/05/2026 18:21,Store 1,105,Refund,Credit Card,12.94
TXN-14727,30/05/2026 21:20,Store 4,100,Completed,Mobile App,20.6
TXN-14728,14/05/2026 12:44,Store 1,100,Discount applied,Cash,37.71
TXN-14729,17/05/2026 9:56,Store 3,100,Completed,Credit Card,13.88
TXN-14730,01/05/2026 19:31,Store 6,109,Completed,Credit Card,35.64
TXN-14731,18/05/2026 13:47,Store 2,110,Completed,Cash,35.61
TXN-14732,03/05/2026 13:43,Store 3,102,Completed,Mobile App,36.09
TXN-14733,25/05/2026 19:48,Store 3,103,Completed,Mobile App,36.91
TXN-14734,13/05/2026 11:48,Store 5,106,Completed,Mobile App,6.08
TXN-14735,02/05/2026 17:52,Store 6,106,Void,Cash,12.13
TXN-14736,15/05/2026 15:31,Store 2,106,Completed,Cash,37.03
TXN-14737,25/05/2026 9:24,Store 5,110,Completed,Credit Card,5.48
TXN-14738,02/05/2026 11:11,Store 2,108,Completed,Cash,28.34
TXN-14739,02/05/2026 21:08,Store 1,104,Completed,Cash,5.63
TXN-14740,11/05/2026 15:59,Store 1,108,Completed,Credit Card,39.61
TXN-14741,15/05/2026 18:44,Store 4,101,Completed,Credit Card,6.79
TXN-14742,02/05/2026 11:08,Store 5,108,Completed,Cash,12.3
TXN-14743,24/05/2026 13:48,Store 4,105,Completed,Mobile App,8.55
TXN-14744,02/05/2026 18:55,Store 1,109,Completed,Cash,26.58
TXN-14745,06/05/2026 15:04,Store 5,104,Completed,Mobile App,26.72
TXN-14746,28/05/2026 18:27,Store 3,104,Completed,Mobile App,39.66
TXN-14747,09/05/2026 8:43,Store 5,109,Completed,Cash,43.83
TXN-14748,26/05/2026 17:51,Store 6,105,Completed,Mobile App,17.28
TXN-14749,20/05/2026 13:10,Store 2,108,Completed,Credit Card,18.1
TXN-14750,05/05/2026 11:54,Store 3,108,Completed,Cash,18.06
TXN-14751,17/05/2026 8:05,Store 3,104,Completed,Mobile App,28.96
TXN-14752,09/05/2026 15:11,Store 1,104,Void,Cash,29.22
TXN-14753,10/05/2026 7:43,Store 3,101,Completed,Credit Card,22.5
TXN-14754,17/05/2026 15:46,Store 4,108,Completed,Credit Card,39.74
TXN-14755,17/05/2026 14:09,Store 2,107,Completed,Mobile App,29.14
TXN-14756,21/05/2026 16:02,Store 3,102,Completed,Credit Card,30.87
TXN-14757,08/05/2026 14:52,Store 1,106,Completed,Cash,31.7
TXN-14758,12/05/2026 12:31,Store 2,100,Completed,Cash,26.78
TXN-14759,03/05/2026 16:46,Store 3,109,Completed,Cash,14.89
TXN-14760,24/05/2026 13:45,Store 3,104,Completed,Cash,24.1
TXN-14761,15/05/2026 14:36,Store 5,109,Completed,Cash,30.85
TXN-14762,28/05/2026 14:58,Store 2,105,Completed,Cash,6.44
TXN-14763,21/05/2026 16:55,Store 6,104,Completed,Credit Card,5.34
TXN-14764,24/05/2026 17:11,Store 3,104,Completed,Cash,31.08
TXN-14765,25/05/2026 21:28,Store 4,105,Completed,Credit Card,9.96
TXN-14766,07/05/2026 11:43,Store 5,108,Completed,Mobile App,32.74
TXN-14767,05/05/2026 13:40,Store 6,108,Completed,Mobile App,31.17
TXN-14768,27/05/2026 10:58,Store 5,104,Completed,Credit Card,35.68
TXN-14769,28/05/2026 14:44,Store 3,106,Completed,Credit Card,38.26
TXN-14770,14/05/2026 9:28,Store 3,109,Completed,Mobile App,39.72
TXN-14771,10/05/2026 21:16,Store 3,103,Completed,Mobile App,25.74
TXN-14772,17/05/2026 11:29,Store 2,107,Completed,Mobile App,15.87
TXN-14773,06/05/2026 12:31,Store 2,107,Completed,Credit Card,14.18
TXN-14774,20/05/2026 16:03,Store 2,100,Completed,Mobile App,6.86
TXN-14775,04/05/2026 18:37,Store 3,103,Completed,Credit Card,5.42
TXN-14776,28/05/2026 17:41,Store 2,110,Completed,Cash,41.63
TXN-14777,18/05/2026 12:08,Store 4,100,Completed,Cash,42.13
TXN-14778,10/05/2026 19:49,Store 2,102,Completed,Credit Card,15.39
TXN-14779,22/05/2026 14:58,Store 6,104,Completed,Cash,33.03
TXN-14780,27/05/2026 16:44,Store 3,101,Completed,Credit Card,40.22
TXN-14781,21/05/2026 11:20,Store 4,104,Completed,Credit Card,14.98
TXN-14782,11/05/2026 20:26,Store 4,105,Completed,Cash,34.86
TXN-14783,26/05/2026 18:24,Store 1,102,Completed,Cash,14.65
TXN-14784,26/05/2026 16:56,Store 6,104,Completed,Mobile App,23.3
TXN-14785,28/05/2026 19:50,Store 4,110,Completed,Credit Card,13.54
TXN-14786,10/05/2026 7:08,Store 4,106,Completed,Mobile App,15.57
TXN-14787,25/05/2026 20:17,Store 3,100,Completed,Mobile App,24.82
TXN-14788,25/05/2026 21:15,Store 3,103,Void,Cash,36.3
TXN-14789,11/05/2026 20:52,Store 6,102,Completed,Mobile App,26.53
TXN-14790,17/05/2026 14:29,Store 1,101,Completed,Mobile App,11.28
TXN-14791,12/05/2026 14:49,Store 4,101,Completed,Mobile App,30.04
TXN-14792,22/05/2026 11:54,Store 5,100,Completed,Credit Card,23.19
TXN-14793,14/05/2026 17:10,Store 3,101,Completed,Credit Card,27.26
TXN-14794,14/05/2026 9:16,Store 6,101,Completed,Credit Card,39.36
TXN-14795,10/05/2026 14:41,Store 6,110,Completed,Mobile App,24.16
TXN-14796,16/05/2026 11:06,Store 3,109,Refund,Cash,23.37
TXN-14797,21/05/2026 19:03,Store 4,105,Completed,Cash,19.53
TXN-14798,19/05/2026 18:10,Store 3,103,Completed,Cash,19.81
TXN-14799,22/05/2026 7:21,Store 3,100,Discount applied,Cash,22.75
TXN-14800,15/05/2026 20:52,Store 6,104,Completed,Credit Card,9.22
TXN-14801,11/05/2026 8:21,Store 1,101,Completed,Cash,12.32
TXN-14802,27/05/2026 15:01,Store 5,108,Completed,Credit Card,18.54
TXN-14803,14/05/2026 14:23,Store 6,101,Completed,Mobile App,19.8
TXN-14804,16/05/2026 11:48,Store 4,106,Completed,Credit Card,34.8
TXN-14805,11/05/2026 9:03,Store 5,105,Completed,Credit Card,42.4
TXN-14806,05/05/2026 17:59,Store 2,107,Completed,Mobile App,25.63
TXN-14807,22/05/2026 15:48,Store 2,107,Completed,Credit Card,35.45
TXN-14808,13/05/2026 17:29,Store 4,100,Completed,Cash,21.7
TXN-14809,06/05/2026 15:42,Store 4,110,Completed,Credit Card,26.45
TXN-14810,27/05/2026 7:12,Store 6,102,Completed,Credit Card,11.35
TXN-14811,13/05/2026 21:21,Store 3,103,Completed,Mobile App,25.17
TXN-14812,06/05/2026 16:36,Store 5,110,Completed,Cash,15.39
TXN-14813,15/05/2026 18:06,Store 6,102,Completed,Credit Card,10.8
TXN-14814,26/05/2026 21:32,Store 3,103,Completed,Mobile App,21.42
TXN-14815,20/05/2026 9:51,Store 6,105,Completed,Credit Card,16.91
TXN-14816,02/05/2026 16:11,Store 1,109,Completed,Credit Card,19.52
TXN-14817,11/05/2026 11:59,Store 3,105,Completed,Credit Card,8.84
TXN-14818,07/05/2026 7:55,Store 4,108,Refund,Mobile App,11.41
TXN-14819,18/05/2026 10:15,Store 4,102,Completed,Credit Card,7.13
TXN-14820,20/05/2026 15:27,Store 6,104,Completed,Cash,15.14
TXN-14821,04/05/2026 7:32,Store 3,105,Completed,Mobile App,35.47
TXN-14822,22/05/2026 10:26,Store 5,101,Completed,Mobile App,24.26
TXN-14823,10/05/2026 10:09,Store 3,109,Completed,Credit Card,14.52
TXN-14824,30/05/2026 21:29,Store 3,106,Completed,Credit Card,27.5
TXN-14825,11/05/2026 15:29,Store 1,108,Completed,Cash,17.33
TXN-14826,12/05/2026 9:45,Store 1,105,Completed,Credit Card,8.63
TXN-14827,24/05/2026 17:25,Store 1,101,Completed,Mobile App,11.46
TXN-14828,08/05/2026 18:34,Store 2,102,Completed,Mobile App,6.87
TXN-14829,08/05/2026 16:01,Store 5,108,Completed,Cash,39.24
TXN-14830,14/05/2026 9:19,Store 3,108,Completed,Credit Card,23.94
TXN-14831,01/05/2026 8:36,Store 3,108,Completed,Mobile App,40.95
TXN-14832,14/05/2026 16:19,Store 4,101,Completed,Credit Card,41.55
TXN-14833,17/05/2026 10:50,Store 6,100,Completed,Mobile App,38.86
TXN-14834,06/05/2026 17:26,Store 4,108,Completed,Mobile App,42.73
TXN-14835,12/05/2026 12:12,Store 4,101,Completed,Credit Card,5.44
TXN-14836,24/05/2026 21:36,Store 4,109,Completed,Credit Card,10.7
TXN-14837,24/05/2026 16:40,Store 4,110,Completed,Credit Card,44.3
TXN-14838,11/05/2026 12:17,Store 2,107,Discount applied,Cash,20.25
TXN-14839,15/05/2026 17:50,Store 4,110,Completed,Credit Card,7.57
TXN-14840,25/05/2026 7:30,Store 3,110,Void,Credit Card,22.22
TXN-14841,09/05/2026 15:11,Store 4,105,Completed,Credit Card,43.5
TXN-14842,07/05/2026 19:11,Store 6,110,Completed,Cash,9.94
TXN-14843,19/05/2026 9:54,Store 2,100,Completed,Credit Card,25.83
TXN-14844,22/05/2026 14:08,Store 1,108,Completed,Credit Card,31.35
TXN-14845,08/05/2026 21:59,Store 6,104,Completed,Credit Card,29.64
TXN-14846,04/05/2026 10:41,Store 2,105,Completed,Mobile App,12.43
TXN-14847,14/05/2026 9:04,Store 5,102,Refund,Mobile App,17.33
TXN-14848,11/05/2026 8:12,Store 5,106,Completed,Mobile App,33.32
TXN-14849,12/05/2026 18:29,Store 4,108,Completed,Mobile App,28.52
TXN-14850,22/05/2026 21:48,Store 3,103,Completed,Credit Card,5.48
TXN-14851,30/05/2026 10:05,Store 2,105,Completed,Credit Card,9.75
TXN-14852,15/05/2026 21:05,Store 4,110,Completed,Mobile App,32.78
TXN-14853,03/05/2026 7:30,Store 2,108,Completed,Mobile App,19.56
TXN-14854,17/05/2026 14:26,Store 2,105,Completed,Cash,32.67
TXN-14855,12/05/2026 18:47,Store 3,103,Completed,Mobile App,7.57
TXN-14856,21/05/2026 16:57,Store 4,101,Completed,Credit Card,30.23
TXN-14857,20/05/2026 15:52,Store 5,101,Completed,Credit Card,13.46
TXN-14858,24/05/2026 13:01,Store 6,104,Completed,Credit Card,29.34
TXN-14859,10/05/2026 12:24,Store 4,106,Completed,Credit Card,32.61
TXN-14860,29/05/2026 18:21,Store 3,110,Discount applied,Credit Card,8.4
TXN-14861,26/05/2026 15:27,Store 2,107,Discount applied,Cash,20.71
TXN-14862,24/05/2026 15:08,Store 4,101,Completed,Credit Card,29.13
TXN-14863,20/05/2026 14:02,Store 2,107,Completed,Credit Card,39.6
TXN-14864,08/05/2026 17:37,Store 5,106,Completed,Mobile App,34.36
TXN-14865,20/05/2026 17:33,Store 4,108,Refund,Cash,6.15
TXN-14866,11/05/2026 11:06,Store 5,102,Completed,Credit Card,27.86
TXN-14867,09/05/2026 23:00,Store 3,103,Void,Cash,40.68
TXN-14868,02/05/2026 9:24,Store 6,109,Completed,Credit Card,17.74
TXN-14869,03/05/2026 10:09,Store 1,100,Completed,Credit Card,13.05
TXN-14870,12/05/2026 17:42,Store 3,108,Completed,Cash,26.19
TXN-14871,18/05/2026 21:26,Store 1,110,Completed,Credit Card,11.06
TXN-14872,23/05/2026 17:45,Store 2,106,Completed,Credit Card,29.92
TXN-14873,03/05/2026 17:37,Store 3,103,Completed,Cash,35.95
TXN-14874,18/05/2026 11:33,Store 6,102,Completed,Credit Card,14.43
TXN-14875,21/05/2026 7:15,Store 3,106,Completed,Credit Card,17.69
TXN-14876,26/05/2026 11:56,Store 1,100,Refund,Cash,5.71
TXN-14877,28/05/2026 14:42,Store 2,102,Completed,Mobile App,31.55
TXN-14878,01/05/2026 14:15,Store 6,108,Completed,Cash,25.38
TXN-14879,03/05/2026 15:27,Store 2,100,Completed,Mobile App,10.44
TXN-14880,03/05/2026 16:53,Store 5,101,Completed,Mobile App,32.59
TXN-14881,29/05/2026 15:15,Store 5,110,Completed,Credit Card,37.37
TXN-14882,24/05/2026 7:11,Store 3,109,Completed,Credit Card,26.16
TXN-14883,04/05/2026 17:35,Store 3,102,Completed,Credit Card,17.97
TXN-14884,16/05/2026 10:40,Store 4,101,Completed,Mobile App,39.61
TXN-14885,21/05/2026 11:46,Store 2,107,Completed,Credit Card,30.19
TXN-14886,09/05/2026 17:50,Store 1,109,Completed,Mobile App,14.1
TXN-14887,25/05/2026 21:54,Store 2,104,Completed,Credit Card,17.3
TXN-14888,08/05/2026 18:47,Store 3,103,Completed,Credit Card,22.25
TXN-14889,10/05/2026 16:26,Store 1,109,Refund,Mobile App,13.82
TXN-14890,25/05/2026 20:57,Store 4,106,Completed,Mobile App,40.96
TXN-14891,29/05/2026 21:02,Store 6,106,Void,Credit Card,28.83
TXN-14892,06/05/2026 18:55,Store 3,103,Completed,Cash,33.3
TXN-14893,20/05/2026 20:37,Store 4,108,Completed,Credit Card,22.57
TXN-14894,17/05/2026 8:07,Store 1,109,Completed,Mobile App,9.26
TXN-14895,24/05/2026 19:38,Store 3,103,Completed,Cash,38.31
TXN-14896,21/05/2026 18:08,Store 3,108,Completed,Credit Card,18.31
TXN-14897,11/05/2026 10:49,Store 6,104,Completed,Cash,25.6
TXN-14898,30/05/2026 16:05,Store 3,109,Completed,Mobile App,28.32
TXN-14899,05/05/2026 21:44,Store 3,103,Completed,Mobile App,33.86
TXN-14900,08/05/2026 7:39,Store 5,109,Completed,Credit Card,8.81
TXN-14901,02/05/2026 21:46,Store 3,103,Completed,Mobile App,19.89
TXN-14902,17/05/2026 9:37,Store 4,106,Completed,Mobile App,43.59
TXN-14903,20/05/2026 20:34,Store 5,102,Completed,Credit Card,30.81
TXN-14904,10/05/2026 13:11,Store 3,100,Completed,Credit Card,32.49
TXN-14905,18/05/2026 21:42,Store 2,109,Completed,Credit Card,18.41
TXN-14906,07/05/2026 12:22,Store 4,104,Completed,Credit Card,16.63
TXN-14907,20/05/2026 19:13,Store 4,108,Completed,Cash,13.61
TXN-14908,22/05/2026 16:13,Store 1,102,Void,Credit Card,27
TXN-14909,04/05/2026 11:16,Store 4,106,Completed,Credit Card,20.07
TXN-14910,24/05/2026 15:13,Store 1,101,Completed,Credit Card,11.3
TXN-14911,10/05/2026 15:04,Store 3,109,Completed,Mobile App,11.4
TXN-14912,24/05/2026 12:15,Store 3,106,Completed,Credit Card,24.92
TXN-14913,17/05/2026 12:46,Store 3,102,Void,Credit Card,30.82
TXN-14914,24/05/2026 17:48,Store 5,110,Completed,Cash,16.08
TXN-14915,25/05/2026 15:04,Store 2,101,Completed,Credit Card,15.24
TXN-14916,14/05/2026 9:16,Store 5,101,Completed,Mobile App,17.17
TXN-14917,22/05/2026 10:30,Store 1,102,Discount applied,Mobile App,9.16
TXN-14918,05/05/2026 15:16,Store 4,100,Completed,Mobile App,30.38
TXN-14919,07/05/2026 14:09,Store 5,109,Completed,Credit Card,41.08
TXN-14920,04/05/2026 12:49,Store 5,104,Completed,Mobile App,10.14
TXN-14921,15/05/2026 17:34,Store 3,105,Completed,Credit Card,10.37
TXN-14922,15/05/2026 7:23,Store 1,110,Completed,Cash,17.16
TXN-14923,03/05/2026 17:07,Store 3,103,Completed,Mobile App,11.1
TXN-14924,27/05/2026 15:58,Store 4,108,Completed,Credit Card,10.37
TXN-14925,02/05/2026 18:22,Store 2,102,Completed,Credit Card,17.97
TXN-14926,02/05/2026 17:56,Store 5,109,Completed,Credit Card,7.92
TXN-14927,15/05/2026 16:24,Store 5,101,Completed,Credit Card,37.18
TXN-14928,07/05/2026 8:38,Store 2,100,Completed,Mobile App,9.62
TXN-14929,15/05/2026 7:07,Store 2,104,Completed,Cash,38.1
TXN-14930,11/05/2026 9:11,Store 2,100,Refund,Cash,23.19
TXN-14931,04/05/2026 12:17,Store 4,102,Completed,Cash,32.87
TXN-14932,07/05/2026 15:14,Store 6,105,Completed,Cash,35.5
TXN-14933,12/05/2026 10:23,Store 5,101,Completed,Cash,28.42
TXN-14934,15/05/2026 21:03,Store 3,100,Completed,Cash,26.58
TXN-14935,20/05/2026 9:48,Store 3,109,Discount applied,Cash,26.13
TXN-14936,12/05/2026 11:27,Store 6,106,Void,Mobile App,12.54
TXN-14937,17/05/2026 8:46,Store 3,108,Completed,Cash,30.08
TXN-14938,03/05/2026 13:50,Store 2,109,Completed,Credit Card,31.8
TXN-14939,25/05/2026 11:36,Store 1,109,Completed,Mobile App,16.29
TXN-14940,08/05/2026 18:02,Store 6,100,Completed,Credit Card,13.69
TXN-14941,24/05/2026 12:15,Store 4,110,Completed,Mobile App,41.82
TXN-14942,18/05/2026 12:55,Store 6,104,Completed,Credit Card,34.78
TXN-14943,20/05/2026 17:24,Store 5,108,Completed,Credit Card,29.7
TXN-14944,25/05/2026 12:33,Store 6,100,Completed,Mobile App,9.98
TXN-14945,19/05/2026 9:21,Store 2,100,Completed,Cash,35.3
TXN-14946,07/05/2026 17:04,Store 2,107,Completed,Cash,23.07
TXN-14947,27/05/2026 16:20,Store 1,110,Completed,Cash,5.26
TXN-14948,26/05/2026 14:51,Store 2,105,Completed,Mobile App,12.31
TXN-14949,05/05/2026 18:27,Store 3,103,Completed,Cash,24.32
TXN-14950,16/05/2026 19:42,Store 4,100,Completed,Mobile App,20.3
TXN-14951,13/05/2026 14:32,Store 1,101,Completed,Cash,44.49
TXN-14952,07/05/2026 8:26,Store 3,104,Void,Mobile App,17.94
TXN-14953,09/05/2026 13:02,Store 6,102,Completed,Mobile App,39.49
TXN-14954,03/05/2026 13:54,Store 5,104,Completed,Credit Card,13.66
TXN-14955,02/05/2026 11:15,Store 2,100,Completed,Cash,7.78
TXN-14956,17/05/2026 14:05,Store 2,102,Completed,Mobile App,11.11
TXN-14957,16/05/2026 21:37,Store 4,104,Completed,Cash,15.16
TXN-14958,30/05/2026 18:51,Store 5,104,Completed,Mobile App,21.23
TXN-14959,15/05/2026 15:09,Store 4,104,Void,Credit Card,20.25
TXN-14960,08/05/2026 19:35,Store 6,101,Completed,Credit Card,27.73
TXN-14961,07/05/2026 7:41,Store 1,110,Completed,Credit Card,20.68
TXN-14962,26/05/2026 19:22,Store 4,102,Completed,Credit Card,24.67
TXN-14963,23/05/2026 21:52,Store 3,103,Completed,Mobile App,35.7
TXN-14964,28/05/2026 20:13,Store 4,110,Completed,Credit Card,23.76
TXN-14965,20/05/2026 14:42,Store 2,107,Completed,Mobile App,36.16
TXN-14966,04/05/2026 8:15,Store 4,105,Completed,Cash,42.66
TXN-14967,05/05/2026 20:39,Store 4,110,Completed,Credit Card,24.89
TXN-14968,29/05/2026 11:22,Store 3,105,Completed,Mobile App,37.18
TXN-14969,25/05/2026 15:57,Store 2,107,Completed,Credit Card,37.14
TXN-14970,28/05/2026 12:27,Store 6,100,Completed,Mobile App,9.87
TXN-14971,30/05/2026 14:29,Store 6,100,Completed,Cash,23.67
TXN-14972,01/05/2026 11:09,Store 2,104,Completed,Mobile App,37.52
TXN-14973,01/05/2026 21:00,Store 1,109,Completed,Credit Card,40.81
TXN-14974,29/05/2026 12:46,Store 3,102,Completed,Credit Card,13.32
TXN-14975,09/05/2026 13:17,Store 1,106,Completed,Credit Card,41.68
TXN-14976,30/05/2026 12:01,Store 1,104,Completed,Credit Card,28.83
TXN-14977,21/05/2026 17:29,Store 5,102,Completed,Credit Card,21.76
TXN-14978,28/05/2026 19:04,Store 5,106,Void,Credit Card,23.3
TXN-14979,15/05/2026 8:30,Store 4,101,Completed,Cash,13.6
TXN-14980,24/05/2026 14:51,Store 4,100,Completed,Cash,24.95
TXN-14981,22/05/2026 21:16,Store 5,109,Completed,Credit Card,7.39
TXN-14982,03/05/2026 20:37,Store 4,106,Completed,Cash,15.02
TXN-14983,25/05/2026 12:52,Store 2,107,Completed,Cash,27.66
TXN-14984,23/05/2026 14:51,Store 3,109,Completed,Credit Card,18
TXN-14985,06/05/2026 8:28,Store 2,100,Completed,Credit Card,37.9
TXN-14986,14/05/2026 19:18,Store 1,106,Completed,Cash,37.27
TXN-14987,16/05/2026 20:00,Store 5,101,Completed,Credit Card,21.28
TXN-14988,19/05/2026 8:22,Store 4,108,Completed,Credit Card,11.9
TXN-14989,02/05/2026 9:31,Store 6,110,Completed,Mobile App,31.92
TXN-14990,26/05/2026 7:03,Store 1,109,Completed,Mobile App,29.06
TXN-14991,13/05/2026 22:01,Store 3,103,Void,Cash,23.51
TXN-14992,29/05/2026 20:45,Store 3,103,Completed,Mobile App,23.89
TXN-14993,12/05/2026 19:35,Store 5,104,Completed,Credit Card,36.02
TXN-14994,05/05/2026 12:18,Store 4,104,Discount applied,Cash,5.56
TXN-14995,07/05/2026 14:23,Store 2,105,Refund,Cash,15.54
TXN-14996,01/05/2026 13:07,Store 3,106,Completed,Credit Card,29.22
TXN-14997,12/05/2026 8:30,Store 3,101,Refund,Mobile App,22.45
TXN-14998,05/05/2026 19:19,Store 5,104,Completed,Cash,36.93
TXN-14999,11/05/2026 10:12,Store 6,104,Completed,Cash,35.91
TXN-15000,04/05/2026 15:59,Store 4,104,Completed,Cash,35.8
TXN-15001,04/05/2026 7:25,Store 2,104,Completed,Credit Card,12.91
TXN-15002,06/05/2026 21:23,Store 3,103,Completed,Cash,16.23
TXN-15003,29/05/2026 21:08,Store 3,103,Completed,Credit Card,19.21
TXN-15004,01/05/2026 17:52,Store 6,110,Void,Credit Card,8.11
TXN-15005,22/05/2026 12:19,Store 6,109,Completed,Credit Card,33.94
TXN-15006,02/05/2026 11:34,Store 1,101,Completed,Mobile App,27.24
TXN-15007,12/05/2026 17:04,Store 3,103,Completed,Cash,20.2
TXN-15008,08/05/2026 20:38,Store 1,106,Completed,Cash,22.25
TXN-15009,12/05/2026 18:18,Store 2,101,Void,Credit Card,8.38
TXN-15010,03/05/2026 7:58,Store 2,105,Completed,Cash,42.47
TXN-15011,27/05/2026 11:15,Store 1,106,Completed,Cash,18.63
TXN-15012,08/05/2026 23:44,Store 3,103,Refund,Cash,44.25
TXN-15013,03/05/2026 16:35,Store 6,109,Completed,Credit Card,38.6
TXN-15014,11/05/2026 9:29,Store 5,108,Completed,Mobile App,19.17
TXN-15015,04/05/2026 21:02,Store 3,103,Completed,Credit Card,6.3
TXN-15016,24/05/2026 21:54,Store 3,106,Completed,Mobile App,13.7
TXN-15017,15/05/2026 19:17,Store 5,110,Completed,Mobile App,19.02
TXN-15018,14/05/2026 12:38,Store 4,108,Completed,Credit Card,28.98
TXN-15019,22/05/2026 10:48,Store 6,104,Completed,Credit Card,34.39
TXN-15020,30/05/2026 20:04,Store 6,109,Completed,Credit Card,42.02
TXN-15021,17/05/2026 14:15,Store 2,109,Completed,Mobile App,17.72
TXN-15022,15/05/2026 17:45,Store 4,110,Completed,Credit Card,32.44
TXN-15023,08/05/2026 21:32,Store 1,105,Completed,Credit Card,16.63
TXN-15024,13/05/2026 17:54,Store 1,101,Completed,Cash,41.84
TXN-15025,29/05/2026 12:28,Store 5,106,Completed,Credit Card,22.45
TXN-15026,08/05/2026 8:48,Store 4,101,Completed,Credit Card,28.59
TXN-15027,25/05/2026 19:48,Store 4,100,Completed,Credit Card,28.39
TXN-15028,18/05/2026 18:29,Store 3,109,Completed,Cash,11.16
TXN-15029,12/05/2026 9:59,Store 3,105,Completed,Cash,30.6
TXN-15030,26/05/2026 19:40,Store 3,102,Void,Mobile App,22.34
TXN-15031,01/05/2026 14:47,Store 2,107,Discount applied,Cash,15.35
TXN-15032,02/05/2026 8:01,Store 5,108,Completed,Credit Card,39.95
TXN-15033,21/05/2026 17:20,Store 6,105,Completed,Cash,27.66
TXN-15034,09/05/2026 17:03,Store 1,104,Completed,Cash,8.09
TXN-15035,30/05/2026 10:09,Store 6,104,Completed,Cash,35.83
TXN-15036,07/05/2026 19:11,Store 3,109,Completed,Cash,44.76
TXN-15037,23/05/2026 10:54,Store 4,104,Completed,Cash,11.03
TXN-15038,10/05/2026 17:52,Store 4,102,Completed,Credit Card,6.09
TXN-15039,04/05/2026 19:23,Store 3,103,Completed,Cash,31.07
TXN-15040,09/05/2026 7:33,Store 6,108,Completed,Cash,9.41
TXN-15041,24/05/2026 15:44,Store 2,100,Refund,Cash,17.57
TXN-15042,12/05/2026 19:41,Store 5,101,Completed,Cash,39.38
TXN-15043,23/05/2026 13:01,Store 2,104,Completed,Mobile App,34.81
TXN-15044,30/05/2026 16:48,Store 6,108,Completed,Credit Card,13.07
TXN-15045,28/05/2026 12:41,Store 5,108,Completed,Credit Card,32.81
TXN-15046,12/05/2026 14:42,Store 5,101,Completed,Credit Card,13.87
TXN-15047,21/05/2026 14:04,Store 4,100,Completed,Cash,22.18
TXN-15048,09/05/2026 8:58,Store 4,105,Completed,Credit Card,37.22
TXN-15049,01/05/2026 11:07,Store 2,107,Completed,Credit Card,34.83
TXN-15050,08/05/2026 18:16,Store 3,110,Completed,Credit Card,40.15
TXN-15051,02/05/2026 17:11,Store 6,102,Completed,Cash,20.26
TXN-15052,24/05/2026 12:26,Store 4,106,Discount applied,Cash,32.99
TXN-15053,17/05/2026 8:14,Store 6,104,Completed,Cash,39.37
TXN-15054,29/05/2026 7:00,Store 1,109,Completed,Cash,37.79
TXN-15055,28/05/2026 20:32,Store 5,104,Refund,Credit Card,8.3
TXN-15056,10/05/2026 9:16,Store 1,102,Completed,Credit Card,13.61
TXN-15057,11/05/2026 21:34,Store 3,106,Completed,Cash,20.32
TXN-15058,23/05/2026 8:06,Store 5,100,Completed,Credit Card,21.43
TXN-15059,19/05/2026 15:28,Store 4,108,Completed,Credit Card,11.47
TXN-15060,03/05/2026 15:58,Store 1,105,Completed,Cash,26.46
TXN-15061,12/05/2026 7:09,Store 2,100,Completed,Credit Card,23.94
TXN-15062,05/05/2026 11:19,Store 4,110,Discount applied,Credit Card,18.21
TXN-15063,01/05/2026 19:17,Store 1,106,Completed,Mobile App,7.23
TXN-15064,10/05/2026 11:44,Store 1,108,Completed,Credit Card,41.35
TXN-15065,03/05/2026 8:28,Store 6,100,Completed,Credit Card,32.74
TXN-15066,12/05/2026 21:16,Store 2,110,Refund,Cash,23.71
TXN-15067,16/05/2026 17:33,Store 3,100,Completed,Credit Card,42.08
TXN-15068,11/05/2026 17:18,Store 1,101,Completed,Credit Card,22.04
TXN-15069,23/05/2026 19:30,Store 3,101,Completed,Cash,23.75
TXN-15070,27/05/2026 8:28,Store 6,102,Completed,Credit Card,17.62
TXN-15071,28/05/2026 12:52,Store 5,106,Completed,Mobile App,15.86
TXN-15072,01/05/2026 17:52,Store 3,104,Completed,Cash,8.26
TXN-15073,04/05/2026 9:05,Store 1,102,Completed,Cash,26.24
TXN-15074,24/05/2026 8:10,Store 2,102,Completed,Credit Card,13.73
TXN-15075,08/05/2026 13:41,Store 4,108,Completed,Credit Card,24.21
TXN-15076,16/05/2026 17:57,Store 2,105,Completed,Credit Card,43.99
TXN-15077,11/05/2026 7:14,Store 5,110,Completed,Mobile App,38.13
TXN-15078,23/05/2026 19:06,Store 3,108,Completed,Cash,11.23
TXN-15079,29/05/2026 16:43,Store 3,100,Completed,Credit Card,32
TXN-15080,26/05/2026 11:20,Store 5,102,Completed,Credit Card,40.33
TXN-15081,08/05/2026 19:11,Store 6,102,Completed,Cash,17.02
TXN-15082,17/05/2026 21:01,Store 3,103,Completed,Cash,6.65
TXN-15083,04/05/2026 17:35,Store 1,110,Completed,Credit Card,8.56
TXN-15084,29/05/2026 8:20,Store 2,106,Completed,Mobile App,38.24
TXN-15085,06/05/2026 14:55,Store 2,107,Completed,Cash,14.07
TXN-15086,11/05/2026 7:11,Store 3,104,Completed,Mobile App,42.36
TXN-15087,07/05/2026 13:08,Store 6,106,Completed,Credit Card,31.87
TXN-15088,18/05/2026 9:18,Store 2,100,Completed,Cash,21.89
TXN-15089,26/05/2026 13:23,Store 2,107,Discount applied,Cash,33.33
TXN-15090,05/05/2026 21:05,Store 1,109,Completed,Credit Card,7.05
TXN-15091,10/05/2026 15:18,Store 2,107,Refund,Credit Card,41.04
TXN-15092,30/05/2026 17:30,Store 1,109,Completed,Credit Card,35.87
TXN-15093,07/05/2026 11:13,Store 6,100,Completed,Credit Card,41.05
TXN-15094,18/05/2026 7:03,Store 3,109,Completed,Credit Card,38.21
TXN-15095,08/05/2026 14:17,Store 2,101,Completed,Credit Card,8.69
TXN-15096,04/05/2026 8:14,Store 4,109,Completed,Cash,8.34
TXN-15097,13/05/2026 8:43,Store 1,108,Completed,Mobile App,29.83
TXN-15098,16/05/2026 20:37,Store 1,105,Completed,Cash,41.1
TXN-15099,28/05/2026 17:23,Store 2,107,Completed,Mobile App,27.51
TXN-15100,15/05/2026 18:13,Store 4,102,Completed,Cash,12.02
TXN-15101,07/05/2026 15:23,Store 4,100,Completed,Credit Card,22.68
TXN-15102,20/05/2026 21:34,Store 6,105,Completed,Cash,15.54
TXN-15103,25/05/2026 20:40,Store 3,103,Completed,Cash,29.58
TXN-15104,26/05/2026 9:57,Store 6,101,Completed,Credit Card,35.16
TXN-15105,25/05/2026 12:38,Store 2,105,Completed,Credit Card,21.23
TXN-15106,17/05/2026 19:35,Store 3,103,Completed,Credit Card,21.41
TXN-15107,01/05/2026 13:30,Store 2,104,Completed,Credit Card,5.89
TXN-15108,16/05/2026 19:36,Store 6,105,Completed,Credit Card,33.31
TXN-15109,18/05/2026 16:18,Store 4,109,Completed,Mobile App,42.51
TXN-15110,12/05/2026 15:17,Store 2,107,Completed,Credit Card,38.78
TXN-15111,27/05/2026 7:35,Store 2,100,Completed,Credit Card,23.27
TXN-15112,24/05/2026 10:54,Store 1,105,Completed,Cash,42.38
TXN-15113,11/05/2026 10:35,Store 2,107,Discount applied,Cash,37.77
TXN-15114,09/05/2026 8:35,Store 1,101,Completed,Credit Card,8.84
TXN-15115,08/05/2026 8:34,Store 6,104,Refund,Cash,8.92
TXN-15116,24/05/2026 21:06,Store 4,110,Void,Credit Card,5.29
TXN-15117,14/05/2026 14:32,Store 5,101,Completed,Mobile App,30.36
TXN-15118,15/05/2026 17:15,Store 3,103,Completed,Credit Card,16.33
TXN-15119,11/05/2026 15:50,Store 4,104,Completed,Credit Card,40.67
TXN-15120,02/05/2026 19:59,Store 4,100,Completed,Credit Card,42.13
TXN-15121,04/05/2026 15:37,Store 6,106,Completed,Credit Card,10.48
TXN-15122,17/05/2026 13:33,Store 3,106,Completed,Cash,7.33
TXN-15123,19/05/2026 14:29,Store 2,107,Refund,Cash,34.72
TXN-15124,24/05/2026 19:15,Store 6,100,Completed,Credit Card,11.18
TXN-15125,19/05/2026 7:49,Store 5,106,Completed,Credit Card,9.44
TXN-15126,05/05/2026 16:50,Store 3,106,Completed,Mobile App,17.24
TXN-15127,03/05/2026 14:22,Store 5,108,Completed,Credit Card,12.12
TXN-15128,12/05/2026 16:48,Store 3,103,Completed,Mobile App,12.51
TXN-15129,16/05/2026 19:45,Store 6,101,Completed,Cash,34.03
TXN-15130,05/05/2026 7:45,Store 2,108,Completed,Mobile App,5.3
TXN-15131,10/05/2026 15:14,Store 3,102,Completed,Cash,26.27
TXN-15132,26/05/2026 8:37,Store 3,105,Completed,Credit Card,7.7
TXN-15133,18/05/2026 20:51,Store 3,103,Completed,Cash,19.74
TXN-15134,13/05/2026 10:25,Store 3,108,Completed,Cash,23.99
TXN-15135,02/05/2026 15:12,Store 1,106,Completed,Credit Card,15
TXN-15136,03/05/2026 8:58,Store 1,109,Completed,Cash,12.43
TXN-15137,26/05/2026 8:35,Store 5,101,Refund,Mobile App,14.46
TXN-15138,28/05/2026 21:41,Store 1,110,Void,Mobile App,6.98
TXN-15139,09/05/2026 19:06,Store 1,105,Completed,Credit Card,16.36
TXN-15140,24/05/2026 19:19,Store 3,102,Completed,Credit Card,37.58
TXN-15141,27/05/2026 7:20,Store 5,101,Completed,Mobile App,9.04
TXN-15142,10/05/2026 8:36,Store 6,105,Completed,Credit Card,44.21
TXN-15143,27/05/2026 19:40,Store 6,100,Completed,Cash,16.93
TXN-15144,05/05/2026 20:27,Store 3,110,Completed,Credit Card,44.66
TXN-15145,08/05/2026 7:16,Store 5,102,Completed,Credit Card,8.41
TXN-15146,16/05/2026 21:16,Store 4,102,Completed,Credit Card,6.8
TXN-15147,05/05/2026 19:36,Store 3,103,Completed,Credit Card,14.48
TXN-15148,08/05/2026 8:41,Store 6,100,Completed,Cash,39.42
TXN-15149,09/05/2026 16:53,Store 2,109,Completed,Cash,24.89
TXN-15150,30/05/2026 21:01,Store 5,110,Completed,Mobile App,19.73
TXN-15151,11/05/2026 14:17,Store 6,106,Void,Cash,9.08
TXN-15152,26/05/2026 16:04,Store 6,109,Completed,Credit Card,28.65
TXN-15153,22/05/2026 12:46,Store 4,101,Completed,Credit Card,7.38
TXN-15154,06/05/2026 21:33,Store 6,100,Completed,Credit Card,16.57
TXN-15155,26/05/2026 9:15,Store 4,106,Completed,Cash,27.14
TXN-15156,16/05/2026 21:50,Store 4,110,Completed,Mobile App,17.48
TXN-15157,06/05/2026 12:35,Store 5,109,Completed,Credit Card,17.27
TXN-15158,28/05/2026 12:00,Store 2,102,Completed,Mobile App,19.11
TXN-15159,16/05/2026 21:31,Store 2,105,Completed,Credit Card,8.27
TXN-15160,24/05/2026 9:04,Store 4,102,Completed,Credit Card,31.5
TXN-15161,16/05/2026 10:20,Store 3,105,Void,Credit Card,9.06
TXN-15162,06/05/2026 17:58,Store 6,104,Completed,Mobile App,34.15
TXN-15163,25/05/2026 19:51,Store 3,105,Completed,Credit Card,24.03
TXN-15164,15/05/2026 19:52,Store 4,108,Refund,Mobile App,10.36
TXN-15165,17/05/2026 18:06,Store 6,100,Completed,Cash,36.21
TXN-15166,09/05/2026 9:33,Store 4,109,Completed,Mobile App,42.09
TXN-15167,26/05/2026 14:57,Store 3,108,Discount applied,Credit Card,6.57
TXN-15168,26/05/2026 11:54,Store 6,100,Refund,Mobile App,8.47
TXN-15169,17/05/2026 13:12,Store 4,101,Completed,Credit Card,25.46
TXN-15170,14/05/2026 16:58,Store 6,104,Completed,Cash,23.93
TXN-15171,26/05/2026 20:49,Store 1,108,Completed,Credit Card,31.57
TXN-15172,18/05/2026 19:17,Store 4,100,Completed,Cash,22.47
TXN-15173,24/05/2026 9:18,Store 5,100,Completed,Credit Card,8.1
TXN-15174,20/05/2026 10:34,Store 4,105,Completed,Mobile App,27.44
TXN-15175,26/05/2026 11:29,Store 2,107,Completed,Mobile App,29.1
TXN-15176,26/05/2026 11:32,Store 4,106,Completed,Cash,42.12
TXN-15177,13/05/2026 15:27,Store 3,101,Completed,Mobile App,10.39
TXN-15178,14/05/2026 20:08,Store 5,100,Completed,Credit Card,18.62
TXN-15179,30/05/2026 21:38,Store 4,109,Void,Credit Card,30.04
TXN-15180,20/05/2026 11:08,Store 4,106,Completed,Credit Card,10.35
TXN-15181,21/05/2026 19:20,Store 3,103,Completed,Mobile App,25.44
TXN-15182,09/05/2026 13:51,Store 5,108,Completed,Credit Card,15.61
TXN-15183,11/05/2026 8:10,Store 6,102,Completed,Cash,37.71
TXN-15184,27/05/2026 15:04,Store 1,108,Completed,Cash,32.78
TXN-15185,15/05/2026 9:09,Store 2,100,Completed,Cash,14.7
TXN-15186,11/05/2026 8:01,Store 1,102,Completed,Cash,11.71
TXN-15187,09/05/2026 14:50,Store 3,104,Completed,Cash,44.64
TXN-15188,18/05/2026 9:15,Store 3,108,Completed,Credit Card,38.99
TXN-15189,10/05/2026 13:48,Store 3,110,Completed,Mobile App,5.71
TXN-15190,09/05/2026 10:06,Store 2,106,Completed,Mobile App,34.43
TXN-15191,26/05/2026 15:07,Store 4,104,Void,Cash,9.27
TXN-15192,28/05/2026 11:16,Store 4,105,Completed,Credit Card,36.61
TXN-15193,03/05/2026 8:45,Store 2,101,Completed,Credit Card,33.85
TXN-15194,06/05/2026 11:15,Store 5,102,Completed,Cash,10.26
TXN-15195,22/05/2026 8:56,Store 2,109,Completed,Credit Card,44.25
TXN-15196,02/05/2026 14:00,Store 3,108,Completed,Credit Card,15.51
TXN-15197,09/05/2026 21:59,Store 1,102,Completed,Credit Card,8.73
TXN-15198,14/05/2026 14:35,Store 1,100,Completed,Credit Card,21.88
TXN-15199,11/05/2026 15:56,Store 4,100,Completed,Cash,29.94
TXN-15200,11/05/2026 13:42,Store 6,109,Completed,Mobile App,20.14
TXN-15201,09/05/2026 20:31,Store 6,109,Completed,Credit Card,29.91
TXN-15202,09/05/2026 16:02,Store 4,106,Completed,Mobile App,11.96
TXN-15203,23/05/2026 9:38,Store 4,105,Void,Credit Card,28.51
TXN-15204,13/05/2026 21:52,Store 1,108,Completed,Cash,25.98
TXN-15205,16/05/2026 14:23,Store 6,100,Completed,Cash,41.75
TXN-15206,24/05/2026 18:35,Store 5,104,Completed,Cash,7.17
TXN-15207,08/05/2026 17:08,Store 4,109,Completed,Cash,38.21
TXN-15208,14/05/2026 17:02,Store 3,103,Completed,Cash,23.8
TXN-15209,26/05/2026 8:17,Store 2,110,Completed,Credit Card,32.56
TXN-15210,08/05/2026 14:49,Store 5,105,Completed,Mobile App,31.64
TXN-15211,04/05/2026 13:30,Store 3,101,Completed,Mobile App,43.17
TXN-15212,21/05/2026 9:06,Store 5,100,Discount applied,Mobile App,8.4
TXN-15213,29/05/2026 21:27,Store 1,101,Completed,Credit Card,11.58
TXN-15214,20/05/2026 17:38,Store 3,103,Completed,Mobile App,20.38
TXN-15215,02/05/2026 15:15,Store 2,104,Completed,Cash,42.68
TXN-15216,29/05/2026 16:53,Store 3,103,Completed,Cash,39.95
TXN-15217,29/05/2026 18:50,Store 2,105,Completed,Mobile App,38.32
TXN-15218,27/05/2026 13:14,Store 6,108,Completed,Cash,14.58
TXN-15219,03/05/2026 19:03,Store 3,104,Discount applied,Mobile App,9.91
TXN-15220,11/05/2026 9:40,Store 4,101,Completed,Credit Card,9.81
TXN-15221,23/05/2026 10:59,Store 2,106,Completed,Mobile App,7.56
TXN-15222,17/05/2026 18:38,Store 2,106,Completed,Credit Card,19.13
TXN-15223,28/05/2026 20:29,Store 2,108,Completed,Cash,15.77
TXN-15224,29/05/2026 8:45,Store 2,102,Completed,Cash,43.45
TXN-15225,08/05/2026 18:51,Store 4,108,Discount applied,Credit Card,15.63
TXN-15226,02/05/2026 14:37,Store 2,107,Completed,Cash,31.34
TXN-15227,27/05/2026 20:02,Store 3,109,Completed,Credit Card,10.06
TXN-15228,26/05/2026 19:56,Store 3,103,Completed,Credit Card,32.82
TXN-15229,17/05/2026 16:45,Store 6,104,Completed,Mobile App,29.65
TXN-15230,07/05/2026 10:28,Store 4,101,Completed,Cash,16.87
TXN-15231,10/05/2026 13:11,Store 4,110,Completed,Cash,13.37
TXN-15232,16/05/2026 15:29,Store 2,102,Completed,Credit Card,5.93
TXN-15233,03/05/2026 13:13,Store 3,100,Completed,Mobile App,24.19
TXN-15234,11/05/2026 15:35,Store 1,101,Completed,Cash,44.38
TXN-15235,17/05/2026 16:36,Store 2,105,Completed,Mobile App,17.99
TXN-15236,28/05/2026 21:39,Store 6,108,Completed,Credit Card,32.03
TXN-15237,27/05/2026 8:36,Store 3,110,Completed,Cash,28.14
TXN-15238,13/05/2026 20:23,Store 5,105,Completed,Mobile App,9.23
TXN-15239,26/05/2026 18:15,Store 2,100,Completed,Cash,19.63
TXN-15240,21/05/2026 9:56,Store 2,109,Completed,Credit Card,37.39
TXN-15241,27/05/2026 14:06,Store 1,106,Completed,Credit Card,27.48
TXN-15242,16/05/2026 21:21,Store 3,109,Completed,Mobile App,26.79
TXN-15243,09/05/2026 21:40,Store 3,103,Void,Cash,42.18
TXN-15244,09/05/2026 11:35,Store 6,101,Completed,Mobile App,22.65
TXN-15245,13/05/2026 16:30,Store 2,107,Completed,Credit Card,35.62
TXN-15246,22/05/2026 10:52,Store 2,102,Completed,Mobile App,17.71
TXN-15247,02/05/2026 10:13,Store 5,108,Completed,Credit Card,31.39
TXN-15248,21/05/2026 16:47,Store 3,110,Completed,Credit Card,30.13
TXN-15249,23/05/2026 15:26,Store 5,104,Completed,Cash,8.63
TXN-15250,12/05/2026 17:29,Store 4,105,Completed,Credit Card,23.17
TXN-15251,18/05/2026 19:49,Store 6,101,Void,Credit Card,11.69
TXN-15252,27/05/2026 10:53,Store 2,104,Completed,Credit Card,9.27
TXN-15253,07/05/2026 21:09,Store 5,109,Completed,Mobile App,12.11
TXN-15254,24/05/2026 7:31,Store 2,105,Completed,Mobile App,18.59
TXN-15255,21/05/2026 9:59,Store 5,108,Completed,Mobile App,28.87
TXN-15256,26/05/2026 18:17,Store 6,102,Completed,Credit Card,17.52
TXN-15257,24/05/2026 18:39,Store 1,105,Completed,Credit Card,6.47
TXN-15258,12/05/2026 16:55,Store 2,106,Completed,Credit Card,28.23
TXN-15259,05/05/2026 16:04,Store 2,107,Completed,Cash,16.88
TXN-15260,05/05/2026 12:36,Store 4,104,Completed,Cash,25.02
TXN-15261,09/05/2026 16:17,Store 2,107,Completed,Mobile App,7.05
TXN-15262,16/05/2026 11:57,Store 2,110,Completed,Cash,8.61
TXN-15263,21/05/2026 14:29,Store 6,108,Completed,Mobile App,32.84
TXN-15264,21/05/2026 15:19,Store 3,102,Completed,Credit Card,6.17
TXN-15265,18/05/2026 7:24,Store 2,102,Completed,Credit Card,20.6
TXN-15266,02/05/2026 16:16,Store 4,101,Completed,Cash,7.92
TXN-15267,11/05/2026 9:36,Store 6,108,Completed,Cash,24.15
TXN-15268,14/05/2026 9:34,Store 2,104,Completed,Cash,28.88
TXN-15269,10/05/2026 11:29,Store 6,100,Completed,Cash,31.24
TXN-15270,21/05/2026 15:04,Store 3,106,Completed,Credit Card,22.59
TXN-15271,19/05/2026 8:45,Store 5,109,Completed,Mobile App,35.36
TXN-15272,06/05/2026 16:40,Store 5,102,Completed,Cash,38.12
TXN-15273,14/05/2026 13:55,Store 2,100,Completed,Credit Card,28.75
TXN-15274,14/05/2026 19:06,Store 1,109,Completed,Credit Card,31.84
TXN-15275,15/05/2026 7:40,Store 6,104,Void,Cash,16.77
TXN-15276,11/05/2026 9:38,Store 6,109,Void,Credit Card,22.12
TXN-15277,05/05/2026 17:40,Store 1,109,Completed,Cash,20.62
TXN-15278,26/05/2026 8:28,Store 5,102,Completed,Credit Card,42.28
TXN-15279,10/05/2026 20:55,Store 3,103,Completed,Credit Card,24.5
TXN-15280,06/05/2026 20:09,Store 2,106,Completed,Credit Card,38.95
TXN-15281,03/05/2026 8:56,Store 1,110,Completed,Mobile App,16.29
TXN-15282,22/05/2026 20:13,Store 6,106,Completed,Credit Card,10.11
TXN-15283,27/05/2026 16:20,Store 4,105,Discount applied,Mobile App,38.95
TXN-15284,18/05/2026 9:31,Store 3,106,Completed,Credit Card,21.37
TXN-15285,08/05/2026 12:45,Store 2,101,Completed,Cash,35.37
TXN-15286,17/05/2026 15:44,Store 2,102,Completed,Credit Card,35.43
TXN-15287,06/05/2026 9:49,Store 2,100,Completed,Cash,38.01
TXN-15288,22/05/2026 14:27,Store 4,104,Completed,Mobile App,6.08
TXN-15289,18/05/2026 20:02,Store 3,105,Completed,Mobile App,5.29
TXN-15290,24/05/2026 9:02,Store 1,102,Completed,Credit Card,18.09
TXN-15291,01/05/2026 14:14,Store 2,107,Completed,Mobile App,20.33
TXN-15292,15/05/2026 9:32,Store 4,100,Completed,Credit Card,27.35
TXN-15293,28/05/2026 8:04,Store 6,105,Completed,Cash,35.5
TXN-15294,07/05/2026 15:26,Store 6,105,Completed,Credit Card,34.74
TXN-15295,23/05/2026 13:56,Store 6,110,Completed,Credit Card,35.87
TXN-15296,28/05/2026 17:50,Store 5,100,Completed,Credit Card,33.01
TXN-15297,15/05/2026 8:19,Store 2,101,Completed,Credit Card,43.28
TXN-15298,03/05/2026 11:38,Store 5,109,Completed,Cash,36.5
TXN-15299,13/05/2026 10:26,Store 4,100,Completed,Credit Card,38.95
TXN-15300,02/05/2026 7:11,Store 4,109,Completed,Credit Card,17.12
TXN-15301,21/05/2026 15:53,Store 4,101,Completed,Credit Card,30.2
TXN-15302,23/05/2026 14:21,Store 3,101,Completed,Credit Card,7.52
TXN-15303,21/05/2026 20:00,Store 4,110,Completed,Cash,28.13
TXN-15304,21/05/2026 18:36,Store 2,104,Completed,Mobile App,26.56
TXN-15305,21/05/2026 7:29,Store 6,100,Completed,Credit Card,40.57
TXN-15306,12/05/2026 14:53,Store 2,107,Completed,Mobile App,39.26
TXN-15307,07/05/2026 13:14,Store 3,100,Completed,Mobile App,15.4
TXN-15308,29/05/2026 16:43,Store 1,101,Void,Cash,11.26
TXN-15309,23/05/2026 12:22,Store 2,108,Completed,Credit Card,25.11
TXN-15310,28/05/2026 11:15,Store 3,101,Completed,Credit Card,15.76
TXN-15311,28/05/2026 17:48,Store 5,110,Completed,Credit Card,14.65
TXN-15312,02/05/2026 17:19,Store 4,109,Completed,Mobile App,24.1
TXN-15313,28/05/2026 17:38,Store 1,105,Completed,Mobile App,27.64
TXN-15314,16/05/2026 20:49,Store 6,102,Completed,Credit Card,43.37
TXN-15315,29/05/2026 19:13,Store 4,104,Completed,Cash,30.93
TXN-15316,16/05/2026 11:45,Store 6,104,Completed,Mobile App,37.41
TXN-15317,23/05/2026 7:13,Store 6,104,Completed,Mobile App,22.36
TXN-15318,23/05/2026 11:07,Store 3,109,Refund,Credit Card,11.82
TXN-15319,15/05/2026 16:41,Store 4,100,Completed,Credit Card,13.18
TXN-15320,26/05/2026 17:30,Store 4,102,Completed,Credit Card,39.89
TXN-15321,26/05/2026 16:37,Store 6,106,Completed,Credit Card,7.37
TXN-15322,29/05/2026 16:33,Store 2,109,Completed,Mobile App,33.4
TXN-15323,27/05/2026 18:30,Store 6,101,Refund,Credit Card,23.7
TXN-15324,07/05/2026 10:18,Store 3,100,Completed,Credit Card,44.76
TXN-15325,18/05/2026 13:11,Store 4,106,Completed,Credit Card,42.55
TXN-15326,07/05/2026 10:56,Store 5,101,Completed,Cash,12.89
TXN-15327,16/05/2026 19:34,Store 1,104,Completed,Cash,18.89
TXN-15328,25/05/2026 11:57,Store 6,110,Completed,Mobile App,13.48
TXN-15329,04/05/2026 15:45,Store 4,104,Completed,Cash,33.42
TXN-15330,17/05/2026 20:26,Store 3,102,Completed,Cash,7.19
TXN-15331,27/05/2026 8:13,Store 4,102,Void,Credit Card,30.89
TXN-15332,21/05/2026 20:12,Store 2,101,Completed,Credit Card,21.16
TXN-15333,23/05/2026 9:09,Store 3,108,Completed,Cash,22
TXN-15334,24/05/2026 8:57,Store 6,101,Completed,Cash,6.25
TXN-15335,04/05/2026 7:51,Store 6,108,Completed,Cash,12.25
TXN-15336,12/05/2026 16:39,Store 6,102,Refund,Credit Card,21.04
TXN-15337,11/05/2026 17:53,Store 2,105,Completed,Credit Card,33.64
TXN-15338,13/05/2026 18:05,Store 1,104,Completed,Credit Card,21.56
TXN-15339,02/05/2026 19:15,Store 1,109,Completed,Credit Card,26.11
TXN-15340,19/05/2026 11:02,Store 4,100,Completed,Credit Card,29.8
TXN-15341,07/05/2026 11:17,Store 2,107,Completed,Cash,12.14
TXN-15342,08/05/2026 18:27,Store 1,105,Completed,Mobile App,7.4
TXN-15343,30/05/2026 18:18,Store 2,109,Completed,Credit Card,38.39
TXN-15344,29/05/2026 14:53,Store 3,104,Discount applied,Mobile App,12.29
TXN-15345,17/05/2026 10:23,Store 1,100,Discount applied,Credit Card,34.34
TXN-15346,14/05/2026 9:15,Store 1,104,Completed,Cash,36.48
TXN-15347,04/05/2026 7:56,Store 6,106,Completed,Cash,6.88
TXN-15348,09/05/2026 12:23,Store 5,106,Completed,Cash,29.52
TXN-15349,17/05/2026 9:53,Store 5,110,Completed,Mobile App,43.9
TXN-15350,11/05/2026 10:12,Store 1,108,Completed,Credit Card,40.07
TXN-15351,17/05/2026 19:10,Store 2,110,Completed,Credit Card,15.49
TXN-15352,28/05/2026 16:36,Store 4,101,Completed,Credit Card,34.26
TXN-15353,10/05/2026 8:40,Store 2,106,Completed,Credit Card,22.28
TXN-15354,19/05/2026 11:13,Store 4,102,Completed,Credit Card,43.16
TXN-15355,19/05/2026 15:42,Store 2,107,Completed,Mobile App,20.21
TXN-15356,29/05/2026 17:51,Store 3,103,Completed,Cash,7.04
TXN-15357,03/05/2026 17:22,Store 4,102,Completed,Cash,27.79
TXN-15358,25/05/2026 18:37,Store 5,108,Completed,Cash,18.79
TXN-15359,24/05/2026 13:52,Store 2,107,Completed,Credit Card,30.45
TXN-15360,29/05/2026 11:55,Store 3,109,Completed,Credit Card,17.09
TXN-15361,09/05/2026 17:16,Store 2,107,Completed,Credit Card,38.71
TXN-15362,02/05/2026 10:07,Store 2,105,Completed,Mobile App,43.74
TXN-15363,20/05/2026 8:55,Store 2,100,Refund,Credit Card,20.03
TXN-15364,04/05/2026 11:46,Store 5,102,Completed,Credit Card,13.91
TXN-15365,19/05/2026 21:04,Store 2,108,Completed,Mobile App,37.55
TXN-15366,03/05/2026 13:36,Store 2,107,Completed,Cash,29.92
TXN-15367,11/05/2026 10:13,Store 6,106,Void,Credit Card,24.95
TXN-15368,04/05/2026 13:21,Store 4,105,Completed,Cash,41.71
TXN-15369,19/05/2026 16:45,Store 4,106,Completed,Cash,10.06
TXN-15370,22/05/2026 15:49,Store 1,100,Completed,Mobile App,34.65
TXN-15371,15/05/2026 7:24,Store 5,108,Completed,Credit Card,18.6
TXN-15372,28/05/2026 9:36,Store 1,102,Completed,Credit Card,34.64
TXN-15373,16/05/2026 11:43,Store 2,108,Refund,Mobile App,16.27
TXN-15374,04/05/2026 15:00,Store 3,105,Completed,Cash,28.09
TXN-15375,11/05/2026 11:42,Store 5,105,Completed,Cash,33.19
TXN-15376,01/05/2026 10:20,Store 4,102,Completed,Credit Card,43.2
TXN-15377,20/05/2026 14:23,Store 5,105,Completed,Credit Card,41.96
TXN-15378,13/05/2026 18:53,Store 1,102,Completed,Cash,20.73
TXN-15379,12/05/2026 14:13,Store 3,102,Completed,Credit Card,15.02
TXN-15380,04/05/2026 10:40,Store 3,104,Completed,Credit Card,32.26
TXN-15381,21/05/2026 7:19,Store 5,105,Completed,Cash,43.71
TXN-15382,23/05/2026 11:03,Store 4,106,Completed,Cash,29.15
TXN-15383,29/05/2026 23:32,Store 3,103,Void,Cash,33.55
TXN-15384,21/05/2026 15:48,Store 2,107,Completed,Cash,17.17
TXN-15385,26/05/2026 14:57,Store 3,106,Completed,Credit Card,11.74
TXN-15386,20/05/2026 9:30,Store 3,105,Completed,Cash,5.4
TXN-15387,03/05/2026 15:06,Store 4,110,Refund,Credit Card,21.08
TXN-15388,24/05/2026 15:29,Store 2,107,Completed,Cash,40
TXN-15389,23/05/2026 11:30,Store 2,107,Completed,Mobile App,38.01
TXN-15390,28/05/2026 17:12,Store 4,101,Completed,Cash,21.02
TXN-15391,29/05/2026 13:50,Store 2,107,Completed,Cash,27.16
TXN-15392,13/05/2026 12:51,Store 3,108,Completed,Mobile App,23.1
TXN-15393,28/05/2026 10:25,Store 3,108,Completed,Cash,33.36
TXN-15394,28/05/2026 9:17,Store 4,102,Refund,Mobile App,17.43
TXN-15395,26/05/2026 12:26,Store 6,100,Completed,Credit Card,13.95
TXN-15396,07/05/2026 7:23,Store 5,109,Completed,Cash,11.5
TXN-15397,07/05/2026 13:10,Store 2,108,Completed,Mobile App,21.78
TXN-15398,11/05/2026 16:46,Store 3,101,Completed,Credit Card,42.14
TXN-15399,10/05/2026 21:47,Store 3,103,Completed,Cash,39.85
TXN-15400,15/05/2026 17:01,Store 4,109,Completed,Credit Card,19.41
TXN-15401,17/05/2026 20:28,Store 2,100,Completed,Credit Card,30.51
TXN-15402,06/05/2026 11:59,Store 1,100,Completed,Credit Card,26.49
TXN-15403,02/05/2026 20:59,Store 3,103,Completed,Credit Card,5.02
TXN-15404,03/05/2026 19:46,Store 6,105,Completed,Cash,9.74
TXN-15405,13/05/2026 13:08,Store 2,105,Completed,Credit Card,8.33
TXN-15406,09/05/2026 9:22,Store 6,109,Void,Credit Card,23.96
TXN-15407,09/05/2026 9:43,Store 6,102,Completed,Credit Card,16.27
TXN-15408,20/05/2026 18:48,Store 1,101,Completed,Credit Card,34.42
TXN-15409,13/05/2026 21:23,Store 2,105,Completed,Credit Card,42.41
TXN-15410,16/05/2026 8:03,Store 5,108,Completed,Credit Card,21.94
TXN-15411,10/05/2026 8:24,Store 3,110,Completed,Credit Card,16.19
TXN-15412,30/05/2026 20:55,Store 1,100,Completed,Cash,17.53
TXN-15413,25/05/2026 20:42,Store 3,108,Refund,Credit Card,20.37
TXN-15414,22/05/2026 19:12,Store 3,103,Completed,Mobile App,17.55
TXN-15415,13/05/2026 21:17,Store 3,103,Void,Cash,32.78
TXN-15416,06/05/2026 12:22,Store 3,109,Completed,Cash,6.44
TXN-15417,27/05/2026 10:33,Store 2,105,Completed,Credit Card,27.04
TXN-15418,30/05/2026 7:27,Store 3,110,Completed,Credit Card,22.98
TXN-15419,24/05/2026 17:39,Store 3,103,Completed,Mobile App,25.56
TXN-15420,30/05/2026 18:27,Store 4,100,Completed,Credit Card,13.1
TXN-15421,02/05/2026 15:32,Store 2,107,Completed,Cash,20.36
TXN-15422,27/05/2026 14:26,Store 4,105,Completed,Cash,17.47
TXN-15423,29/05/2026 12:43,Store 5,101,Refund,Credit Card,6.99
TXN-15424,10/05/2026 20:58,Store 2,108,Completed,Credit Card,23.85
TXN-15425,16/05/2026 20:36,Store 2,109,Refund,Mobile App,22.5
TXN-15426,26/05/2026 9:19,Store 4,102,Completed,Mobile App,30.56
TXN-15427,01/05/2026 10:12,Store 3,106,Completed,Mobile App,6.97
TXN-15428,09/05/2026 13:50,Store 2,100,Void,Mobile App,31.6
TXN-15429,27/05/2026 18:09,Store 3,110,Completed,Credit Card,18.51
TXN-15430,25/05/2026 15:33,Store 4,105,Completed,Credit Card,44.61
TXN-15431,03/05/2026 7:32,Store 1,109,Completed,Credit Card,21
TXN-15432,23/05/2026 11:08,Store 3,109,Completed,Cash,42.27
TXN-15433,29/05/2026 17:55,Store 3,104,Completed,Cash,31.43
TXN-15434,11/05/2026 10:48,Store 5,102,Completed,Cash,37.16
TXN-15435,28/05/2026 9:55,Store 5,102,Completed,Cash,42.75
TXN-15436,10/05/2026 16:01,Store 1,106,Completed,Credit Card,12.76
TXN-15437,21/05/2026 20:17,Store 2,102,Completed,Credit Card,27.42
TXN-15438,25/05/2026 15:09,Store 5,109,Completed,Credit Card,30.64
TXN-15439,01/05/2026 19:09,Store 6,101,Completed,Credit Card,42.07
TXN-15440,13/05/2026 13:21,Store 2,110,Completed,Credit Card,20.96
TXN-15441,02/05/2026 13:50,Store 1,106,Completed,Credit Card,33.91
TXN-15442,04/05/2026 14:37,Store 5,100,Completed,Credit Card,33.44
TXN-15443,11/05/2026 21:58,Store 3,109,Completed,Mobile App,5.81
TXN-15444,22/05/2026 17:35,Store 2,106,Void,Credit Card,18.73
TXN-15445,20/05/2026 12:49,Store 1,100,Completed,Mobile App,37.1
TXN-15446,29/05/2026 9:41,Store 2,105,Completed,Cash,11.78
TXN-15447,23/05/2026 20:50,Store 5,110,Completed,Credit Card,13.3
TXN-15448,01/05/2026 19:21,Store 3,103,Completed,Cash,25.97
TXN-15449,24/05/2026 14:33,Store 5,108,Completed,Cash,41.72
TXN-15450,02/05/2026 7:11,Store 2,100,Completed,Credit Card,30.64
TXN-15451,26/05/2026 15:05,Store 2,107,Completed,Mobile App,33.31
TXN-15452,24/05/2026 7:34,Store 3,102,Completed,Cash,8.71
TXN-15453,10/05/2026 21:31,Store 3,103,Completed,Mobile App,37.72
TXN-15454,20/05/2026 8:03,Store 6,104,Completed,Credit Card,13.78
TXN-15455,27/05/2026 18:38,Store 3,110,Completed,Credit Card,27.89
TXN-15456,19/05/2026 14:02,Store 6,110,Completed,Cash,10.87
TXN-15457,02/05/2026 14:26,Store 3,110,Completed,Credit Card,25.71
TXN-15458,09/05/2026 11:59,Store 2,104,Completed,Mobile App,40.76
TXN-15459,19/05/2026 18:53,Store 4,105,Completed,Cash,10.82
TXN-15460,09/05/2026 9:26,Store 2,104,Completed,Mobile App,25.09
TXN-15461,03/05/2026 15:23,Store 2,107,Completed,Mobile App,16.29
TXN-15462,16/05/2026 7:24,Store 4,101,Completed,Credit Card,32.41
TXN-15463,10/05/2026 8:09,Store 1,108,Completed,Cash,36.46
TXN-15464,19/05/2026 19:04,Store 1,101,Completed,Credit Card,44.96
TXN-15465,05/05/2026 21:20,Store 2,104,Completed,Credit Card,25.46
TXN-15466,12/05/2026 17:09,Store 4,102,Completed,Credit Card,25.93
TXN-15467,22/05/2026 21:31,Store 2,100,Void,Cash,27.21
TXN-15468,03/05/2026 21:33,Store 5,109,Completed,Cash,19.65
TXN-15469,01/05/2026 18:07,Store 2,110,Void,Cash,19.96
TXN-15470,07/05/2026 10:06,Store 6,102,Completed,Cash,8.26
TXN-15471,01/05/2026 8:58,Store 2,109,Completed,Credit Card,29.86
TXN-15472,26/05/2026 21:28,Store 3,103,Completed,Cash,34.41
TXN-15473,19/05/2026 17:50,Store 5,108,Completed,Cash,29.38
TXN-15474,26/05/2026 21:21,Store 2,106,Completed,Credit Card,13.78
TXN-15475,21/05/2026 8:32,Store 3,104,Completed,Credit Card,19.44
TXN-15476,02/05/2026 13:00,Store 3,100,Completed,Credit Card,25.44
TXN-15477,20/05/2026 17:41,Store 3,103,Completed,Credit Card,16.83
TXN-15478,05/05/2026 19:48,Store 3,109,Completed,Credit Card,43.54
TXN-15479,11/05/2026 20:08,Store 6,106,Completed,Cash,43.79
TXN-15480,12/05/2026 7:39,Store 1,100,Completed,Mobile App,34.45
TXN-15481,03/05/2026 17:22,Store 6,101,Completed,Mobile App,35.26
TXN-15482,09/05/2026 13:20,Store 5,104,Completed,Credit Card,24.39
TXN-15483,26/05/2026 9:16,Store 4,106,Completed,Mobile App,12.23
TXN-15484,22/05/2026 17:38,Store 3,105,Completed,Credit Card,19.35
TXN-15485,23/05/2026 14:39,Store 5,102,Completed,Mobile App,36.3
TXN-15486,04/05/2026 10:40,Store 6,104,Completed,Credit Card,36.78
TXN-15487,07/05/2026 8:50,Store 5,110,Completed,Cash,43.61
TXN-15488,27/05/2026 11:07,Store 2,107,Completed,Cash,14.17
TXN-15489,25/05/2026 7:24,Store 1,105,Discount applied,Credit Card,14.04
TXN-15490,07/05/2026 15:26,Store 2,107,Completed,Mobile App,37.2
TXN-15491,21/05/2026 9:08,Store 1,106,Completed,Cash,40.37
TXN-15492,26/05/2026 14:08,Store 2,107,Discount applied,Cash,24.9
TXN-15493,08/05/2026 8:46,Store 3,102,Completed,Credit Card,15.95
TXN-15494,21/05/2026 13:48,Store 1,108,Completed,Credit Card,25.54
TXN-15495,13/05/2026 21:08,Store 4,105,Completed,Credit Card,7.12
TXN-15496,21/05/2026 14:46,Store 1,108,Completed,Mobile App,15.72
TXN-15497,21/05/2026 12:44,Store 5,106,Completed,Credit Card,26.51
TXN-15498,12/05/2026 21:24,Store 6,108,Void,Credit Card,16.32
TXN-15499,11/05/2026 21:45,Store 2,100,Completed,Credit Card,37.51
TXN-15500,17/05/2026 9:24,Store 4,110,Completed,Cash,30.87
TXN-15501,20/05/2026 17:01,Store 5,100,Completed,Credit Card,19.61
TXN-15502,26/05/2026 9:43,Store 1,101,Completed,Cash,37.09
TXN-15503,01/05/2026 16:49,Store 2,101,Completed,Cash,10.94
TXN-15504,04/05/2026 13:02,Store 5,106,Completed,Cash,31.7
TXN-15505,02/05/2026 8:42,Store 4,108,Completed,Mobile App,20.56
TXN-15506,16/05/2026 19:46,Store 2,106,Completed,Credit Card,10.15
TXN-15507,22/05/2026 17:10,Store 5,101,Completed,Credit Card,18.19
TXN-15508,14/05/2026 18:36,Store 3,101,Completed,Credit Card,10.99
TXN-15509,06/05/2026 12:44,Store 2,107,Discount applied,Cash,39.63
TXN-15510,30/05/2026 19:32,Store 2,101,Completed,Credit Card,9.19
TXN-15511,11/05/2026 10:24,Store 2,104,Completed,Credit Card,27.03
TXN-15512,18/05/2026 12:22,Store 3,102,Completed,Mobile App,19.95
TXN-15513,23/05/2026 11:36,Store 6,102,Completed,Credit Card,35.77
TXN-15514,26/05/2026 14:33,Store 6,106,Completed,Credit Card,25.62
TXN-15515,22/05/2026 19:56,Store 5,108,Completed,Mobile App,24.35
TXN-15516,14/05/2026 8:22,Store 3,109,Completed,Cash,38.87
TXN-15517,08/05/2026 10:05,Store 2,107,Completed,Credit Card,21.23
TXN-15518,07/05/2026 16:55,Store 6,102,Completed,Credit Card,12.44
TXN-15519,25/05/2026 11:38,Store 4,105,Completed,Credit Card,5.2
TXN-15520,09/05/2026 15:32,Store 2,110,Completed,Credit Card,5.91
TXN-15521,23/05/2026 13:59,Store 4,104,Completed,Cash,37.17
TXN-15522,15/05/2026 17:32,Store 3,103,Completed,Mobile App,23.08
TXN-15523,26/05/2026 13:00,Store 1,104,Completed,Credit Card,15.96
TXN-15524,15/05/2026 8:58,Store 1,100,Completed,Cash,24.96
TXN-15525,25/05/2026 15:40,Store 5,101,Completed,Credit Card,33.81
TXN-15526,28/05/2026 11:17,Store 2,105,Completed,Mobile App,29.36
TXN-15527,17/05/2026 14:33,Store 5,101,Completed,Credit Card,27.57
TXN-15528,19/05/2026 10:20,Store 6,101,Completed,Cash,41.08
TXN-15529,25/05/2026 12:01,Store 1,109,Completed,Credit Card,27.7
TXN-15530,16/05/2026 20:27,Store 2,101,Completed,Credit Card,44.09
TXN-15531,07/05/2026 18:02,Store 5,102,Completed,Credit Card,25.89
TXN-15532,27/05/2026 17:47,Store 2,102,Completed,Cash,27.55
TXN-15533,01/05/2026 15:49,Store 2,107,Discount applied,Cash,33.85
TXN-15534,05/05/2026 18:41,Store 3,100,Completed,Credit Card,41.18
TXN-15535,10/05/2026 12:48,Store 2,101,Completed,Mobile App,19.92
TXN-15536,27/05/2026 15:29,Store 1,102,Completed,Mobile App,10.47
TXN-15537,07/05/2026 8:41,Store 2,104,Void,Credit Card,11.83
TXN-15538,08/05/2026 11:59,Store 2,110,Completed,Credit Card,27.61
TXN-15539,17/05/2026 11:33,Store 3,104,Completed,Mobile App,17.74
TXN-15540,15/05/2026 9:51,Store 2,101,Completed,Credit Card,27.36
TXN-15541,30/05/2026 17:21,Store 3,100,Completed,Cash,40.9
TXN-15542,11/05/2026 9:45,Store 1,104,Completed,Mobile App,32.05
TXN-15543,01/05/2026 8:21,Store 4,100,Completed,Credit Card,10.11
TXN-15544,27/05/2026 19:40,Store 3,103,Completed,Mobile App,34.37
TXN-15545,20/05/2026 21:43,Store 5,105,Completed,Credit Card,39.63
TXN-15546,03/05/2026 21:14,Store 6,101,Discount applied,Credit Card,27.06
TXN-15547,22/05/2026 21:01,Store 4,108,Completed,Mobile App,8.71
TXN-15548,29/05/2026 14:56,Store 2,100,Completed,Credit Card,12.87
TXN-15549,06/05/2026 16:09,Store 2,108,Completed,Cash,31.74
TXN-15550,02/05/2026 18:08,Store 2,104,Completed,Cash,10.72
TXN-15551,16/05/2026 11:38,Store 1,102,Completed,Credit Card,43.93
TXN-15552,02/05/2026 19:59,Store 5,106,Void,Cash,13.41
TXN-15553,27/05/2026 15:42,Store 3,104,Completed,Mobile App,42.97
TXN-15554,05/05/2026 16:44,Store 1,106,Completed,Credit Card,6.98
TXN-15555,30/05/2026 17:55,Store 2,107,Completed,Credit Card,31.83
TXN-15556,19/05/2026 15:44,Store 2,100,Completed,Credit Card,22.34
TXN-15557,27/05/2026 9:08,Store 1,109,Completed,Mobile App,40.16
TXN-15558,08/05/2026 16:06,Store 1,104,Completed,Credit Card,43.79
TXN-15559,18/05/2026 14:03,Store 6,100,Completed,Credit Card,10.01
TXN-15560,02/05/2026 18:20,Store 5,109,Completed,Credit Card,22.3
TXN-15561,08/05/2026 12:36,Store 1,109,Completed,Credit Card,27.27
TXN-15562,24/05/2026 11:02,Store 5,105,Completed,Credit Card,37.06
TXN-15563,28/05/2026 21:30,Store 2,110,Completed,Mobile App,44.8
TXN-15564,03/05/2026 18:44,Store 2,106,Completed,Mobile App,34.7
TXN-15565,02/05/2026 19:50,Store 3,103,Completed,Mobile App,35.06
TXN-15566,09/05/2026 17:01,Store 5,109,Completed,Credit Card,27.59
TXN-15567,25/05/2026 9:42,Store 5,100,Completed,Cash,20.6
TXN-15568,14/05/2026 12:15,Store 5,108,Completed,Cash,36.81
TXN-15569,21/05/2026 7:04,Store 2,100,Completed,Credit Card,39.63
TXN-15570,06/05/2026 13:58,Store 1,109,Completed,Credit Card,25.35
TXN-15571,03/05/2026 10:36,Store 2,105,Completed,Cash,41.24
TXN-15572,22/05/2026 8:17,Store 5,100,Completed,Credit Card,29.28
TXN-15573,04/05/2026 20:33,Store 2,106,Completed,Cash,23.36
TXN-15574,01/05/2026 18:38,Store 1,106,Completed,Mobile App,27.08
TXN-15575,27/05/2026 16:22,Store 6,105,Completed,Mobile App,34.01
TXN-15576,02/05/2026 9:37,Store 4,104,Completed,Credit Card,33.05
TXN-15577,28/05/2026 13:23,Store 2,107,Completed,Credit Card,15.84
TXN-15578,20/05/2026 21:57,Store 6,100,Completed,Credit Card,43.72
TXN-15579,18/05/2026 8:14,Store 4,100,Completed,Mobile App,28.61
TXN-15580,19/05/2026 19:02,Store 5,100,Completed,Mobile App,43.11
TXN-15581,22/05/2026 15:56,Store 6,100,Completed,Credit Card,42.44
TXN-15582,19/05/2026 10:05,Store 1,108,Completed,Credit Card,5.81
TXN-15583,21/05/2026 20:44,Store 5,106,Refund,Mobile App,5.03
TXN-15584,23/05/2026 10:11,Store 3,110,Completed,Credit Card,42.23
TXN-15585,08/05/2026 14:00,Store 3,102,Completed,Cash,41.24
TXN-15586,15/05/2026 12:30,Store 1,102,Completed,Credit Card,43.09
TXN-15587,12/05/2026 19:12,Store 3,103,Completed,Cash,22.89
TXN-15588,11/05/2026 7:35,Store 6,108,Completed,Mobile App,21.25
TXN-15589,15/05/2026 9:00,Store 3,109,Completed,Cash,5.79
TXN-15590,09/05/2026 20:41,Store 2,106,Completed,Mobile App,9.24
TXN-15591,05/05/2026 8:15,Store 5,105,Completed,Mobile App,36.07
TXN-15592,02/05/2026 15:43,Store 6,106,Completed,Cash,29.07
TXN-15593,06/05/2026 20:31,Store 3,100,Completed,Cash,32.85
TXN-15594,09/05/2026 15:49,Store 2,110,Completed,Credit Card,28.67
TXN-15595,21/05/2026 18:21,Store 2,104,Completed,Credit Card,30.08
TXN-15596,11/05/2026 20:10,Store 3,103,Completed,Mobile App,14.59
TXN-15597,09/05/2026 17:16,Store 6,108,Completed,Mobile App,43.72
TXN-15598,30/05/2026 17:57,Store 6,102,Completed,Cash,7.54
TXN-15599,22/05/2026 21:09,Store 5,105,Completed,Mobile App,28.14
TXN-15600,10/05/2026 10:24,Store 3,106,Completed,Credit Card,42.78
TXN-15601,26/05/2026 9:47,Store 4,110,Completed,Mobile App,37.79
TXN-15602,08/05/2026 18:12,Store 3,103,Completed,Credit Card,27.21
TXN-15603,14/05/2026 11:58,Store 5,102,Completed,Credit Card,10.27
TXN-15604,14/05/2026 14:12,Store 2,107,Completed,Mobile App,22.62
TXN-15605,01/05/2026 11:44,Store 3,106,Completed,Credit Card,35.12
TXN-15606,06/05/2026 16:14,Store 5,110,Completed,Cash,24.11
TXN-15607,22/05/2026 14:24,Store 1,100,Completed,Mobile App,39.19
TXN-15608,25/05/2026 16:39,Store 3,105,Completed,Mobile App,27.81
TXN-15609,01/05/2026 12:12,Store 2,107,Refund,Cash,43.98
TXN-15610,03/05/2026 10:10,Store 5,102,Completed,Credit Card,40.59
TXN-15611,27/05/2026 14:40,Store 1,108,Completed,Cash,29.28
TXN-15612,17/05/2026 9:39,Store 2,107,Completed,Mobile App,11.59
TXN-15613,11/05/2026 8:51,Store 4,104,Completed,Mobile App,19.03
TXN-15614,20/05/2026 12:21,Store 4,106,Completed,Cash,30.14
TXN-15615,12/05/2026 11:36,Store 3,102,Completed,Mobile App,20.99
TXN-15616,03/05/2026 17:15,Store 3,103,Completed,Cash,22.94
TXN-15617,30/05/2026 7:40,Store 3,106,Completed,Cash,22.5
TXN-15618,11/05/2026 18:26,Store 6,108,Void,Credit Card,25.69
TXN-15619,08/05/2026 16:37,Store 2,105,Completed,Mobile App,5.49
TXN-15620,06/05/2026 7:30,Store 1,106,Completed,Credit Card,42.96
TXN-15621,26/05/2026 19:19,Store 3,100,Completed,Credit Card,42.13
TXN-15622,07/05/2026 19:11,Store 3,103,Completed,Mobile App,16.88
TXN-15623,18/05/2026 8:35,Store 3,109,Refund,Credit Card,14.08
TXN-15624,23/05/2026 17:24,Store 4,100,Completed,Cash,37.76
TXN-15625,06/05/2026 17:16,Store 5,102,Completed,Cash,21.18
TXN-15626,07/05/2026 15:01,Store 1,100,Completed,Cash,33.84
TXN-15627,04/05/2026 18:28,Store 5,110,Completed,Mobile App,19.74
TXN-15628,22/05/2026 16:58,Store 2,109,Completed,Credit Card,14.08
TXN-15629,15/05/2026 21:18,Store 5,106,Completed,Cash,34.99
TXN-15630,26/05/2026 17:41,Store 4,101,Completed,Credit Card,34.44
TXN-15631,23/05/2026 18:37,Store 3,103,Completed,Credit Card,21.46
TXN-15632,15/05/2026 18:52,Store 2,106,Completed,Cash,42.82
TXN-15633,11/05/2026 11:31,Store 4,102,Completed,Mobile App,32.46
TXN-15634,30/05/2026 10:19,Store 1,109,Completed,Cash,23.84
TXN-15635,13/05/2026 9:31,Store 6,101,Completed,Credit Card,18.83
TXN-15636,15/05/2026 11:37,Store 5,100,Completed,Credit Card,27.62
TXN-15637,23/05/2026 11:15,Store 2,101,Completed,Mobile App,13.37
TXN-15638,16/05/2026 7:51,Store 2,108,Completed,Credit Card,35.37
TXN-15639,27/05/2026 16:47,Store 3,106,Completed,Credit Card,14.44
TXN-15640,19/05/2026 15:36,Store 6,105,Completed,Cash,19.61
TXN-15641,28/05/2026 8:30,Store 6,104,Completed,Credit Card,14.73
TXN-15642,29/05/2026 9:45,Store 2,110,Completed,Credit Card,35.56
TXN-15643,27/05/2026 15:27,Store 2,101,Completed,Mobile App,43.65
TXN-15644,14/05/2026 17:27,Store 5,102,Completed,Cash,43.93
TXN-15645,05/05/2026 18:46,Store 6,101,Completed,Credit Card,35.02
TXN-15646,20/05/2026 8:22,Store 6,106,Completed,Cash,13.33
TXN-15647,23/05/2026 17:08,Store 1,104,Completed,Cash,41.19
TXN-15648,03/05/2026 13:55,Store 5,106,Completed,Credit Card,23.39
TXN-15649,25/05/2026 15:24,Store 5,104,Completed,Credit Card,39.41
TXN-15650,09/05/2026 11:43,Store 4,105,Completed,Credit Card,14.93
TXN-15651,29/05/2026 11:02,Store 6,106,Completed,Credit Card,9.51
TXN-15652,08/05/2026 8:55,Store 1,109,Completed,Cash,31.88
TXN-15653,04/05/2026 20:11,Store 4,105,Completed,Cash,42.34
TXN-15654,03/05/2026 19:04,Store 3,103,Completed,Cash,10.43
TXN-15655,11/05/2026 9:06,Store 4,104,Completed,Credit Card,16.92
TXN-15656,28/05/2026 18:08,Store 4,104,Completed,Mobile App,29.41
TXN-15657,30/05/2026 16:33,Store 2,100,Completed,Credit Card,35.73
TXN-15658,07/05/2026 10:08,Store 1,108,Completed,Cash,31.31
TXN-15659,27/05/2026 17:18,Store 4,109,Completed,Cash,19.56
TXN-15660,07/05/2026 7:05,Store 5,106,Completed,Cash,14.02
TXN-15661,01/05/2026 17:42,Store 4,101,Completed,Credit Card,22.77
TXN-15662,21/05/2026 21:57,Store 1,100,Completed,Credit Card,19.25
TXN-15663,17/05/2026 16:27,Store 4,109,Completed,Cash,41.54
TXN-15664,08/05/2026 16:54,Store 3,105,Completed,Mobile App,15.2
TXN-15665,15/05/2026 7:59,Store 4,102,Completed,Mobile App,19.95
TXN-15666,18/05/2026 21:32,Store 2,108,Completed,Cash,20.68
TXN-15667,20/05/2026 19:22,Store 4,106,Completed,Cash,17.45
TXN-15668,23/05/2026 17:44,Store 5,106,Completed,Credit Card,8.51
TXN-15669,18/05/2026 14:33,Store 3,109,Completed,Mobile App,26.17
TXN-15670,03/05/2026 9:44,Store 4,108,Completed,Mobile App,24.64
TXN-15671,15/05/2026 18:09,Store 5,105,Completed,Credit Card,20.87
TXN-15672,03/05/2026 13:19,Store 5,102,Completed,Cash,34.48
TXN-15673,23/05/2026 12:02,Store 3,104,Completed,Cash,38.24
TXN-15674,22/05/2026 17:26,Store 2,101,Completed,Cash,43.54
TXN-15675,23/05/2026 15:15,Store 4,108,Completed,Credit Card,6.88
TXN-15676,28/05/2026 7:21,Store 6,106,Completed,Mobile App,20
TXN-15677,09/05/2026 11:29,Store 1,102,Completed,Credit Card,23.14
TXN-15678,07/05/2026 19:32,Store 3,104,Completed,Mobile App,10.23
TXN-15679,11/05/2026 20:41,Store 5,100,Completed,Mobile App,26.86
TXN-15680,27/05/2026 21:20,Store 1,105,Completed,Credit Card,30.77
TXN-15681,14/05/2026 21:35,Store 3,109,Completed,Credit Card,20.32
TXN-15682,30/05/2026 7:49,Store 5,109,Completed,Credit Card,31.81
TXN-15683,04/05/2026 7:17,Store 1,109,Completed,Mobile App,27.89
TXN-15684,25/05/2026 7:43,Store 3,104,Completed,Credit Card,34.35
TXN-15685,20/05/2026 15:30,Store 5,101,Completed,Mobile App,21.53
TXN-15686,23/05/2026 13:58,Store 6,108,Completed,Credit Card,26.56
TXN-15687,01/05/2026 9:54,Store 2,107,Discount applied,Cash,34.39
TXN-15688,12/05/2026 10:25,Store 2,107,Completed,Cash,9.47
TXN-15689,15/05/2026 15:36,Store 3,102,Completed,Credit Card,14.71
TXN-15690,26/05/2026 14:07,Store 1,105,Completed,Cash,13.84
TXN-15691,26/05/2026 7:24,Store 3,108,Completed,Credit Card,44.98
TXN-15692,24/05/2026 21:51,Store 5,101,Completed,Mobile App,14.69
TXN-15693,12/05/2026 12:11,Store 2,101,Completed,Cash,5.48
TXN-15694,04/05/2026 20:08,Store 3,103,Completed,Cash,22.08
TXN-15695,21/05/2026 21:22,Store 3,108,Completed,Cash,30.56
TXN-15696,20/05/2026 8:27,Store 1,100,Completed,Credit Card,28.72
TXN-15697,22/05/2026 19:02,Store 4,102,Completed,Mobile App,43.66
TXN-15698,09/05/2026 7:04,Store 6,108,Completed,Credit Card,25.06
TXN-15699,10/05/2026 20:24,Store 2,102,Completed,Credit Card,27.65
TXN-15700,17/05/2026 19:16,Store 2,108,Void,Mobile App,34.13
TXN-15701,28/05/2026 17:11,Store 3,105,Completed,Credit Card,40.22
TXN-15702,15/05/2026 10:15,Store 2,107,Completed,Mobile App,35.01
TXN-15703,15/05/2026 19:21,Store 2,109,Completed,Credit Card,23.08
TXN-15704,26/05/2026 8:38,Store 1,105,Completed,Mobile App,21.35
TXN-15705,12/05/2026 7:54,Store 3,109,Completed,Credit Card,23.38
TXN-15706,14/05/2026 11:49,Store 3,109,Completed,Mobile App,37.81
TXN-15707,29/05/2026 19:44,Store 3,109,Completed,Cash,16.08
TXN-15708,09/05/2026 17:56,Store 2,107,Completed,Cash,27.82
TXN-15709,02/05/2026 14:52,Store 2,102,Completed,Cash,8.15
TXN-15710,03/05/2026 20:20,Store 2,101,Completed,Credit Card,25.88
TXN-15711,25/05/2026 19:21,Store 1,100,Completed,Mobile App,35.62
TXN-15712,04/05/2026 9:17,Store 3,101,Completed,Cash,11.02
TXN-15713,06/05/2026 16:32,Store 3,103,Completed,Credit Card,21.32
TXN-15714,10/05/2026 7:13,Store 2,110,Completed,Cash,28.25
TXN-15715,25/05/2026 15:13,Store 6,109,Completed,Credit Card,20.19
TXN-15716,30/05/2026 17:25,Store 4,106,Completed,Cash,38.43
TXN-15717,04/05/2026 21:47,Store 6,106,Void,Credit Card,5.78
TXN-15718,01/05/2026 20:04,Store 3,103,Completed,Mobile App,5.48
TXN-15719,30/05/2026 10:28,Store 1,108,Completed,Mobile App,18.7
TXN-15720,19/05/2026 14:10,Store 5,104,Completed,Credit Card,36.69
TXN-15721,13/05/2026 10:25,Store 1,105,Completed,Credit Card,28.8
TXN-15722,27/05/2026 17:06,Store 3,103,Completed,Credit Card,34.6
TXN-15723,11/05/2026 18:37,Store 1,101,Completed,Mobile App,9.64
TXN-15724,30/05/2026 15:26,Store 5,102,Completed,Credit Card,33.15
TXN-15725,24/05/2026 12:26,Store 2,107,Completed,Credit Card,29.94
TXN-15726,20/05/2026 18:44,Store 3,108,Completed,Cash,27.78
TXN-15727,05/05/2026 20:27,Store 6,101,Completed,Credit Card,20.61
TXN-15728,20/05/2026 18:17,Store 3,106,Completed,Cash,16.99
TXN-15729,17/05/2026 9:34,Store 3,104,Completed,Mobile App,44.85
TXN-15730,07/05/2026 12:38,Store 5,104,Completed,Cash,41.69
TXN-15731,19/05/2026 9:10,Store 1,101,Completed,Cash,24.55
TXN-15732,09/05/2026 7:00,Store 3,104,Completed,Credit Card,23.02
TXN-15733,29/05/2026 12:24,Store 2,108,Completed,Cash,33.44
TXN-15734,30/05/2026 8:43,Store 5,109,Completed,Cash,34.3
TXN-15735,16/05/2026 7:19,Store 2,102,Completed,Credit Card,40.26
TXN-15736,06/05/2026 12:02,Store 2,109,Completed,Cash,11.43
TXN-15737,26/05/2026 21:26,Store 4,102,Completed,Cash,18.56
TXN-15738,23/05/2026 19:37,Store 5,100,Completed,Credit Card,22.27
TXN-15739,07/05/2026 16:14,Store 2,106,Completed,Mobile App,15.55
TXN-15740,23/05/2026 16:51,Store 2,107,Completed,Mobile App,28.22
TXN-15741,08/05/2026 16:04,Store 6,110,Discount applied,Cash,11.16
TXN-15742,07/05/2026 17:45,Store 6,104,Completed,Cash,5.95
TXN-15743,10/05/2026 21:16,Store 3,104,Completed,Mobile App,24.15
TXN-15744,20/05/2026 7:04,Store 5,110,Completed,Credit Card,22.54
TXN-15745,29/05/2026 19:00,Store 3,103,Completed,Mobile App,27.91
TXN-15746,07/05/2026 9:55,Store 4,105,Completed,Cash,6.28
TXN-15747,05/05/2026 7:44,Store 5,109,Completed,Cash,35.47
TXN-15748,04/05/2026 13:26,Store 6,100,Completed,Cash,38.04
TXN-15749,25/05/2026 9:30,Store 4,102,Completed,Credit Card,32.94
TXN-15750,07/05/2026 15:03,Store 4,101,Completed,Credit Card,40.3
TXN-15751,20/05/2026 21:13,Store 3,103,Completed,Credit Card,8.19
TXN-15752,15/05/2026 16:59,Store 5,109,Completed,Credit Card,41.2
TXN-15753,28/05/2026 13:51,Store 2,107,Completed,Mobile App,31.9
TXN-15754,18/05/2026 17:13,Store 5,105,Completed,Mobile App,27.8
TXN-15755,22/05/2026 14:06,Store 4,100,Completed,Credit Card,30.51
TXN-15756,06/05/2026 10:46,Store 5,109,Completed,Credit Card,36.47
TXN-15757,16/05/2026 11:47,Store 2,107,Completed,Mobile App,25.2
TXN-15758,28/05/2026 10:06,Store 3,108,Completed,Mobile App,8.76
TXN-15759,03/05/2026 13:25,Store 1,106,Completed,Credit Card,37.04
TXN-15760,25/05/2026 14:45,Store 5,105,Completed,Cash,8.92
TXN-15761,12/05/2026 16:23,Store 4,109,Completed,Mobile App,17.35
TXN-15762,29/05/2026 15:31,Store 6,110,Completed,Cash,28.24
TXN-15763,03/05/2026 14:19,Store 4,108,Completed,Credit Card,16.1
TXN-15764,17/05/2026 7:19,Store 5,106,Completed,Cash,16.76
TXN-15765,10/05/2026 12:01,Store 2,106,Void,Credit Card,22.18
TXN-15766,19/05/2026 8:48,Store 2,102,Completed,Credit Card,20.58
TXN-15767,01/05/2026 10:11,Store 3,104,Completed,Mobile App,30.05
TXN-15768,25/05/2026 14:55,Store 6,101,Completed,Mobile App,30.29
TXN-15769,08/05/2026 12:41,Store 1,108,Refund,Cash,16.26
TXN-15770,15/05/2026 9:44,Store 6,100,Completed,Cash,38.6
TXN-15771,04/05/2026 21:25,Store 3,108,Completed,Credit Card,31.95
TXN-15772,08/05/2026 7:54,Store 4,104,Completed,Credit Card,9.13
TXN-15773,29/05/2026 19:43,Store 5,100,Completed,Credit Card,19.82
TXN-15774,24/05/2026 21:13,Store 5,109,Completed,Mobile App,26.33
TXN-15775,10/05/2026 10:39,Store 4,104,Completed,Mobile App,28.92
TXN-15776,10/05/2026 9:27,Store 6,110,Completed,Credit Card,9.68
TXN-15777,01/05/2026 12:43,Store 3,102,Completed,Credit Card,38.65
TXN-15778,03/05/2026 13:24,Store 1,106,Completed,Credit Card,11.16
TXN-15779,26/05/2026 12:35,Store 1,100,Completed,Credit Card,7.36
TXN-15780,17/05/2026 11:42,Store 4,108,Completed,Credit Card,25.86
TXN-15781,06/05/2026 16:46,Store 3,101,Completed,Credit Card,8.65
TXN-15782,29/05/2026 20:08,Store 6,100,Completed,Credit Card,15.54
TXN-15783,13/05/2026 14:11,Store 1,105,Completed,Mobile App,26.87
TXN-15784,01/05/2026 17:55,Store 6,109,Completed,Mobile App,5.45
TXN-15785,15/05/2026 8:12,Store 3,100,Completed,Credit Card,9.07
TXN-15786,17/05/2026 19:20,Store 5,109,Refund,Mobile App,20.82
TXN-15787,14/05/2026 7:49,Store 4,110,Completed,Credit Card,35.31
TXN-15788,26/05/2026 13:47,Store 6,101,Completed,Credit Card,7.62
TXN-15789,24/05/2026 14:22,Store 3,110,Completed,Cash,36.58
TXN-15790,29/05/2026 10:09,Store 6,109,Completed,Mobile App,41.25
TXN-15791,16/05/2026 20:16,Store 5,100,Completed,Mobile App,33.32
TXN-15792,30/05/2026 10:23,Store 4,104,Completed,Mobile App,5.64
TXN-15793,28/05/2026 14:29,Store 4,108,Completed,Credit Card,44.99
TXN-15794,10/05/2026 9:57,Store 6,104,Completed,Mobile App,34.01
TXN-15795,22/05/2026 20:58,Store 5,101,Completed,Cash,27.5
TXN-15796,03/05/2026 17:14,Store 3,109,Completed,Mobile App,30
TXN-15797,24/05/2026 14:37,Store 1,104,Completed,Credit Card,34.88
TXN-15798,02/05/2026 7:39,Store 4,106,Completed,Cash,32.89
TXN-15799,28/05/2026 17:42,Store 3,103,Completed,Credit Card,30.38
TXN-15800,07/05/2026 16:13,Store 1,110,Completed,Mobile App,35.97
TXN-15801,22/05/2026 21:32,Store 1,101,Completed,Cash,25.5
TXN-15802,29/05/2026 11:05,Store 3,100,Completed,Cash,6.6
TXN-15803,14/05/2026 17:27,Store 5,105,Completed,Mobile App,31.73
TXN-15804,26/05/2026 11:14,Store 3,102,Refund,Credit Card,20.39
TXN-15805,26/05/2026 19:25,Store 4,108,Completed,Credit Card,32.47
TXN-15806,24/05/2026 7:53,Store 3,110,Completed,Cash,7.57
TXN-15807,17/05/2026 11:37,Store 5,109,Completed,Credit Card,37.57
TXN-15808,27/05/2026 12:13,Store 1,101,Completed,Credit Card,16.75
TXN-15809,21/05/2026 20:54,Store 1,109,Completed,Credit Card,9.34
TXN-15810,26/05/2026 10:22,Store 6,109,Completed,Cash,29.61
TXN-15811,21/05/2026 16:02,Store 6,110,Completed,Credit Card,12.97
TXN-15812,23/05/2026 17:07,Store 1,110,Completed,Cash,34.69
TXN-15813,26/05/2026 19:44,Store 1,106,Completed,Mobile App,38.35
TXN-15814,03/05/2026 19:33,Store 2,102,Completed,Credit Card,5.84
TXN-15815,15/05/2026 12:17,Store 4,105,Completed,Credit Card,39.78
TXN-15816,25/05/2026 14:33,Store 4,102,Completed,Credit Card,11.87
TXN-15817,24/05/2026 15:47,Store 1,104,Completed,Credit Card,24.92
TXN-15818,02/05/2026 10:33,Store 4,102,Completed,Mobile App,14.44
TXN-15819,04/05/2026 19:39,Store 4,101,Completed,Credit Card,9.07
TXN-15820,02/05/2026 12:09,Store 4,109,Completed,Credit Card,19.14
TXN-15821,09/05/2026 10:51,Store 5,109,Completed,Cash,23.36
TXN-15822,14/05/2026 11:48,Store 2,101,Void,Credit Card,27.29
TXN-15823,13/05/2026 7:47,Store 5,109,Completed,Mobile App,30.51
TXN-15824,29/05/2026 15:36,Store 6,101,Completed,Mobile App,18.09
TXN-15825,01/05/2026 21:54,Store 1,102,Void,Mobile App,26.36
TXN-15826,03/05/2026 20:40,Store 3,103,Completed,Mobile App,28.02
TXN-15827,04/05/2026 21:01,Store 6,106,Completed,Mobile App,24.84
TXN-15828,10/05/2026 18:39,Store 3,103,Completed,Cash,5.88
TXN-15829,15/05/2026 20:59,Store 3,103,Completed,Cash,14.74
TXN-15830,24/05/2026 18:47,Store 4,102,Completed,Cash,43.01
TXN-15831,09/05/2026 7:19,Store 3,109,Completed,Cash,11.36
TXN-15832,09/05/2026 19:13,Store 5,102,Completed,Credit Card,44.45
TXN-15833,24/05/2026 17:52,Store 5,108,Void,Mobile App,17.72
TXN-15834,03/05/2026 19:24,Store 5,102,Completed,Credit Card,31.61
TXN-15835,20/05/2026 21:21,Store 1,108,Completed,Credit Card,25.9
TXN-15836,28/05/2026 11:19,Store 4,110,Completed,Cash,22.39
TXN-15837,21/05/2026 12:25,Store 6,108,Completed,Cash,35.42
TXN-15838,30/05/2026 7:43,Store 6,106,Completed,Mobile App,21.05
TXN-15839,07/05/2026 20:07,Store 3,104,Completed,Credit Card,22.98
TXN-15840,25/05/2026 16:27,Store 1,109,Void,Mobile App,27.34
TXN-15841,02/05/2026 12:15,Store 2,102,Completed,Cash,26.67
TXN-15842,15/05/2026 14:52,Store 5,100,Completed,Credit Card,20.94
TXN-15843,23/05/2026 18:21,Store 3,105,Completed,Credit Card,40.82
TXN-15844,16/05/2026 14:21,Store 2,102,Completed,Cash,10.86
TXN-15845,30/05/2026 18:32,Store 3,103,Completed,Credit Card,16.41
TXN-15846,22/05/2026 19:52,Store 3,105,Completed,Credit Card,39.24
TXN-15847,27/05/2026 8:13,Store 6,108,Completed,Credit Card,44.05
TXN-15848,09/05/2026 18:06,Store 3,103,Completed,Credit Card,6.91
TXN-15849,28/05/2026 17:47,Store 4,108,Completed,Credit Card,29.74
TXN-15850,24/05/2026 16:43,Store 3,110,Void,Credit Card,31.16
TXN-15851,12/05/2026 20:40,Store 2,109,Completed,Cash,25.26
TXN-15852,09/05/2026 21:39,Store 3,103,Completed,Mobile App,26.05
TXN-15853,12/05/2026 11:58,Store 1,105,Void,Cash,16.69
TXN-15854,14/05/2026 16:47,Store 3,110,Completed,Credit Card,31.2
TXN-15855,11/05/2026 16:30,Store 4,104,Refund,Credit Card,14.01
TXN-15856,05/05/2026 19:31,Store 6,104,Refund,Credit Card,12.85
TXN-15857,12/05/2026 8:41,Store 5,102,Completed,Mobile App,42.51
TXN-15858,06/05/2026 8:39,Store 3,105,Completed,Cash,12.89
TXN-15859,15/05/2026 18:49,Store 3,110,Completed,Mobile App,24.05
TXN-15860,16/05/2026 10:00,Store 1,105,Completed,Mobile App,12.39
TXN-15861,20/05/2026 18:01,Store 1,108,Completed,Mobile App,20.92
TXN-15862,24/05/2026 20:29,Store 5,109,Completed,Credit Card,38.83
TXN-15863,17/05/2026 22:30,Store 3,103,Void,Cash,21.83
TXN-15864,30/05/2026 12:46,Store 3,104,Completed,Cash,36.37
TXN-15865,22/05/2026 20:00,Store 2,104,Completed,Cash,22.52
TXN-15866,11/05/2026 17:18,Store 2,107,Completed,Credit Card,9.94
TXN-15867,08/05/2026 15:10,Store 1,108,Completed,Cash,14.41
TXN-15868,13/05/2026 20:01,Store 3,103,Completed,Credit Card,23
TXN-15869,21/05/2026 16:54,Store 6,108,Completed,Credit Card,16.14
TXN-15870,26/05/2026 14:26,Store 5,105,Completed,Mobile App,7.05
TXN-15871,24/05/2026 21:50,Store 6,108,Completed,Cash,32.34
TXN-15872,16/05/2026 7:27,Store 5,109,Completed,Credit Card,27.98
TXN-15873,21/05/2026 12:04,Store 3,100,Completed,Credit Card,42.75
TXN-15874,15/05/2026 9:13,Store 3,100,Completed,Mobile App,39.58
TXN-15875,08/05/2026 9:25,Store 5,102,Completed,Credit Card,31.55
TXN-15876,27/05/2026 7:31,Store 3,101,Completed,Credit Card,19.26
TXN-15877,14/05/2026 21:55,Store 2,100,Completed,Credit Card,6.19
TXN-15878,22/05/2026 17:38,Store 1,108,Discount applied,Credit Card,10.67
TXN-15879,30/05/2026 15:48,Store 1,101,Completed,Credit Card,18.28
TXN-15880,19/05/2026 9:56,Store 1,110,Completed,Cash,44.4
TXN-15881,09/05/2026 11:24,Store 3,108,Completed,Credit Card,9.12
TXN-15882,30/05/2026 11:56,Store 2,105,Completed,Credit Card,36.71
TXN-15883,28/05/2026 14:57,Store 2,108,Completed,Mobile App,22.03
TXN-15884,09/05/2026 12:36,Store 5,110,Completed,Credit Card,6.16
TXN-15885,05/05/2026 8:20,Store 1,100,Completed,Credit Card,26.72
TXN-15886,07/05/2026 21:39,Store 4,104,Completed,Credit Card,16.74
TXN-15887,13/05/2026 21:38,Store 4,101,Completed,Credit Card,33.13
TXN-15888,30/05/2026 13:40,Store 5,102,Completed,Credit Card,21.89
TXN-15889,17/05/2026 12:21,Store 6,100,Completed,Credit Card,30.33
TXN-15890,30/05/2026 19:06,Store 3,102,Completed,Credit Card,11.04
TXN-15891,19/05/2026 13:53,Store 3,102,Completed,Credit Card,28.45
TXN-15892,23/05/2026 9:14,Store 5,109,Completed,Credit Card,8.87
TXN-15893,17/05/2026 19:07,Store 1,110,Completed,Cash,41.08
TXN-15894,26/05/2026 7:56,Store 6,102,Completed,Credit Card,19.15
TXN-15895,11/05/2026 18:10,Store 1,110,Completed,Cash,9.2
TXN-15896,09/05/2026 21:39,Store 6,104,Completed,Credit Card,16.19
TXN-15897,27/05/2026 10:09,Store 4,109,Completed,Credit Card,20.71
TXN-15898,08/05/2026 17:24,Store 4,110,Completed,Credit Card,5.46
TXN-15899,10/05/2026 17:56,Store 6,102,Completed,Mobile App,34.17
TXN-15900,03/05/2026 11:46,Store 2,108,Completed,Mobile App,31.93
TXN-15901,08/05/2026 18:45,Store 6,100,Completed,Mobile App,7.35
TXN-15902,06/05/2026 18:59,Store 4,100,Void,Credit Card,29.07
TXN-15903,08/05/2026 18:15,Store 3,100,Void,Credit Card,22.76
TXN-15904,17/05/2026 15:32,Store 4,109,Completed,Mobile App,25.02
TXN-15905,22/05/2026 10:01,Store 4,108,Completed,Cash,40.59
TXN-15906,13/05/2026 20:46,Store 3,103,Completed,Cash,23.12
TXN-15907,17/05/2026 14:09,Store 3,106,Completed,Cash,16.68
TXN-15908,12/05/2026 20:23,Store 6,100,Completed,Cash,25.08
TXN-15909,09/05/2026 12:02,Store 1,108,Completed,Credit Card,33.96
TXN-15910,28/05/2026 11:14,Store 2,107,Refund,Credit Card,38.46
TXN-15911,19/05/2026 9:40,Store 5,104,Completed,Cash,33.95
TXN-15912,06/05/2026 9:03,Store 2,100,Completed,Credit Card,39.15
TXN-15913,17/05/2026 12:26,Store 5,108,Completed,Credit Card,39.7
TXN-15914,28/05/2026 11:46,Store 6,110,Completed,Credit Card,23.71
TXN-15915,03/05/2026 20:17,Store 1,106,Completed,Credit Card,35.22
TXN-15916,19/05/2026 8:06,Store 2,110,Completed,Mobile App,26.15
TXN-15917,26/05/2026 10:19,Store 2,104,Completed,Credit Card,5.61
TXN-15918,17/05/2026 8:35,Store 2,102,Completed,Cash,8.44
TXN-15919,13/05/2026 13:44,Store 3,100,Discount applied,Credit Card,19.99
TXN-15920,17/05/2026 13:43,Store 1,106,Completed,Credit Card,36
TXN-15921,30/05/2026 18:36,Store 1,102,Completed,Credit Card,36.79
TXN-15922,09/05/2026 19:53,Store 3,103,Completed,Cash,6.24
TXN-15923,28/05/2026 12:35,Store 6,109,Completed,Mobile App,25.64
TXN-15924,28/05/2026 21:27,Store 2,100,Completed,Cash,43.87
TXN-15925,23/05/2026 17:41,Store 6,100,Completed,Cash,42.77
TXN-15926,22/05/2026 20:57,Store 1,105,Completed,Credit Card,7.43
TXN-15927,03/05/2026 9:51,Store 1,105,Completed,Credit Card,41.05
TXN-15928,22/05/2026 17:03,Store 6,109,Completed,Cash,14.17
TXN-15929,18/05/2026 21:34,Store 2,102,Completed,Cash,23.75
TXN-15930,12/05/2026 11:10,Store 1,104,Completed,Credit Card,17.1
TXN-15931,04/05/2026 8:41,Store 5,110,Completed,Credit Card,31.01
TXN-15932,11/05/2026 18:06,Store 3,103,Completed,Cash,13.62
TXN-15933,25/05/2026 20:05,Store 5,106,Void,Mobile App,16.23
TXN-15934,22/05/2026 21:02,Store 3,109,Completed,Credit Card,25.99
TXN-15935,30/05/2026 16:50,Store 2,107,Completed,Credit Card,15.17
TXN-15936,01/05/2026 21:58,Store 4,104,Completed,Credit Card,11.14
TXN-15937,06/05/2026 13:07,Store 6,106,Completed,Credit Card,41.51
TXN-15938,21/05/2026 11:27,Store 2,107,Completed,Credit Card,17.92
TXN-15939,10/05/2026 14:51,Store 4,100,Discount applied,Credit Card,10.14
TXN-15940,19/05/2026 11:00,Store 1,108,Completed,Credit Card,5.34
TXN-15941,24/05/2026 21:55,Store 3,103,Completed,Mobile App,24.79
TXN-15942,15/05/2026 19:08,Store 1,100,Completed,Credit Card,16.09
TXN-15943,24/05/2026 14:54,Store 4,100,Completed,Mobile App,32.32
TXN-15944,11/05/2026 9:04,Store 4,104,Completed,Cash,8.42
TXN-15945,24/05/2026 14:13,Store 4,100,Completed,Mobile App,21.53
TXN-15946,21/05/2026 10:16,Store 2,110,Completed,Credit Card,25.63
TXN-15947,18/05/2026 13:12,Store 4,104,Completed,Credit Card,7.06
TXN-15948,29/05/2026 15:52,Store 5,105,Completed,Mobile App,22.71
TXN-15949,06/05/2026 16:40,Store 3,103,Completed,Cash,18.66
TXN-15950,10/05/2026 21:40,Store 3,101,Completed,Credit Card,27.89
TXN-15951,16/05/2026 8:56,Store 1,106,Completed,Credit Card,10.6
TXN-15952,15/05/2026 17:37,Store 1,105,Completed,Mobile App,12.18
TXN-15953,17/05/2026 11:14,Store 1,104,Completed,Credit Card,18.69
TXN-15954,06/05/2026 7:44,Store 1,104,Completed,Cash,27.03
TXN-15955,01/05/2026 13:15,Store 3,100,Completed,Credit Card,23.81
TXN-15956,06/05/2026 16:52,Store 1,101,Completed,Mobile App,32.02
TXN-15957,27/05/2026 18:37,Store 6,105,Completed,Cash,35.83
TXN-15958,18/05/2026 10:21,Store 6,110,Completed,Credit Card,36.16
TXN-15959,28/05/2026 15:31,Store 1,105,Completed,Cash,14.09
TXN-15960,12/05/2026 20:54,Store 6,108,Completed,Mobile App,29.63
TXN-15961,07/05/2026 18:31,Store 6,108,Discount applied,Cash,39.57
TXN-15962,09/05/2026 18:19,Store 6,101,Completed,Cash,34.37
TXN-15963,18/05/2026 10:45,Store 5,100,Completed,Credit Card,13.82
TXN-15964,17/05/2026 9:39,Store 6,101,Completed,Credit Card,30.35
TXN-15965,07/05/2026 17:12,Store 3,110,Completed,Cash,39.79
TXN-15966,09/05/2026 8:31,Store 3,109,Completed,Credit Card,35.89
TXN-15967,28/05/2026 15:45,Store 3,102,Completed,Credit Card,33.88
TXN-15968,18/05/2026 20:22,Store 3,109,Completed,Credit Card,6.91
TXN-15969,21/05/2026 8:14,Store 2,106,Completed,Credit Card,17.28
TXN-15970,22/05/2026 12:39,Store 4,110,Completed,Credit Card,15.73
TXN-15971,13/05/2026 10:13,Store 5,104,Completed,Mobile App,27.74
TXN-15972,11/05/2026 20:53,Store 6,102,Completed,Cash,30.39
TXN-15973,04/05/2026 20:43,Store 5,108,Completed,Cash,40.58
TXN-15974,24/05/2026 13:50,Store 6,105,Completed,Cash,27.78
TXN-15975,11/05/2026 18:24,Store 3,103,Completed,Credit Card,21.83
TXN-15976,11/05/2026 18:04,Store 5,104,Completed,Credit Card,20.5
TXN-15977,30/05/2026 16:52,Store 4,102,Void,Mobile App,34.37
TXN-15978,25/05/2026 17:59,Store 3,104,Completed,Credit Card,36.96
TXN-15979,01/05/2026 11:44,Store 6,108,Completed,Cash,33.04
TXN-15980,07/05/2026 21:10,Store 1,100,Completed,Credit Card,38.96
TXN-15981,19/05/2026 17:20,Store 3,100,Completed,Mobile App,16.47
TXN-15982,18/05/2026 10:06,Store 6,108,Completed,Credit Card,42.73
TXN-15983,05/05/2026 9:55,Store 3,102,Completed,Cash,7.09
TXN-15984,20/05/2026 19:21,Store 2,106,Completed,Credit Card,15.77
TXN-15985,04/05/2026 19:28,Store 3,101,Discount applied,Cash,36.43
TXN-15986,14/05/2026 18:56,Store 1,102,Completed,Mobile App,5.92
TXN-15987,14/05/2026 20:01,Store 2,104,Completed,Credit Card,8.85
TXN-15988,09/05/2026 21:03,Store 3,103,Completed,Cash,22.19
TXN-15989,05/05/2026 14:22,Store 1,105,Completed,Cash,40.71
TXN-15990,11/05/2026 16:48,Store 6,105,Completed,Credit Card,7.23
TXN-15991,29/05/2026 21:50,Store 3,103,Completed,Credit Card,7.66
TXN-15992,06/05/2026 8:06,Store 6,104,Completed,Cash,6.97
TXN-15993,14/05/2026 10:20,Store 3,104,Completed,Credit Card,44.85
TXN-15994,17/05/2026 19:42,Store 3,103,Completed,Cash,33.37
TXN-15995,24/05/2026 8:27,Store 3,104,Completed,Credit Card,34.84
TXN-15996,09/05/2026 20:49,Store 3,103,Completed,Cash,28.32
TXN-15997,22/05/2026 7:54,Store 4,100,Completed,Credit Card,28.83
TXN-15998,28/05/2026 15:36,Store 5,100,Completed,Mobile App,43.21
TXN-15999,25/05/2026 10:03,Store 5,102,Completed,Mobile App,41.95
TXN-16000,12/05/2026 14:00,Store 6,106,Completed,Mobile App,33.69
TXN-16001,11/05/2026 20:20,Store 6,109,Completed,Mobile App,15.75
TXN-16002,01/05/2026 13:08,Store 2,107,Refund,Cash,38.22
TXN-16003,06/05/2026 7:35,Store 1,106,Completed,Credit Card,27.24
TXN-16004,25/05/2026 20:14,Store 1,109,Completed,Credit Card,11.68
TXN-16005,23/05/2026 8:36,Store 2,101,Completed,Mobile App,41.45
TXN-16006,06/05/2026 21:32,Store 3,103,Completed,Credit Card,12.39
TXN-16007,19/05/2026 15:58,Store 3,102,Completed,Credit Card,6.12
TXN-16008,18/05/2026 8:20,Store 6,104,Completed,Credit Card,40.7
TXN-16009,03/05/2026 20:55,Store 4,106,Completed,Cash,26.38
TXN-16010,29/05/2026 17:38,Store 3,103,Completed,Mobile App,13.85
TXN-16011,10/05/2026 7:08,Store 6,109,Discount applied,Mobile App,23.6
TXN-16012,03/05/2026 7:24,Store 3,110,Completed,Mobile App,7.97
TXN-16013,06/05/2026 20:41,Store 3,103,Completed,Credit Card,21.21
TXN-16014,21/05/2026 9:41,Store 2,109,Completed,Cash,39.33
TXN-16015,01/05/2026 11:36,Store 3,102,Completed,Credit Card,43.3
TXN-16016,01/05/2026 16:53,Store 2,107,Completed,Cash,12.33
TXN-16017,29/05/2026 11:52,Store 1,110,Completed,Cash,26.81
TXN-16018,24/05/2026 9:55,Store 3,100,Completed,Credit Card,39.56
TXN-16019,12/05/2026 17:48,Store 5,101,Discount applied,Mobile App,34.4
TXN-16020,29/05/2026 11:52,Store 4,106,Completed,Credit Card,28.88
TXN-16021,18/05/2026 15:18,Store 6,101,Completed,Mobile App,33.47
TXN-16022,22/05/2026 18:28,Store 5,106,Completed,Credit Card,16.97
TXN-16023,21/05/2026 21:54,Store 2,105,Completed,Cash,34.52
TXN-16024,19/05/2026 17:52,Store 2,102,Completed,Credit Card,39.83
TXN-16025,19/05/2026 13:36,Store 1,106,Completed,Credit Card,16.58
TXN-16026,05/05/2026 11:53,Store 3,101,Discount applied,Cash,26.93
TXN-16027,09/05/2026 17:22,Store 2,107,Completed,Cash,11.22
TXN-16028,03/05/2026 18:57,Store 1,105,Completed,Cash,27.67
TXN-16029,23/05/2026 12:05,Store 3,100,Completed,Cash,9.58
TXN-16030,10/05/2026 13:27,Store 2,107,Completed,Credit Card,38.82
TXN-16031,04/05/2026 11:42,Store 4,109,Completed,Mobile App,13.51
TXN-16032,04/05/2026 8:17,Store 2,105,Completed,Mobile App,22.72
TXN-16033,11/05/2026 8:59,Store 5,104,Completed,Credit Card,26.85
TXN-16034,14/05/2026 21:17,Store 6,101,Completed,Credit Card,35.37
TXN-16035,01/05/2026 8:07,Store 4,109,Completed,Credit Card,29.74
TXN-16036,16/05/2026 16:44,Store 3,106,Completed,Cash,15.97
TXN-16037,02/05/2026 18:09,Store 1,110,Completed,Credit Card,28.49
TXN-16038,10/05/2026 17:14,Store 2,107,Completed,Mobile App,32.52
TXN-16039,04/05/2026 8:10,Store 1,104,Completed,Mobile App,32.67
TXN-16040,11/05/2026 15:51,Store 3,104,Completed,Credit Card,44.99
TXN-16041,22/05/2026 14:47,Store 1,109,Discount applied,Mobile App,12.14
TXN-16042,25/05/2026 13:39,Store 4,108,Completed,Credit Card,43.6
TXN-16043,04/05/2026 20:59,Store 6,105,Completed,Mobile App,43.93
TXN-16044,07/05/2026 19:52,Store 5,109,Completed,Credit Card,23.55
TXN-16045,23/05/2026 14:23,Store 2,109,Completed,Mobile App,37.05
TXN-16046,19/05/2026 11:05,Store 4,101,Completed,Mobile App,26.67
TXN-16047,21/05/2026 22:58,Store 3,103,Void,Cash,35.55
TXN-16048,04/05/2026 17:10,Store 3,110,Completed,Credit Card,34.41
TXN-16049,12/05/2026 14:34,Store 1,101,Completed,Mobile App,28.32
TXN-16050,15/05/2026 11:33,Store 2,100,Completed,Credit Card,37.15
TXN-16051,12/05/2026 17:28,Store 2,107,Completed,Mobile App,29.55
TXN-16052,02/05/2026 9:15,Store 2,109,Completed,Cash,22.06
TXN-16053,21/05/2026 7:18,Store 2,110,Completed,Credit Card,42.27
TXN-16054,18/05/2026 11:00,Store 1,100,Completed,Credit Card,34.69
TXN-16055,20/05/2026 14:00,Store 4,102,Completed,Cash,30.7
TXN-16056,13/05/2026 17:16,Store 3,102,Completed,Credit Card,18.37
TXN-16057,26/05/2026 15:51,Store 1,104,Completed,Cash,20.69
TXN-16058,12/05/2026 16:55,Store 2,109,Completed,Credit Card,28.69
TXN-16059,25/05/2026 11:26,Store 4,105,Discount applied,Credit Card,8.15
TXN-16060,21/05/2026 17:28,Store 3,110,Completed,Cash,16.22
TXN-16061,29/05/2026 15:47,Store 2,107,Completed,Cash,14.61
TXN-16062,18/05/2026 21:32,Store 3,104,Completed,Credit Card,36.45
TXN-16063,19/05/2026 9:12,Store 2,105,Completed,Credit Card,22.75
TXN-16064,19/05/2026 14:35,Store 6,108,Completed,Credit Card,35.15
TXN-16065,24/05/2026 21:26,Store 3,101,Completed,Mobile App,32.2
TXN-16066,04/05/2026 9:00,Store 4,105,Completed,Credit Card,12.72
TXN-16067,13/05/2026 7:35,Store 1,101,Completed,Credit Card,19.27
TXN-16068,24/05/2026 16:28,Store 6,104,Completed,Mobile App,12
TXN-16069,13/05/2026 15:10,Store 5,100,Completed,Credit Card,13.29
TXN-16070,13/05/2026 20:30,Store 3,104,Completed,Cash,19.36
TXN-16071,13/05/2026 21:01,Store 3,103,Completed,Mobile App,37.31
TXN-16072,03/05/2026 9:55,Store 5,101,Void,Cash,33.61
TXN-16073,29/05/2026 10:29,Store 2,104,Void,Mobile App,25.92
TXN-16074,25/05/2026 11:59,Store 2,105,Completed,Credit Card,20.97
TXN-16075,29/05/2026 20:21,Store 6,100,Completed,Mobile App,13.51
TXN-16076,06/05/2026 15:45,Store 6,102,Completed,Mobile App,21.65
TXN-16077,18/05/2026 15:37,Store 3,109,Completed,Cash,43.86
TXN-16078,28/05/2026 15:27,Store 2,102,Completed,Credit Card,9.79
TXN-16079,14/05/2026 8:34,Store 6,104,Completed,Cash,15.63
TXN-16080,04/05/2026 19:39,Store 3,103,Completed,Credit Card,14.05
TXN-16081,06/05/2026 17:57,Store 5,101,Completed,Cash,19.12
TXN-16082,01/05/2026 16:49,Store 2,107,Completed,Cash,13.81
TXN-16083,02/05/2026 20:24,Store 2,110,Completed,Mobile App,26.42
TXN-16084,09/05/2026 20:33,Store 1,104,Completed,Credit Card,12.55
TXN-16085,09/05/2026 14:40,Store 5,101,Completed,Cash,7.08
TXN-16086,24/05/2026 17:43,Store 3,103,Completed,Mobile App,32.5
TXN-16087,03/05/2026 19:04,Store 3,103,Completed,Credit Card,12.83
TXN-16088,02/05/2026 19:35,Store 3,106,Void,Mobile App,16.62
TXN-16089,18/05/2026 21:01,Store 5,102,Completed,Cash,42.99
TXN-16090,19/05/2026 12:50,Store 5,104,Completed,Cash,21.47
TXN-16091,20/05/2026 16:48,Store 2,100,Completed,Credit Card,29.28
TXN-16092,08/05/2026 9:15,Store 1,108,Completed,Credit Card,5.56
TXN-16093,12/05/2026 15:12,Store 5,102,Completed,Cash,15.63
TXN-16094,19/05/2026 20:16,Store 2,102,Completed,Cash,42.5
TXN-16095,14/05/2026 21:24,Store 3,103,Completed,Mobile App,26.65
TXN-16096,24/05/2026 13:20,Store 1,110,Completed,Credit Card,25.96
TXN-16097,23/05/2026 14:24,Store 2,107,Completed,Mobile App,6.58
TXN-16098,13/05/2026 21:03,Store 3,108,Completed,Mobile App,42.04
TXN-16099,16/05/2026 21:16,Store 3,103,Completed,Cash,33.58
TXN-16100,28/05/2026 13:50,Store 5,108,Completed,Credit Card,7.28
TXN-16101,22/05/2026 21:01,Store 5,101,Completed,Credit Card,26.4
TXN-16102,22/05/2026 19:09,Store 1,110,Completed,Mobile App,15.53
TXN-16103,02/05/2026 7:12,Store 3,101,Discount applied,Credit Card,21
TXN-16104,03/05/2026 17:05,Store 1,110,Completed,Cash,43.3
TXN-16105,21/05/2026 12:30,Store 5,104,Refund,Credit Card,22.56
TXN-16106,10/05/2026 14:55,Store 2,107,Completed,Cash,31.12
TXN-16107,13/05/2026 9:20,Store 6,102,Completed,Cash,43.18
TXN-16108,25/05/2026 20:02,Store 3,103,Completed,Mobile App,10.74
TXN-16109,24/05/2026 12:35,Store 6,110,Discount applied,Cash,5.41
TXN-16110,08/05/2026 18:22,Store 5,100,Completed,Mobile App,37.29
TXN-16111,21/05/2026 11:49,Store 5,104,Completed,Credit Card,25.67
TXN-16112,27/05/2026 7:39,Store 2,104,Completed,Cash,31.78
TXN-16113,22/05/2026 9:44,Store 1,105,Completed,Cash,11.12
TXN-16114,08/05/2026 20:02,Store 5,108,Completed,Cash,12.77
TXN-16115,17/05/2026 8:11,Store 1,102,Void,Mobile App,31.95
TXN-16116,08/05/2026 8:55,Store 6,102,Completed,Cash,16.49
TXN-16117,30/05/2026 11:02,Store 4,101,Completed,Cash,28.42
TXN-16118,15/05/2026 17:36,Store 6,110,Completed,Mobile App,33.36
TXN-16119,13/05/2026 10:07,Store 5,104,Completed,Cash,36.88
TXN-16120,17/05/2026 21:29,Store 4,101,Completed,Cash,39.84
TXN-16121,11/05/2026 8:55,Store 3,108,Completed,Cash,21.83
TXN-16122,17/05/2026 8:53,Store 5,100,Completed,Credit Card,7.11
TXN-16123,05/05/2026 10:27,Store 3,104,Completed,Credit Card,43.88
TXN-16124,01/05/2026 15:38,Store 1,101,Completed,Credit Card,21.28
TXN-16125,14/05/2026 12:12,Store 5,100,Completed,Mobile App,13.05
TXN-16126,19/05/2026 7:23,Store 1,105,Completed,Credit Card,12.67
TXN-16127,02/05/2026 8:16,Store 4,108,Completed,Credit Card,25.51
TXN-16128,02/05/2026 12:17,Store 2,107,Completed,Mobile App,16.03
TXN-16129,10/05/2026 9:13,Store 2,108,Completed,Credit Card,38.62
TXN-16130,01/05/2026 17:59,Store 5,100,Completed,Cash,39.07
TXN-16131,04/05/2026 21:52,Store 3,103,Completed,Credit Card,27.8
TXN-16132,27/05/2026 17:17,Store 4,109,Completed,Credit Card,40.92
TXN-16133,20/05/2026 21:13,Store 1,100,Completed,Cash,13.72
TXN-16134,29/05/2026 13:28,Store 2,105,Completed,Mobile App,10.77
TXN-16135,16/05/2026 8:43,Store 6,109,Completed,Credit Card,21.32
TXN-16136,29/05/2026 17:50,Store 5,100,Completed,Mobile App,25.33
TXN-16137,23/05/2026 8:59,Store 4,105,Completed,Credit Card,24.95
TXN-16138,30/05/2026 20:19,Store 6,105,Void,Mobile App,22.26
TXN-16139,26/05/2026 20:35,Store 5,105,Completed,Cash,17.53
TXN-16140,20/05/2026 18:57,Store 5,105,Completed,Cash,33.4
TXN-16141,28/05/2026 19:19,Store 5,100,Completed,Mobile App,15.59
TXN-16142,06/05/2026 18:40,Store 3,103,Completed,Mobile App,26.64
TXN-16143,30/05/2026 19:10,Store 2,105,Completed,Credit Card,11.17
TXN-16144,07/05/2026 13:22,Store 2,102,Completed,Cash,42.87
TXN-16145,07/05/2026 13:51,Store 4,102,Completed,Cash,7.37
TXN-16146,19/05/2026 10:22,Store 3,104,Completed,Mobile App,18.4
TXN-16147,24/05/2026 12:14,Store 4,105,Completed,Credit Card,25.42
TXN-16148,08/05/2026 16:18,Store 4,110,Completed,Mobile App,32.69
TXN-16149,27/05/2026 19:59,Store 4,102,Completed,Mobile App,19.88
TXN-16150,27/05/2026 9:36,Store 5,102,Completed,Mobile App,31.6
TXN-16151,08/05/2026 21:35,Store 5,100,Completed,Cash,37.8
TXN-16152,20/05/2026 15:12,Store 5,100,Completed,Credit Card,7.71
TXN-16153,08/05/2026 19:55,Store 6,106,Completed,Credit Card,24.91
TXN-16154,12/05/2026 14:02,Store 6,109,Void,Credit Card,23.45
TXN-16155,03/05/2026 9:12,Store 5,100,Completed,Cash,28.02
TXN-16156,29/05/2026 13:49,Store 5,109,Refund,Cash,20.19
TXN-16157,05/05/2026 11:44,Store 1,110,Completed,Credit Card,34.63
TXN-16158,03/05/2026 10:28,Store 6,105,Completed,Credit Card,24.27
TXN-16159,26/05/2026 17:28,Store 3,103,Completed,Cash,21.17
TXN-16160,13/05/2026 19:16,Store 3,101,Void,Cash,5.99
TXN-16161,14/05/2026 13:06,Store 3,108,Completed,Cash,43.26
TXN-16162,29/05/2026 21:54,Store 6,106,Completed,Cash,42.66
TXN-16163,19/05/2026 13:40,Store 3,102,Refund,Mobile App,14.4
TXN-16164,16/05/2026 18:57,Store 6,106,Completed,Mobile App,20.63
TXN-16165,08/05/2026 21:33,Store 2,105,Completed,Mobile App,5.08
TXN-16166,26/05/2026 11:11,Store 2,105,Completed,Cash,8.51
TXN-16167,07/05/2026 18:29,Store 2,105,Completed,Cash,18.73
TXN-16168,07/05/2026 18:30,Store 3,103,Completed,Cash,34.62
TXN-16169,15/05/2026 19:21,Store 2,100,Completed,Mobile App,41.31
TXN-16170,23/05/2026 14:50,Store 4,110,Completed,Cash,6.89
TXN-16171,13/05/2026 15:16,Store 4,106,Completed,Credit Card,31.88
TXN-16172,27/05/2026 7:20,Store 6,105,Completed,Cash,40.18
TXN-16173,15/05/2026 17:55,Store 4,105,Completed,Credit Card,26.57
TXN-16174,23/05/2026 21:51,Store 3,109,Discount applied,Credit Card,32.73
TXN-16175,18/05/2026 16:13,Store 5,101,Completed,Cash,40.83
TXN-16176,18/05/2026 17:40,Store 2,100,Completed,Credit Card,42.75
TXN-16177,10/05/2026 14:59,Store 2,107,Completed,Cash,24.83
TXN-16178,22/05/2026 11:39,Store 1,109,Completed,Cash,17.69
TXN-16179,04/05/2026 8:24,Store 6,101,Completed,Credit Card,12.23
TXN-16180,24/05/2026 21:19,Store 6,101,Completed,Credit Card,18.05
TXN-16181,05/05/2026 20:51,Store 3,105,Completed,Cash,20.09
TXN-16182,24/05/2026 16:22,Store 3,100,Completed,Credit Card,15.95
TXN-16183,18/05/2026 17:52,Store 6,110,Completed,Mobile App,43.44
TXN-16184,21/05/2026 21:05,Store 2,109,Completed,Credit Card,28.18
TXN-16185,21/05/2026 8:56,Store 1,102,Completed,Credit Card,26.45
TXN-16186,16/05/2026 21:56,Store 3,106,Completed,Mobile App,24.63
TXN-16187,15/05/2026 12:53,Store 1,104,Completed,Credit Card,5.09
TXN-16188,22/05/2026 14:44,Store 6,106,Completed,Credit Card,11.67
TXN-16189,02/05/2026 11:46,Store 1,105,Completed,Mobile App,19.66
TXN-16190,11/05/2026 13:48,Store 1,101,Completed,Credit Card,17.49
TXN-16191,27/05/2026 12:36,Store 4,106,Completed,Mobile App,35.56
TXN-16192,15/05/2026 12:37,Store 5,104,Discount applied,Mobile App,32.16
TXN-16193,24/05/2026 18:58,Store 4,101,Completed,Credit Card,14.37
TXN-16194,26/05/2026 14:27,Store 5,105,Void,Mobile App,5.16
TXN-16195,09/05/2026 20:51,Store 2,109,Completed,Cash,5.85
TXN-16196,21/05/2026 19:08,Store 4,106,Completed,Mobile App,5.78
TXN-16197,06/05/2026 18:39,Store 6,106,Completed,Cash,34.6
TXN-16198,19/05/2026 7:20,Store 6,105,Discount applied,Cash,7.3
TXN-16199,01/05/2026 18:53,Store 4,100,Void,Credit Card,7.87
TXN-16200,09/05/2026 18:23,Store 2,101,Completed,Credit Card,32.83
TXN-16201,27/05/2026 9:52,Store 6,106,Completed,Credit Card,5.98
TXN-16202,04/05/2026 19:35,Store 3,109,Completed,Credit Card,35.48
TXN-16203,29/05/2026 18:13,Store 2,110,Completed,Cash,32.19
TXN-16204,06/05/2026 16:14,Store 2,100,Refund,Cash,20.95
TXN-16205,28/05/2026 13:45,Store 1,101,Completed,Credit Card,38.61
TXN-16206,07/05/2026 17:37,Store 4,101,Completed,Credit Card,9.61
TXN-16207,20/05/2026 16:57,Store 1,106,Completed,Credit Card,42.7
TXN-16208,07/05/2026 8:01,Store 6,109,Completed,Cash,44.08
TXN-16209,15/05/2026 18:21,Store 6,101,Completed,Cash,27.3
TXN-16210,03/05/2026 20:43,Store 3,103,Completed,Credit Card,39.16
TXN-16211,07/05/2026 21:43,Store 3,109,Completed,Mobile App,31.35
TXN-16212,08/05/2026 21:41,Store 3,109,Completed,Credit Card,43.36
TXN-16213,30/05/2026 20:16,Store 4,106,Completed,Credit Card,6.03
TXN-16214,12/05/2026 7:42,Store 3,108,Completed,Cash,17.48
TXN-16215,03/05/2026 20:38,Store 6,100,Completed,Mobile App,29.71
TXN-16216,06/05/2026 21:06,Store 5,110,Completed,Credit Card,44.89
TXN-16217,29/05/2026 10:21,Store 1,102,Completed,Credit Card,32.04
TXN-16218,05/05/2026 10:43,Store 2,102,Completed,Credit Card,28.43
TXN-16219,02/05/2026 15:11,Store 6,102,Completed,Credit Card,10.06
TXN-16220,02/05/2026 9:51,Store 3,105,Completed,Cash,27.21
TXN-16221,22/05/2026 7:08,Store 2,105,Refund,Mobile App,10.8
TXN-16222,07/05/2026 20:40,Store 6,105,Refund,Credit Card,6.22
TXN-16223,20/05/2026 10:10,Store 6,110,Void,Credit Card,34.61
TXN-16224,29/05/2026 7:10,Store 5,101,Completed,Credit Card,12.23
TXN-16225,08/05/2026 8:59,Store 5,106,Refund,Cash,21.51
TXN-16226,06/05/2026 21:02,Store 1,109,Completed,Mobile App,21.39
TXN-16227,28/05/2026 18:59,Store 2,104,Completed,Mobile App,7.1
TXN-16228,22/05/2026 20:25,Store 4,105,Completed,Credit Card,22.94
TXN-16229,03/05/2026 19:04,Store 4,105,Completed,Credit Card,33.05
TXN-16230,14/05/2026 9:43,Store 1,105,Completed,Credit Card,30.94
TXN-16231,07/05/2026 21:57,Store 5,104,Completed,Cash,28.56
TXN-16232,13/05/2026 15:48,Store 2,107,Completed,Credit Card,37.99
TXN-16233,16/05/2026 11:44,Store 2,108,Completed,Credit Card,34.81
TXN-16234,30/05/2026 14:38,Store 1,102,Completed,Cash,31.89
TXN-16235,09/05/2026 15:53,Store 5,102,Completed,Cash,35.81
TXN-16236,18/05/2026 12:41,Store 5,110,Refund,Credit Card,5.67
TXN-16237,02/05/2026 21:33,Store 3,103,Completed,Mobile App,25.71
TXN-16238,22/05/2026 11:51,Store 5,110,Completed,Credit Card,14.05
TXN-16239,10/05/2026 14:16,Store 6,101,Completed,Mobile App,22.83
TXN-16240,18/05/2026 13:56,Store 2,108,Void,Cash,25.45
TXN-16241,15/05/2026 13:34,Store 1,104,Completed,Mobile App,32.24
TXN-16242,22/05/2026 18:57,Store 3,103,Completed,Mobile App,12.96
TXN-16243,06/05/2026 11:44,Store 6,104,Completed,Cash,32.33
TXN-16244,04/05/2026 18:06,Store 3,103,Completed,Cash,9.76
TXN-16245,07/05/2026 13:44,Store 1,102,Completed,Mobile App,36.81
TXN-16246,27/05/2026 18:33,Store 4,102,Completed,Credit Card,44.81
TXN-16247,14/05/2026 20:00,Store 5,104,Completed,Credit Card,16.13
TXN-16248,28/05/2026 8:03,Store 2,110,Discount applied,Credit Card,17.51
TXN-16249,30/05/2026 13:04,Store 2,110,Completed,Credit Card,19.73
TXN-16250,23/05/2026 8:20,Store 4,105,Completed,Credit Card,38
TXN-16251,07/05/2026 15:05,Store 6,109,Completed,Credit Card,32.3
TXN-16252,21/05/2026 8:57,Store 6,102,Completed,Credit Card,36.54
TXN-16253,16/05/2026 11:24,Store 6,101,Completed,Mobile App,42.8
TXN-16254,13/05/2026 19:09,Store 5,102,Completed,Credit Card,21.78
TXN-16255,20/05/2026 8:38,Store 3,108,Completed,Cash,33.99
TXN-16256,30/05/2026 8:42,Store 2,101,Completed,Credit Card,43.77
TXN-16257,13/05/2026 14:02,Store 1,105,Completed,Credit Card,35.14
TXN-16258,28/05/2026 8:06,Store 5,108,Completed,Cash,5.34
TXN-16259,10/05/2026 7:24,Store 6,102,Completed,Credit Card,34.79
TXN-16260,28/05/2026 9:10,Store 4,100,Completed,Credit Card,13.33
TXN-16261,30/05/2026 19:34,Store 4,100,Completed,Credit Card,22.36
TXN-16262,04/05/2026 10:19,Store 3,100,Completed,Mobile App,26.11
TXN-16263,09/05/2026 18:17,Store 2,109,Completed,Credit Card,24
TXN-16264,05/05/2026 8:35,Store 5,105,Completed,Credit Card,17.34
TXN-16265,19/05/2026 14:54,Store 4,100,Completed,Credit Card,15.77
TXN-16266,29/05/2026 20:52,Store 2,110,Completed,Mobile App,27.53
TXN-16267,01/05/2026 17:42,Store 3,110,Completed,Credit Card,13.19
TXN-16268,20/05/2026 10:12,Store 6,101,Completed,Credit Card,43.7
TXN-16269,22/05/2026 16:59,Store 2,107,Completed,Cash,12.93
TXN-16270,09/05/2026 8:45,Store 6,110,Completed,Cash,36.23
TXN-16271,21/05/2026 14:13,Store 6,101,Completed,Cash,31.49
TXN-16272,22/05/2026 8:14,Store 4,101,Completed,Credit Card,26.62
TXN-16273,06/05/2026 8:26,Store 2,109,Completed,Cash,20.87
TXN-16274,12/05/2026 14:02,Store 2,104,Completed,Cash,19.52
TXN-16275,23/05/2026 19:15,Store 1,106,Completed,Credit Card,23.31
TXN-16276,22/05/2026 13:19,Store 3,109,Void,Cash,12.03
TXN-16277,19/05/2026 14:33,Store 2,107,Completed,Cash,26.8
TXN-16278,27/05/2026 19:46,Store 2,109,Completed,Credit Card,5.28
TXN-16279,26/05/2026 12:33,Store 4,106,Completed,Credit Card,43.66
TXN-16280,12/05/2026 8:13,Store 4,110,Completed,Credit Card,17.16
TXN-16281,30/05/2026 16:12,Store 3,101,Completed,Credit Card,32.27
TXN-16282,09/05/2026 16:04,Store 1,109,Completed,Credit Card,37.56
TXN-16283,28/05/2026 8:45,Store 3,105,Completed,Cash,44.72
TXN-16284,29/05/2026 17:10,Store 6,106,Completed,Credit Card,6.12
TXN-16285,14/05/2026 18:06,Store 4,108,Completed,Credit Card,15.2
TXN-16286,16/05/2026 14:25,Store 3,101,Completed,Credit Card,21.86
TXN-16287,13/05/2026 19:12,Store 1,109,Completed,Mobile App,10.72
TXN-16288,18/05/2026 10:21,Store 5,101,Completed,Cash,10.82
TXN-16289,26/05/2026 7:21,Store 2,108,Completed,Credit Card,25.14
TXN-16290,11/05/2026 13:23,Store 3,102,Completed,Credit Card,42.38
TXN-16291,03/05/2026 17:27,Store 6,100,Completed,Cash,7.01
TXN-16292,07/05/2026 12:53,Store 1,102,Completed,Credit Card,41.65
TXN-16293,21/05/2026 11:07,Store 6,105,Completed,Mobile App,35.63
TXN-16294,29/05/2026 11:02,Store 1,101,Completed,Mobile App,34.43
TXN-16295,03/05/2026 10:48,Store 1,105,Completed,Cash,42.75
TXN-16296,25/05/2026 11:31,Store 3,101,Completed,Credit Card,22.56
TXN-16297,11/05/2026 13:23,Store 6,104,Completed,Cash,16.06
TXN-16298,23/05/2026 9:33,Store 6,100,Completed,Cash,31.49
TXN-16299,20/05/2026 19:45,Store 5,110,Completed,Cash,27.15
TXN-16300,04/05/2026 21:24,Store 2,100,Completed,Credit Card,22.26
TXN-16301,08/05/2026 12:12,Store 6,100,Completed,Cash,41.11
TXN-16302,06/05/2026 19:16,Store 1,100,Completed,Credit Card,14.11
TXN-16303,28/05/2026 10:12,Store 2,100,Completed,Credit Card,15.6
TXN-16304,20/05/2026 19:40,Store 3,109,Completed,Credit Card,5.72
TXN-16305,24/05/2026 21:21,Store 6,109,Completed,Cash,36.48
TXN-16306,19/05/2026 9:50,Store 5,104,Completed,Credit Card,43.71
TXN-16307,07/05/2026 13:59,Store 2,107,Completed,Mobile App,33.27
TXN-16308,15/05/2026 21:32,Store 4,101,Completed,Credit Card,28.74
TXN-16309,28/05/2026 20:30,Store 3,100,Completed,Mobile App,44.34
TXN-16310,24/05/2026 11:52,Store 2,107,Completed,Cash,13.94
TXN-16311,18/05/2026 10:34,Store 3,106,Completed,Credit Card,39.98
TXN-16312,20/05/2026 7:09,Store 1,106,Completed,Credit Card,29.07
TXN-16313,15/05/2026 11:59,Store 5,110,Completed,Credit Card,32.55
TXN-16314,03/05/2026 11:17,Store 3,108,Completed,Cash,43.44
TXN-16315,30/05/2026 7:51,Store 5,109,Completed,Mobile App,31.37
TXN-16316,20/05/2026 15:35,Store 2,101,Completed,Mobile App,23.94
TXN-16317,04/05/2026 19:54,Store 1,104,Completed,Credit Card,17.51
TXN-16318,14/05/2026 10:21,Store 2,110,Completed,Credit Card,17.25
TXN-16319,08/05/2026 19:22,Store 1,104,Completed,Mobile App,29.48
TXN-16320,26/05/2026 13:47,Store 2,106,Completed,Cash,19.22
TXN-16321,30/05/2026 12:35,Store 5,101,Completed,Cash,31.16
TXN-16322,06/05/2026 18:11,Store 2,104,Completed,Credit Card,32.59
TXN-16323,20/05/2026 17:25,Store 1,109,Completed,Cash,40.17
TXN-16324,13/05/2026 19:20,Store 4,106,Completed,Credit Card,5.75
TXN-16325,20/05/2026 18:14,Store 2,100,Completed,Cash,13.83
TXN-16326,22/05/2026 15:26,Store 2,107,Completed,Mobile App,18.76
TXN-16327,09/05/2026 20:01,Store 6,109,Completed,Credit Card,28.11
TXN-16328,15/05/2026 14:44,Store 5,108,Completed,Mobile App,26.52
TXN-16329,06/05/2026 13:51,Store 2,107,Completed,Cash,10.92
TXN-16330,06/05/2026 16:07,Store 3,101,Void,Cash,13.19
TXN-16331,06/05/2026 20:46,Store 4,104,Completed,Cash,29.08
TXN-16332,11/05/2026 10:37,Store 4,106,Discount applied,Credit Card,35.75
TXN-16333,25/05/2026 13:56,Store 2,104,Completed,Mobile App,7.15
TXN-16334,17/05/2026 17:27,Store 3,106,Completed,Mobile App,33.16
TXN-16335,02/05/2026 13:40,Store 2,105,Completed,Mobile App,24.05
TXN-16336,18/05/2026 15:40,Store 1,104,Completed,Credit Card,31.2
TXN-16337,24/05/2026 11:06,Store 5,110,Completed,Credit Card,8.98
TXN-16338,13/05/2026 15:51,Store 5,100,Completed,Cash,11
TXN-16339,24/05/2026 11:59,Store 2,110,Completed,Cash,26.44
TXN-16340,07/05/2026 17:47,Store 1,100,Completed,Credit Card,34.97
TXN-16341,30/05/2026 8:16,Store 4,105,Completed,Credit Card,21.84
TXN-16342,04/05/2026 14:03,Store 4,100,Refund,Mobile App,13.25
TXN-16343,26/05/2026 9:27,Store 3,100,Completed,Credit Card,12.65
TXN-16344,18/05/2026 8:23,Store 5,101,Completed,Credit Card,28.19
TXN-16345,20/05/2026 16:47,Store 5,109,Void,Mobile App,25.87
TXN-16346,02/05/2026 20:09,Store 6,108,Completed,Credit Card,12.62
TXN-16347,30/05/2026 9:23,Store 6,100,Completed,Mobile App,17.08
TXN-16348,07/05/2026 13:32,Store 2,107,Refund,Cash,36.71
TXN-16349,16/05/2026 13:13,Store 1,101,Completed,Mobile App,8.62
TXN-16350,06/05/2026 17:46,Store 1,102,Refund,Credit Card,21.05
TXN-16351,01/05/2026 7:45,Store 6,110,Void,Cash,20.45
TXN-16352,23/05/2026 20:23,Store 3,103,Completed,Mobile App,11.4
TXN-16353,26/05/2026 13:09,Store 6,101,Completed,Cash,27.77
TXN-16354,25/05/2026 9:49,Store 2,105,Completed,Mobile App,27.39
TXN-16355,03/05/2026 16:29,Store 2,109,Completed,Mobile App,41.32
TXN-16356,04/05/2026 18:03,Store 6,105,Completed,Cash,25.33
TXN-16357,22/05/2026 14:16,Store 5,105,Completed,Cash,16.71
TXN-16358,11/05/2026 9:59,Store 3,108,Completed,Credit Card,11.23
TXN-16359,15/05/2026 9:30,Store 2,100,Completed,Cash,13.22
TXN-16360,26/05/2026 11:20,Store 6,105,Void,Credit Card,24.78
TXN-16361,02/05/2026 15:52,Store 2,104,Completed,Credit Card,26.17
TXN-16362,07/05/2026 18:00,Store 1,109,Completed,Credit Card,28.61
TXN-16363,21/05/2026 14:09,Store 3,110,Completed,Credit Card,25.98
TXN-16364,02/05/2026 12:05,Store 5,110,Completed,Credit Card,42.24
TXN-16365,01/05/2026 18:21,Store 3,103,Completed,Mobile App,26.09
TXN-16366,16/05/2026 17:18,Store 3,106,Completed,Cash,30.27
TXN-16367,15/05/2026 17:08,Store 3,104,Completed,Cash,6.8
TXN-16368,12/05/2026 12:10,Store 5,110,Completed,Mobile App,38.23
TXN-16369,17/05/2026 14:48,Store 6,101,Completed,Credit Card,16.54
TXN-16370,10/05/2026 8:27,Store 2,102,Completed,Mobile App,28.87
TXN-16371,21/05/2026 11:19,Store 3,105,Completed,Credit Card,19.02
TXN-16372,13/05/2026 22:54,Store 3,103,Void,Cash,33.38
TXN-16373,11/05/2026 10:41,Store 3,109,Completed,Cash,20.4
TXN-16374,14/05/2026 18:12,Store 4,110,Completed,Cash,32.64
TXN-16375,27/05/2026 12:14,Store 1,100,Completed,Credit Card,15.24
TXN-16376,16/05/2026 9:32,Store 6,109,Completed,Mobile App,17.75
TXN-16377,25/05/2026 18:46,Store 6,108,Completed,Credit Card,39.88
TXN-16378,07/05/2026 18:57,Store 3,100,Completed,Credit Card,18.93
TXN-16379,26/05/2026 13:13,Store 5,110,Completed,Credit Card,8.14
TXN-16380,28/05/2026 17:39,Store 2,104,Void,Mobile App,10.87
TXN-16381,04/05/2026 21:51,Store 3,103,Completed,Credit Card,16.37
TXN-16382,03/05/2026 10:53,Store 5,108,Completed,Mobile App,9.7
TXN-16383,28/05/2026 14:51,Store 6,109,Completed,Credit Card,14.77
TXN-16384,30/05/2026 12:58,Store 5,110,Completed,Credit Card,13.39
TXN-16385,06/05/2026 8:30,Store 4,108,Completed,Mobile App,20.71
TXN-16386,13/05/2026 18:49,Store 2,108,Completed,Mobile App,10.04
TXN-16387,29/05/2026 15:08,Store 3,104,Completed,Credit Card,5.7
TXN-16388,30/05/2026 15:08,Store 3,104,Completed,Cash,15.99
TXN-16389,06/05/2026 19:09,Store 3,106,Completed,Cash,32.68
TXN-16390,24/05/2026 14:43,Store 4,108,Completed,Credit Card,8.69
TXN-16391,08/05/2026 11:53,Store 4,105,Completed,Credit Card,31.86
TXN-16392,24/05/2026 20:19,Store 3,108,Completed,Cash,14.41
TXN-16393,17/05/2026 12:39,Store 2,107,Completed,Credit Card,9.58
TXN-16394,15/05/2026 12:32,Store 6,102,Refund,Mobile App,12.47
TXN-16395,23/05/2026 7:47,Store 4,102,Completed,Credit Card,23.31
TXN-16396,25/05/2026 15:56,Store 5,109,Completed,Cash,40.67
TXN-16397,27/05/2026 9:35,Store 4,104,Completed,Cash,9.48
TXN-16398,04/05/2026 21:40,Store 1,102,Completed,Mobile App,30.28
TXN-16399,25/05/2026 8:56,Store 3,101,Completed,Mobile App,29.89
TXN-16400,18/05/2026 7:53,Store 1,102,Completed,Credit Card,22.19
TXN-16401,24/05/2026 10:21,Store 3,108,Completed,Cash,13.16
TXN-16402,25/05/2026 17:26,Store 2,107,Completed,Credit Card,5.33
TXN-16403,15/05/2026 8:31,Store 3,102,Completed,Mobile App,20.71
TXN-16404,24/05/2026 21:41,Store 3,102,Completed,Mobile App,5.91
TXN-16405,13/05/2026 11:20,Store 1,101,Completed,Cash,44.81
TXN-16406,30/05/2026 9:32,Store 6,101,Completed,Mobile App,28.62
TXN-16407,08/05/2026 12:31,Store 1,100,Completed,Credit Card,39.82
TXN-16408,24/05/2026 13:27,Store 1,109,Completed,Mobile App,37.6
TXN-16409,28/05/2026 10:58,Store 5,108,Completed,Cash,32.69
TXN-16410,01/05/2026 8:52,Store 4,108,Completed,Cash,42.39
TXN-16411,08/05/2026 17:43,Store 1,101,Discount applied,Mobile App,31.14
TXN-16412,30/05/2026 12:21,Store 3,110,Completed,Mobile App,18.64
TXN-16413,20/05/2026 19:02,Store 3,110,Completed,Credit Card,25.29
TXN-16414,22/05/2026 18:39,Store 2,106,Discount applied,Mobile App,30.26
TXN-16415,16/05/2026 18:31,Store 6,101,Completed,Cash,44.22
TXN-16416,15/05/2026 18:38,Store 1,108,Completed,Credit Card,16.52
TXN-16417,05/05/2026 21:09,Store 1,110,Completed,Credit Card,22.78
TXN-16418,18/05/2026 8:47,Store 4,108,Completed,Credit Card,41.69
TXN-16419,19/05/2026 15:44,Store 6,101,Completed,Credit Card,38.72
TXN-16420,08/05/2026 7:23,Store 4,110,Completed,Cash,21.99
TXN-16421,11/05/2026 13:35,Store 2,104,Completed,Credit Card,8.76
TXN-16422,22/05/2026 15:27,Store 6,108,Completed,Credit Card,30.56
TXN-16423,03/05/2026 11:54,Store 6,100,Void,Mobile App,8.34
TXN-16424,02/05/2026 9:26,Store 3,106,Completed,Cash,5.26
TXN-16425,05/05/2026 17:55,Store 1,105,Completed,Credit Card,5.68
TXN-16426,04/05/2026 9:53,Store 6,104,Completed,Mobile App,15.81
TXN-16427,07/05/2026 12:28,Store 1,110,Completed,Cash,6.18
TXN-16428,07/05/2026 17:02,Store 6,101,Completed,Cash,20.56
TXN-16429,27/05/2026 11:37,Store 6,104,Completed,Mobile App,37.98
TXN-16430,02/05/2026 12:31,Store 1,110,Completed,Mobile App,8.5
TXN-16431,03/05/2026 15:17,Store 2,100,Completed,Cash,20.75
TXN-16432,27/05/2026 16:41,Store 3,100,Completed,Mobile App,25.45
TXN-16433,29/05/2026 9:31,Store 3,109,Completed,Credit Card,40.37
TXN-16434,28/05/2026 8:20,Store 5,108,Completed,Credit Card,17.84
TXN-16435,23/05/2026 16:53,Store 5,109,Completed,Cash,22.52
TXN-16436,10/05/2026 11:54,Store 2,104,Completed,Credit Card,33.03
TXN-16437,11/05/2026 12:29,Store 3,110,Refund,Cash,23.56
TXN-16438,08/05/2026 19:30,Store 3,103,Completed,Cash,37.5
TXN-16439,14/05/2026 21:32,Store 2,109,Completed,Credit Card,32.74
TXN-16440,06/05/2026 17:26,Store 6,101,Completed,Credit Card,16.69
TXN-16441,10/05/2026 17:39,Store 1,110,Refund,Mobile App,24.81
TXN-16442,24/05/2026 9:54,Store 3,108,Completed,Mobile App,14.19
TXN-16443,08/05/2026 7:11,Store 5,109,Completed,Credit Card,27.67
TXN-16444,08/05/2026 18:45,Store 6,104,Completed,Credit Card,29.37
TXN-16445,20/05/2026 7:07,Store 2,110,Completed,Cash,44.1
TXN-16446,24/05/2026 21:57,Store 5,101,Completed,Mobile App,44.01
TXN-16447,06/05/2026 12:44,Store 3,101,Completed,Cash,28.86
TXN-16448,13/05/2026 15:08,Store 1,106,Completed,Mobile App,31.36
TXN-16449,03/05/2026 11:38,Store 1,108,Completed,Mobile App,39.29
TXN-16450,13/05/2026 9:36,Store 1,105,Completed,Credit Card,20.53
TXN-16451,12/05/2026 7:51,Store 3,105,Completed,Credit Card,22.54
TXN-16452,27/05/2026 15:07,Store 4,105,Void,Mobile App,27.16
TXN-16453,16/05/2026 21:33,Store 3,103,Completed,Credit Card,39.97
TXN-16454,28/05/2026 18:30,Store 2,110,Completed,Credit Card,22.59
TXN-16455,01/05/2026 20:45,Store 3,108,Completed,Mobile App,29.77
TXN-16456,18/05/2026 9:50,Store 6,102,Completed,Credit Card,15.21
TXN-16457,07/05/2026 11:42,Store 6,102,Completed,Cash,33.59
TXN-16458,14/05/2026 9:12,Store 3,108,Completed,Mobile App,6.54
TXN-16459,10/05/2026 13:35,Store 2,105,Void,Cash,17.01
TXN-16460,23/05/2026 20:34,Store 3,103,Completed,Mobile App,15.93
TXN-16461,28/05/2026 18:04,Store 6,110,Completed,Credit Card,33.97
TXN-16462,18/05/2026 14:55,Store 4,105,Completed,Credit Card,29.63
TXN-16463,27/05/2026 9:17,Store 6,106,Void,Credit Card,16.94
TXN-16464,21/05/2026 8:42,Store 3,106,Refund,Mobile App,20.24
TXN-16465,09/05/2026 7:36,Store 3,108,Completed,Mobile App,33.84
TXN-16466,15/05/2026 8:03,Store 5,109,Completed,Credit Card,42.99
TXN-16467,23/05/2026 14:07,Store 5,102,Completed,Credit Card,23.29
TXN-16468,16/05/2026 19:06,Store 3,103,Completed,Mobile App,35.19
TXN-16469,05/05/2026 15:09,Store 5,100,Completed,Cash,6.56
TXN-16470,03/05/2026 15:13,Store 5,101,Completed,Credit Card,18.96
TXN-16471,01/05/2026 12:09,Store 2,107,Refund,Cash,40.11
TXN-16472,19/05/2026 19:15,Store 6,109,Completed,Credit Card,36.43
TXN-16473,10/05/2026 14:08,Store 2,108,Completed,Mobile App,18.01
TXN-16474,19/05/2026 15:12,Store 5,100,Completed,Mobile App,5.75
TXN-16475,15/05/2026 14:47,Store 6,106,Completed,Credit Card,31.54
TXN-16476,22/05/2026 16:53,Store 3,100,Completed,Credit Card,34.16
TXN-16477,17/05/2026 11:45,Store 4,110,Completed,Credit Card,26.57
TXN-16478,27/05/2026 17:41,Store 5,110,Void,Credit Card,9.98
TXN-16479,17/05/2026 19:15,Store 3,106,Completed,Cash,38.32
TXN-16480,22/05/2026 14:29,Store 2,100,Completed,Credit Card,10.55
TXN-16481,10/05/2026 18:34,Store 5,106,Completed,Mobile App,13.07
TXN-16482,13/05/2026 11:23,Store 4,108,Completed,Cash,35.01
TXN-16483,14/05/2026 17:36,Store 3,100,Completed,Credit Card,36.14
TXN-16484,24/05/2026 20:13,Store 6,110,Completed,Credit Card,21.55
TXN-16485,09/05/2026 15:07,Store 3,109,Completed,Mobile App,20.2
TXN-16486,07/05/2026 11:36,Store 5,104,Completed,Mobile App,18.35
TXN-16487,10/05/2026 11:08,Store 2,104,Completed,Cash,40.24
TXN-16488,15/05/2026 16:26,Store 2,100,Void,Credit Card,17.92
TXN-16489,13/05/2026 11:44,Store 4,100,Completed,Mobile App,30.64
TXN-16490,06/05/2026 17:18,Store 6,105,Completed,Credit Card,41.24
TXN-16491,23/05/2026 21:43,Store 3,103,Completed,Mobile App,21.48
TXN-16492,23/05/2026 9:42,Store 1,110,Completed,Cash,34.42
TXN-16493,28/05/2026 8:27,Store 2,104,Completed,Cash,30.76
TXN-16494,04/05/2026 8:04,Store 5,100,Completed,Mobile App,19
TXN-16495,23/05/2026 11:36,Store 4,100,Completed,Credit Card,9.6
TXN-16496,14/05/2026 21:16,Store 5,101,Completed,Credit Card,37.12
TXN-16497,06/05/2026 20:04,Store 4,108,Completed,Mobile App,23.76
TXN-16498,13/05/2026 10:48,Store 5,105,Completed,Credit Card,36.97
TXN-16499,24/05/2026 17:35,Store 3,103,Completed,Cash,38.88
TXN-16500,14/05/2026 19:57,Store 1,102,Refund,Mobile App,9.71
TXN-16501,20/05/2026 13:28,Store 4,101,Completed,Mobile App,32.28
TXN-16502,10/05/2026 19:44,Store 3,103,Completed,Mobile App,29.07
TXN-16503,27/05/2026 20:43,Store 3,106,Completed,Credit Card,40.03
TXN-16504,02/05/2026 13:56,Store 5,108,Completed,Mobile App,6.97
TXN-16505,09/05/2026 20:09,Store 5,100,Completed,Mobile App,36.94
TXN-16506,20/05/2026 14:03,Store 4,109,Completed,Credit Card,34.04
TXN-16507,07/05/2026 16:46,Store 4,109,Completed,Cash,39.7
TXN-16508,16/05/2026 15:16,Store 6,109,Completed,Credit Card,26.62
TXN-16509,07/05/2026 11:52,Store 5,109,Completed,Cash,38.86
TXN-16510,16/05/2026 14:26,Store 1,101,Completed,Mobile App,10.38
TXN-16511,26/05/2026 19:23,Store 4,109,Completed,Credit Card,21.81
TXN-16512,10/05/2026 15:28,Store 2,107,Completed,Credit Card,23.31
TXN-16513,16/05/2026 11:31,Store 2,107,Completed,Cash,16.09
TXN-16514,10/05/2026 11:14,Store 1,105,Completed,Credit Card,31.79
TXN-16515,07/05/2026 19:00,Store 3,110,Completed,Cash,35.75
TXN-16516,15/05/2026 19:45,Store 2,104,Void,Credit Card,24.66
TXN-16517,01/05/2026 9:18,Store 6,108,Completed,Credit Card,22.52
TXN-16518,01/05/2026 8:06,Store 2,104,Completed,Credit Card,30.34
TXN-16519,22/05/2026 14:20,Store 4,101,Completed,Credit Card,13.72
TXN-16520,01/05/2026 16:19,Store 5,104,Void,Credit Card,32.47
TXN-16521,25/05/2026 17:18,Store 1,109,Completed,Credit Card,19.26
TXN-16522,20/05/2026 19:38,Store 2,108,Completed,Mobile App,33.15
TXN-16523,20/05/2026 12:55,Store 3,104,Completed,Credit Card,19.77
TXN-16524,01/05/2026 11:14,Store 2,101,Completed,Credit Card,21.63
TXN-16525,12/05/2026 16:51,Store 4,110,Completed,Credit Card,17.43
TXN-16526,01/05/2026 13:24,Store 3,101,Completed,Credit Card,16.52
TXN-16527,26/05/2026 15:56,Store 2,102,Completed,Mobile App,41.54
TXN-16528,28/05/2026 21:54,Store 5,109,Completed,Cash,43.51
TXN-16529,07/05/2026 8:08,Store 2,106,Completed,Mobile App,21.9
TXN-16530,09/05/2026 17:48,Store 3,101,Completed,Credit Card,29.15
TXN-16531,16/05/2026 18:19,Store 3,103,Completed,Mobile App,32.38
TXN-16532,04/05/2026 14:04,Store 1,106,Completed,Credit Card,43.16
TXN-16533,06/05/2026 16:03,Store 5,105,Completed,Credit Card,27.91
TXN-16534,19/05/2026 11:11,Store 4,106,Completed,Credit Card,40.49
TXN-16535,02/05/2026 18:52,Store 5,100,Refund,Mobile App,11.33
TXN-16536,13/05/2026 8:46,Store 4,100,Completed,Cash,23.39
TXN-16537,30/05/2026 13:20,Store 5,100,Completed,Mobile App,12.04
TXN-16538,16/05/2026 21:08,Store 6,100,Completed,Credit Card,5.34
TXN-16539,20/05/2026 21:28,Store 4,104,Completed,Credit Card,38.79
TXN-16540,08/05/2026 16:43,Store 3,103,Completed,Cash,12.59
TXN-16541,11/05/2026 12:22,Store 2,106,Discount applied,Credit Card,6.47
TXN-16542,16/05/2026 10:29,Store 6,102,Completed,Credit Card,13.9
TXN-16543,28/05/2026 19:40,Store 3,100,Completed,Credit Card,29.58
TXN-16544,07/05/2026 8:36,Store 4,104,Completed,Cash,35.67
TXN-16545,22/05/2026 10:00,Store 1,110,Completed,Cash,12.82
TXN-16546,29/05/2026 15:40,Store 3,110,Void,Mobile App,21.36
TXN-16547,10/05/2026 19:01,Store 3,103,Completed,Cash,33.13
TXN-16548,24/05/2026 11:54,Store 4,110,Completed,Credit Card,26.54
TXN-16549,01/05/2026 19:52,Store 3,103,Completed,Credit Card,36.93
TXN-16550,04/05/2026 17:13,Store 5,109,Completed,Credit Card,40.96
TXN-16551,02/05/2026 17:01,Store 4,108,Completed,Credit Card,5.38
TXN-16552,17/05/2026 21:49,Store 6,105,Completed,Mobile App,43.43
TXN-16553,01/05/2026 19:43,Store 3,103,Completed,Mobile App,7.56
TXN-16554,05/05/2026 12:47,Store 1,100,Completed,Credit Card,11.96
TXN-16555,11/05/2026 13:19,Store 4,110,Completed,Cash,38.56
TXN-16556,05/05/2026 19:32,Store 2,100,Completed,Credit Card,38.03
TXN-16557,15/05/2026 14:20,Store 1,101,Completed,Cash,35.83
TXN-16558,19/05/2026 8:00,Store 5,110,Completed,Mobile App,28.69
TXN-16559,22/05/2026 17:10,Store 6,105,Completed,Cash,16.37
TXN-16560,20/05/2026 9:23,Store 5,110,Completed,Credit Card,21.35
TXN-16561,21/05/2026 14:46,Store 2,107,Discount applied,Cash,37.73
TXN-16562,23/05/2026 13:33,Store 6,102,Completed,Credit Card,25.66
TXN-16563,27/05/2026 17:40,Store 3,103,Completed,Cash,28.82
TXN-16564,29/05/2026 19:20,Store 5,106,Completed,Cash,32.99
TXN-16565,03/05/2026 11:59,Store 2,104,Completed,Credit Card,34.56
TXN-16566,16/05/2026 9:29,Store 2,102,Completed,Credit Card,21.63
TXN-16567,21/05/2026 9:55,Store 4,109,Completed,Credit Card,40.89
TXN-16568,13/05/2026 19:41,Store 4,104,Completed,Credit Card,38.83
TXN-16569,13/05/2026 21:33,Store 3,103,Completed,Mobile App,7.68
TXN-16570,06/05/2026 7:33,Store 3,101,Completed,Cash,17.25
TXN-16571,25/05/2026 12:49,Store 1,106,Completed,Cash,36.53
TXN-16572,08/05/2026 20:08,Store 6,102,Completed,Cash,19.37
TXN-16573,07/05/2026 15:43,Store 1,104,Completed,Credit Card,25.76
TXN-16574,21/05/2026 7:16,Store 2,109,Completed,Credit Card,40
TXN-16575,01/05/2026 13:18,Store 2,107,Completed,Credit Card,33.84
TXN-16576,10/05/2026 7:16,Store 2,102,Completed,Mobile App,31.94
TXN-16577,07/05/2026 16:38,Store 2,104,Completed,Cash,38.98
TXN-16578,16/05/2026 13:29,Store 1,104,Completed,Credit Card,6
TXN-16579,09/05/2026 7:56,Store 1,110,Discount applied,Credit Card,7.07
TXN-16580,13/05/2026 15:15,Store 3,101,Void,Cash,10.4
TXN-16581,04/05/2026 20:49,Store 3,103,Completed,Mobile App,13.25
TXN-16582,28/05/2026 7:03,Store 1,106,Completed,Cash,8.51
TXN-16583,21/05/2026 9:11,Store 2,108,Completed,Credit Card,6.17
TXN-16584,08/05/2026 14:43,Store 5,108,Completed,Credit Card,19.51
TXN-16585,09/05/2026 21:34,Store 1,104,Completed,Credit Card,10.01
TXN-16586,19/05/2026 11:36,Store 2,106,Refund,Mobile App,22.11
TXN-16587,30/05/2026 8:44,Store 2,110,Void,Credit Card,24.58
TXN-16588,09/05/2026 8:42,Store 3,106,Completed,Credit Card,40.34
TXN-16589,30/05/2026 12:36,Store 2,107,Completed,Cash,28.09
TXN-16590,13/05/2026 9:26,Store 5,104,Void,Credit Card,7.39
TXN-16591,02/05/2026 8:31,Store 3,100,Void,Credit Card,29.5
TXN-16592,05/05/2026 16:41,Store 3,103,Completed,Cash,18.32
TXN-16593,20/05/2026 7:21,Store 4,108,Completed,Cash,11.09
TXN-16594,22/05/2026 15:04,Store 3,104,Completed,Cash,28.72
TXN-16595,20/05/2026 10:00,Store 5,101,Completed,Cash,6.32
TXN-16596,25/05/2026 18:59,Store 2,101,Completed,Credit Card,19.91
TXN-16597,01/05/2026 7:32,Store 2,108,Completed,Cash,27.42
TXN-16598,01/05/2026 8:52,Store 4,104,Completed,Credit Card,30
TXN-16599,30/05/2026 12:28,Store 3,102,Completed,Cash,41.42
TXN-16600,18/05/2026 19:30,Store 6,102,Completed,Credit Card,11.38
TXN-16601,03/05/2026 11:25,Store 2,101,Completed,Mobile App,26.03
TXN-16602,09/05/2026 14:22,Store 2,107,Completed,Mobile App,18.22
TXN-16603,07/05/2026 15:35,Store 2,107,Completed,Credit Card,33.77
TXN-16604,25/05/2026 8:57,Store 6,101,Completed,Credit Card,36.62
TXN-16605,14/05/2026 16:19,Store 6,101,Completed,Mobile App,32.52
TXN-16606,19/05/2026 19:35,Store 6,108,Discount applied,Cash,36.17
TXN-16607,10/05/2026 19:34,Store 5,110,Refund,Mobile App,7.54
TXN-16608,24/05/2026 14:13,Store 6,105,Completed,Cash,42.32
TXN-16609,04/05/2026 13:49,Store 2,107,Refund,Cash,35.89
TXN-16610,16/05/2026 10:24,Store 6,110,Completed,Mobile App,22.59
TXN-16611,24/05/2026 16:26,Store 6,109,Completed,Credit Card,36.28
TXN-16612,15/05/2026 8:09,Store 6,106,Completed,Credit Card,9.33
TXN-16613,01/05/2026 13:33,Store 5,110,Void,Cash,17.12
TXN-16614,19/05/2026 13:16,Store 6,108,Completed,Cash,17.5
TXN-16615,15/05/2026 9:57,Store 2,108,Completed,Cash,30.16
TXN-16616,10/05/2026 16:55,Store 5,104,Completed,Cash,43.03
TXN-16617,11/05/2026 17:27,Store 1,104,Discount applied,Credit Card,29.81
TXN-16618,24/05/2026 12:28,Store 2,102,Completed,Credit Card,26.89
TXN-16619,14/05/2026 10:50,Store 2,107,Completed,Cash,13.61
TXN-16620,23/05/2026 21:44,Store 5,105,Completed,Credit Card,31.27
TXN-16621,08/05/2026 20:49,Store 3,103,Completed,Credit Card,37.1
TXN-16622,11/05/2026 19:28,Store 4,106,Completed,Credit Card,10.29
TXN-16623,14/05/2026 7:40,Store 2,108,Void,Credit Card,27.88
TXN-16624,10/05/2026 15:00,Store 5,109,Completed,Mobile App,40.3
TXN-16625,11/05/2026 16:40,Store 2,108,Completed,Credit Card,13.68
TXN-16626,05/05/2026 21:39,Store 4,101,Completed,Credit Card,43.14
TXN-16627,24/05/2026 7:37,Store 5,101,Completed,Credit Card,23.01
TXN-16628,05/05/2026 13:35,Store 2,110,Completed,Credit Card,16
TXN-16629,28/05/2026 13:47,Store 4,105,Completed,Credit Card,28.83
TXN-16630,09/05/2026 8:34,Store 2,101,Completed,Cash,11.44
TXN-16631,25/05/2026 21:51,Store 6,110,Completed,Mobile App,40.54
TXN-16632,13/05/2026 19:48,Store 5,105,Refund,Credit Card,17.58
TXN-16633,16/05/2026 18:23,Store 1,108,Completed,Mobile App,44.57
TXN-16634,20/05/2026 9:12,Store 1,110,Completed,Mobile App,30.38
TXN-16635,28/05/2026 13:50,Store 3,110,Completed,Credit Card,25.67
TXN-16636,20/05/2026 15:47,Store 2,106,Completed,Cash,11.54
TXN-16637,26/05/2026 8:11,Store 3,104,Completed,Cash,37.61
TXN-16638,21/05/2026 15:49,Store 1,106,Completed,Credit Card,27.79
TXN-16639,27/05/2026 15:01,Store 2,110,Completed,Credit Card,21.57
TXN-16640,07/05/2026 14:20,Store 4,106,Completed,Credit Card,16.13
TXN-16641,21/05/2026 11:48,Store 3,100,Completed,Mobile App,23.56
TXN-16642,08/05/2026 15:16,Store 2,107,Completed,Cash,32.86
TXN-16643,28/05/2026 10:59,Store 2,104,Completed,Mobile App,8
TXN-16644,19/05/2026 21:24,Store 1,102,Completed,Mobile App,9.5
TXN-16645,08/05/2026 7:16,Store 5,100,Completed,Mobile App,41.1
TXN-16646,06/05/2026 15:22,Store 2,102,Completed,Mobile App,41.91
TXN-16647,22/05/2026 11:51,Store 2,107,Completed,Credit Card,37.21
TXN-16648,19/05/2026 10:39,Store 6,106,Completed,Credit Card,44.83
TXN-16649,06/05/2026 14:01,Store 5,108,Completed,Credit Card,31.68
TXN-16650,27/05/2026 20:19,Store 5,102,Completed,Cash,18.74
TXN-16651,13/05/2026 17:36,Store 2,107,Completed,Cash,33.79
TXN-16652,01/05/2026 14:03,Store 4,100,Completed,Mobile App,41.77
TXN-16653,28/05/2026 18:20,Store 6,101,Completed,Cash,12.09
TXN-16654,15/05/2026 14:46,Store 1,104,Completed,Credit Card,35.21
TXN-16655,11/05/2026 13:24,Store 1,106,Completed,Credit Card,22.74
TXN-16656,15/05/2026 23:28,Store 3,103,Refund,Cash,39.76
TXN-16657,30/05/2026 10:28,Store 3,109,Completed,Credit Card,15.97
TXN-16658,28/05/2026 8:51,Store 4,106,Completed,Cash,38.57
TXN-16659,07/05/2026 16:05,Store 3,110,Completed,Cash,13.18
TXN-16660,26/05/2026 18:31,Store 3,103,Completed,Credit Card,33.58
TXN-16661,11/05/2026 18:22,Store 6,104,Completed,Mobile App,40.48
TXN-16662,26/05/2026 21:27,Store 3,103,Completed,Mobile App,29.7
TXN-16663,06/05/2026 16:47,Store 1,109,Completed,Cash,13.64
TXN-16664,24/05/2026 16:41,Store 5,110,Completed,Credit Card,41.9
TXN-16665,01/05/2026 10:20,Store 1,106,Completed,Credit Card,11.74
TXN-16666,05/05/2026 14:43,Store 1,108,Completed,Cash,33.22
TXN-16667,19/05/2026 12:56,Store 5,105,Completed,Credit Card,13.88
TXN-16668,23/05/2026 16:51,Store 4,104,Completed,Credit Card,16.45
TXN-16669,13/05/2026 19:56,Store 2,110,Completed,Credit Card,24.94
TXN-16670,22/05/2026 19:35,Store 3,105,Refund,Credit Card,21.06
TXN-16671,04/05/2026 19:00,Store 3,105,Completed,Credit Card,30.55
TXN-16672,04/05/2026 9:37,Store 1,102,Completed,Mobile App,12.68
TXN-16673,05/05/2026 8:20,Store 3,109,Completed,Credit Card,15.42
TXN-16674,05/05/2026 13:52,Store 5,105,Refund,Cash,15.86
TXN-16675,11/05/2026 10:25,Store 1,102,Void,Cash,5.64
TXN-16676,02/05/2026 12:17,Store 5,100,Completed,Cash,10.76
TXN-16677,12/05/2026 21:07,Store 4,106,Completed,Cash,7.23
TXN-16678,13/05/2026 9:50,Store 6,109,Completed,Mobile App,18.34
TXN-16679,18/05/2026 14:48,Store 5,109,Completed,Credit Card,25.17
TXN-16680,02/05/2026 19:42,Store 3,103,Completed,Cash,23.79
TXN-16681,27/05/2026 15:52,Store 6,109,Refund,Credit Card,8.22
TXN-16682,02/05/2026 11:38,Store 3,102,Completed,Credit Card,11.19
TXN-16683,11/05/2026 9:07,Store 4,100,Discount applied,Mobile App,10.74
TXN-16684,30/05/2026 9:35,Store 4,106,Completed,Credit Card,6.26
TXN-16685,19/05/2026 21:43,Store 5,104,Completed,Credit Card,38.7
TXN-16686,07/05/2026 19:30,Store 2,101,Completed,Cash,24.95
TXN-16687,06/05/2026 19:18,Store 5,110,Completed,Credit Card,24.5
TXN-16688,07/05/2026 12:34,Store 3,108,Completed,Cash,39.95
TXN-16689,27/05/2026 10:44,Store 5,105,Discount applied,Mobile App,19.38
TXN-16690,30/05/2026 16:02,Store 2,107,Completed,Mobile App,23.02
TXN-16691,24/05/2026 19:39,Store 3,103,Completed,Cash,39.17
TXN-16692,12/05/2026 11:35,Store 4,101,Completed,Credit Card,39.08
TXN-16693,05/05/2026 7:23,Store 5,106,Completed,Credit Card,21.3
TXN-16694,30/05/2026 14:13,Store 3,101,Completed,Mobile App,38.67
TXN-16695,28/05/2026 8:23,Store 3,108,Completed,Cash,38.6
TXN-16696,22/05/2026 19:45,Store 4,100,Completed,Mobile App,36.98
TXN-16697,21/05/2026 14:12,Store 2,107,Completed,Mobile App,24.36
TXN-16698,29/05/2026 8:11,Store 2,109,Completed,Cash,17.88
TXN-16699,25/05/2026 16:13,Store 5,108,Completed,Mobile App,26.74
TXN-16700,07/05/2026 20:37,Store 6,110,Completed,Mobile App,30.08
TXN-16701,12/05/2026 9:18,Store 2,105,Completed,Mobile App,26.64
TXN-16702,07/05/2026 8:18,Store 1,101,Completed,Credit Card,12.4
TXN-16703,12/05/2026 19:25,Store 5,108,Completed,Credit Card,16.84
TXN-16704,09/05/2026 18:52,Store 3,103,Completed,Mobile App,37.63
TXN-16705,01/05/2026 20:50,Store 3,102,Completed,Mobile App,39.61
TXN-16706,15/05/2026 20:51,Store 3,103,Completed,Cash,32.91
TXN-16707,07/05/2026 12:39,Store 6,104,Completed,Cash,8.39
TXN-16708,17/05/2026 8:36,Store 1,109,Completed,Cash,21.54
TXN-16709,25/05/2026 17:58,Store 2,107,Completed,Mobile App,20.43
TXN-16710,08/05/2026 16:20,Store 4,106,Completed,Cash,28.6
TXN-16711,27/05/2026 9:50,Store 2,107,Completed,Cash,16.52
TXN-16712,30/05/2026 18:12,Store 3,101,Completed,Credit Card,31.34
TXN-16713,01/05/2026 7:06,Store 6,100,Completed,Cash,42.53
TXN-16714,18/05/2026 12:21,Store 4,104,Completed,Credit Card,28.54
TXN-16715,01/05/2026 7:57,Store 4,101,Completed,Mobile App,33.09
TXN-16716,09/05/2026 11:04,Store 1,101,Completed,Cash,11.42
TXN-16717,27/05/2026 13:01,Store 2,100,Discount applied,Credit Card,9.63
TXN-16718,19/05/2026 18:19,Store 4,110,Completed,Credit Card,12.37
TXN-16719,04/05/2026 14:43,Store 3,110,Refund,Mobile App,23.97
TXN-16720,02/05/2026 13:23,Store 2,105,Completed,Credit Card,39.9
TXN-16721,30/05/2026 8:42,Store 6,108,Completed,Credit Card,25.25
TXN-16722,11/05/2026 9:13,Store 5,105,Refund,Credit Card,10.59
TXN-16723,13/05/2026 8:42,Store 4,101,Completed,Credit Card,35.92
TXN-16724,11/05/2026 17:38,Store 6,109,Completed,Mobile App,14.22
TXN-16725,27/05/2026 11:14,Store 6,105,Completed,Cash,29.93
TXN-16726,03/05/2026 11:09,Store 2,107,Completed,Credit Card,7.28
TXN-16727,16/05/2026 20:53,Store 1,108,Completed,Cash,13.82
TXN-16728,08/05/2026 13:38,Store 2,101,Refund,Credit Card,15.5
TXN-16729,17/05/2026 15:22,Store 6,109,Void,Credit Card,8.75
TXN-16730,08/05/2026 13:19,Store 3,102,Completed,Cash,39.87
TXN-16731,30/05/2026 17:37,Store 2,106,Completed,Credit Card,32.95
TXN-16732,19/05/2026 17:50,Store 5,100,Refund,Mobile App,23.83
TXN-16733,28/05/2026 11:49,Store 2,106,Completed,Credit Card,20.14
TXN-16734,27/05/2026 19:30,Store 5,104,Refund,Credit Card,16.67
TXN-16735,18/05/2026 19:47,Store 5,108,Completed,Cash,27.6
TXN-16736,21/05/2026 12:32,Store 2,107,Completed,Mobile App,37.13
TXN-16737,03/05/2026 11:13,Store 4,104,Completed,Credit Card,42.53
TXN-16738,08/05/2026 21:16,Store 1,101,Completed,Mobile App,39.93
TXN-16739,21/05/2026 10:16,Store 2,101,Refund,Credit Card,8.43
TXN-16740,01/05/2026 15:06,Store 2,109,Completed,Cash,6.79
TXN-16741,15/05/2026 14:38,Store 1,106,Completed,Credit Card,24.8
TXN-16742,21/05/2026 8:49,Store 3,104,Completed,Mobile App,6.24
TXN-16743,24/05/2026 7:33,Store 1,100,Completed,Credit Card,41.84
TXN-16744,08/05/2026 10:30,Store 5,108,Completed,Credit Card,11.25
TXN-16745,12/05/2026 18:50,Store 6,100,Void,Credit Card,18.2
TXN-16746,03/05/2026 11:58,Store 2,100,Completed,Credit Card,5.42
TXN-16747,24/05/2026 16:02,Store 2,105,Completed,Mobile App,14.06
TXN-16748,19/05/2026 17:43,Store 2,107,Completed,Cash,34.52
TXN-16749,25/05/2026 17:12,Store 2,107,Completed,Cash,38.03
TXN-16750,04/05/2026 8:20,Store 6,101,Completed,Credit Card,12.55
TXN-16751,22/05/2026 15:22,Store 1,104,Completed,Credit Card,27.41
TXN-16752,09/05/2026 20:48,Store 4,105,Completed,Cash,31.52
TXN-16753,25/05/2026 10:49,Store 1,110,Completed,Cash,27.75
TXN-16754,11/05/2026 21:53,Store 6,101,Completed,Credit Card,37.03
TXN-16755,24/05/2026 11:41,Store 6,109,Completed,Credit Card,10.19
TXN-16756,04/05/2026 21:12,Store 3,103,Completed,Credit Card,29.64
TXN-16757,05/05/2026 16:32,Store 6,102,Completed,Cash,10.78
TXN-16758,11/05/2026 7:47,Store 2,101,Completed,Cash,16.93
TXN-16759,22/05/2026 10:17,Store 2,104,Completed,Credit Card,39.59
TXN-16760,22/05/2026 16:11,Store 2,105,Completed,Cash,13.2
TXN-16761,26/05/2026 20:47,Store 3,103,Completed,Cash,10.11
TXN-16762,25/05/2026 12:04,Store 4,102,Completed,Cash,11.8
TXN-16763,30/05/2026 15:39,Store 5,105,Completed,Mobile App,35.54
TXN-16764,25/05/2026 17:23,Store 1,104,Void,Credit Card,5.97
TXN-16765,20/05/2026 8:16,Store 6,109,Void,Cash,7.25
TXN-16766,12/05/2026 15:19,Store 3,109,Completed,Credit Card,15.94
TXN-16767,19/05/2026 19:36,Store 3,103,Completed,Mobile App,11.71
TXN-16768,02/05/2026 11:00,Store 4,100,Completed,Credit Card,37.05
TXN-16769,18/05/2026 18:52,Store 4,101,Refund,Cash,17.51
TXN-16770,30/05/2026 17:02,Store 3,101,Completed,Cash,9.92
TXN-16771,21/05/2026 18:29,Store 6,109,Completed,Mobile App,13.04
TXN-16772,30/05/2026 10:39,Store 5,102,Completed,Credit Card,40.12
TXN-16773,02/05/2026 12:17,Store 2,107,Completed,Cash,38.28
TXN-16774,02/05/2026 16:51,Store 2,110,Completed,Credit Card,29.32
TXN-16775,04/05/2026 16:03,Store 6,110,Completed,Mobile App,35.12
TXN-16776,27/05/2026 10:30,Store 2,101,Completed,Cash,32.89
TXN-16777,17/05/2026 20:02,Store 3,100,Completed,Cash,40.68
TXN-16778,23/05/2026 21:42,Store 3,108,Completed,Mobile App,11.48
TXN-16779,24/05/2026 8:38,Store 3,100,Completed,Cash,11.05
TXN-16780,12/05/2026 19:54,Store 5,101,Completed,Mobile App,14.14
TXN-16781,13/05/2026 14:02,Store 2,107,Completed,Cash,14.9
TXN-16782,22/05/2026 14:49,Store 1,101,Void,Credit Card,20.33
TXN-16783,28/05/2026 15:40,Store 3,109,Completed,Cash,26.76
TXN-16784,18/05/2026 13:27,Store 2,106,Completed,Cash,20.2
TXN-16785,25/05/2026 13:33,Store 2,107,Completed,Credit Card,12.45
TXN-16786,25/05/2026 14:25,Store 6,105,Completed,Credit Card,7.01
TXN-16787,26/05/2026 9:10,Store 2,107,Completed,Credit Card,31.71
TXN-16788,26/05/2026 16:18,Store 3,104,Completed,Credit Card,40.48
TXN-16789,17/05/2026 7:25,Store 2,108,Refund,Mobile App,13.71
TXN-16790,12/05/2026 16:58,Store 6,108,Discount applied,Credit Card,22.48
TXN-16791,03/05/2026 10:03,Store 1,109,Completed,Credit Card,13.17
TXN-16792,15/05/2026 21:56,Store 3,109,Completed,Mobile App,18.22
TXN-16793,05/05/2026 14:14,Store 2,107,Completed,Credit Card,30.99
TXN-16794,30/05/2026 9:33,Store 2,110,Completed,Mobile App,8.35
TXN-16795,27/05/2026 12:37,Store 1,100,Refund,Cash,12
TXN-16796,18/05/2026 20:03,Store 3,103,Completed,Credit Card,28.36
TXN-16797,21/05/2026 20:31,Store 2,100,Completed,Cash,33.61
TXN-16798,14/05/2026 15:18,Store 2,108,Void,Mobile App,11.51
TXN-16799,29/05/2026 19:48,Store 6,108,Completed,Mobile App,37.34
TXN-16800,12/05/2026 15:53,Store 3,101,Completed,Mobile App,34.41
TXN-16801,01/05/2026 17:35,Store 1,110,Completed,Mobile App,34.84
TXN-16802,03/05/2026 12:46,Store 3,106,Completed,Credit Card,21.21
TXN-16803,27/05/2026 18:31,Store 4,110,Completed,Mobile App,18.26
TXN-16804,22/05/2026 16:37,Store 4,101,Completed,Credit Card,19.59
TXN-16805,28/05/2026 12:45,Store 3,110,Completed,Credit Card,6.99
TXN-16806,21/05/2026 19:56,Store 4,104,Completed,Credit Card,23.12
TXN-16807,30/05/2026 20:57,Store 1,105,Completed,Credit Card,43.51
TXN-16808,05/05/2026 7:23,Store 5,109,Completed,Cash,37.96
TXN-16809,24/05/2026 16:53,Store 6,109,Completed,Credit Card,44.89
TXN-16810,06/05/2026 9:57,Store 6,109,Completed,Cash,44.87
TXN-16811,23/05/2026 14:48,Store 2,105,Completed,Credit Card,8.97
TXN-16812,20/05/2026 18:18,Store 3,108,Completed,Cash,17.38
TXN-16813,09/05/2026 20:20,Store 3,103,Completed,Mobile App,17.75
TXN-16814,01/05/2026 13:02,Store 5,106,Completed,Mobile App,16.52
TXN-16815,23/05/2026 13:24,Store 2,107,Completed,Credit Card,24.4
TXN-16816,05/05/2026 16:34,Store 5,109,Completed,Credit Card,26.17
TXN-16817,07/05/2026 15:21,Store 4,100,Completed,Credit Card,35.23
TXN-16818,03/05/2026 10:31,Store 4,106,Completed,Credit Card,26.4
TXN-16819,08/05/2026 19:11,Store 3,101,Completed,Credit Card,5.22
TXN-16820,28/05/2026 12:33,Store 2,109,Completed,Credit Card,8.17
TXN-16821,13/05/2026 20:27,Store 3,103,Completed,Credit Card,6.72
TXN-16822,24/05/2026 12:42,Store 4,108,Completed,Cash,28.22
TXN-16823,17/05/2026 16:50,Store 2,106,Completed,Credit Card,39.42
TXN-16824,29/05/2026 15:41,Store 3,108,Completed,Credit Card,14.64
TXN-16825,02/05/2026 11:55,Store 6,100,Completed,Credit Card,44.15
TXN-16826,02/05/2026 11:23,Store 4,104,Completed,Cash,18.66
TXN-16827,04/05/2026 12:56,Store 5,100,Completed,Cash,36.21
TXN-16828,03/05/2026 19:22,Store 4,101,Completed,Mobile App,35.08
TXN-16829,02/05/2026 16:22,Store 3,106,Completed,Credit Card,25.09
TXN-16830,11/05/2026 15:02,Store 6,109,Completed,Cash,37.58
TXN-16831,25/05/2026 10:28,Store 5,105,Completed,Mobile App,7.69
TXN-16832,07/05/2026 13:04,Store 2,105,Completed,Cash,6.31
TXN-16833,08/05/2026 19:04,Store 1,105,Completed,Credit Card,22.78
TXN-16834,08/05/2026 9:37,Store 6,100,Void,Credit Card,25.2
TXN-16835,28/05/2026 13:48,Store 3,104,Completed,Credit Card,30.45
TXN-16836,01/05/2026 8:52,Store 3,102,Completed,Credit Card,16.04
TXN-16837,04/05/2026 11:47,Store 3,110,Completed,Credit Card,34.45
TXN-16838,23/05/2026 15:04,Store 1,109,Completed,Credit Card,10.96
TXN-16839,06/05/2026 15:44,Store 1,109,Completed,Cash,37.47
TXN-16840,01/05/2026 16:57,Store 5,109,Discount applied,Credit Card,17.78
TXN-16841,14/05/2026 14:21,Store 1,102,Void,Credit Card,10.61
TXN-16842,16/05/2026 10:24,Store 5,109,Completed,Credit Card,15.95
TXN-16843,23/05/2026 15:45,Store 3,104,Completed,Mobile App,27.9
TXN-16844,20/05/2026 21:13,Store 6,108,Completed,Cash,14.22
TXN-16845,07/05/2026 16:13,Store 1,109,Completed,Cash,34.72
TXN-16846,26/05/2026 13:53,Store 4,109,Completed,Credit Card,21.6
TXN-16847,09/05/2026 20:53,Store 6,104,Completed,Cash,36.06
TXN-16848,23/05/2026 10:33,Store 6,100,Completed,Cash,24.81
TXN-16849,12/05/2026 14:36,Store 2,109,Completed,Cash,10.75
TXN-16850,14/05/2026 12:43,Store 4,100,Refund,Credit Card,17.21
TXN-16851,20/05/2026 7:00,Store 1,104,Completed,Cash,41.51
TXN-16852,21/05/2026 7:09,Store 4,109,Completed,Cash,25.68
TXN-16853,01/05/2026 15:45,Store 4,110,Completed,Credit Card,15.27
TXN-16854,06/05/2026 7:06,Store 2,108,Refund,Credit Card,13.19
TXN-16855,16/05/2026 18:34,Store 3,103,Completed,Cash,13.3
TXN-16856,22/05/2026 8:38,Store 3,109,Completed,Credit Card,29.32
TXN-16857,15/05/2026 18:55,Store 3,104,Completed,Cash,26.61
TXN-16858,05/05/2026 21:46,Store 1,102,Void,Mobile App,16.84
TXN-16859,29/05/2026 13:18,Store 3,101,Completed,Credit Card,13.27
TXN-16860,08/05/2026 10:23,Store 3,104,Refund,Cash,19.21
TXN-16861,15/05/2026 18:36,Store 3,103,Completed,Credit Card,23.07
TXN-16862,03/05/2026 10:57,Store 1,100,Completed,Credit Card,8.68
TXN-16863,12/05/2026 17:55,Store 6,100,Completed,Credit Card,10.39
TXN-16864,17/05/2026 14:51,Store 3,104,Completed,Credit Card,30.74
TXN-16865,25/05/2026 19:02,Store 4,109,Completed,Cash,13.23
TXN-16866,15/05/2026 21:33,Store 4,106,Completed,Credit Card,7.56
TXN-16867,24/05/2026 16:38,Store 3,109,Completed,Credit Card,15.84
TXN-16868,23/05/2026 13:21,Store 1,104,Completed,Credit Card,15.56
TXN-16869,29/05/2026 9:22,Store 2,102,Completed,Mobile App,11.93
TXN-16870,30/05/2026 7:51,Store 2,110,Completed,Credit Card,7.92
TXN-16871,21/05/2026 9:33,Store 5,109,Void,Cash,7.52
TXN-16872,29/05/2026 8:47,Store 2,109,Completed,Cash,23.43
TXN-16873,19/05/2026 20:24,Store 3,103,Completed,Credit Card,37.74
TXN-16874,30/05/2026 12:50,Store 4,106,Completed,Mobile App,9.22
TXN-16875,22/05/2026 19:53,Store 3,100,Completed,Cash,25.82
TXN-16876,26/05/2026 8:34,Store 4,106,Completed,Credit Card,9.57
TXN-16877,21/05/2026 12:53,Store 5,108,Completed,Credit Card,34.69
TXN-16878,15/05/2026 17:42,Store 2,100,Completed,Cash,23.64
TXN-16879,25/05/2026 14:26,Store 3,106,Void,Credit Card,8.07
TXN-16880,26/05/2026 13:56,Store 3,105,Completed,Credit Card,30.34
TXN-16881,09/05/2026 12:46,Store 5,100,Completed,Credit Card,25.67
TXN-16882,21/05/2026 12:21,Store 3,110,Completed,Cash,25.38
TXN-16883,01/05/2026 16:44,Store 5,105,Completed,Credit Card,6.54
TXN-16884,01/05/2026 14:56,Store 2,107,Completed,Credit Card,25.56
TXN-16885,03/05/2026 10:00,Store 5,101,Completed,Mobile App,14.5
TXN-16886,26/05/2026 9:17,Store 6,104,Completed,Mobile App,41.32
TXN-16887,23/05/2026 10:17,Store 1,106,Completed,Credit Card,20.88
TXN-16888,21/05/2026 19:59,Store 2,104,Completed,Credit Card,19.26
TXN-16889,10/05/2026 17:46,Store 2,107,Completed,Cash,39.13
TXN-16890,23/05/2026 15:24,Store 6,108,Completed,Mobile App,29.69
TXN-16891,23/05/2026 7:33,Store 4,104,Completed,Cash,27.13
TXN-16892,01/05/2026 19:34,Store 4,102,Completed,Cash,34.62
TXN-16893,30/05/2026 16:41,Store 2,106,Completed,Mobile App,22.84
TXN-16894,04/05/2026 20:52,Store 1,102,Completed,Credit Card,10.46
TXN-16895,27/05/2026 19:09,Store 5,104,Completed,Cash,41.94
TXN-16896,13/05/2026 18:55,Store 3,103,Completed,Credit Card,38.18
TXN-16897,29/05/2026 7:52,Store 2,109,Completed,Cash,21.59
TXN-16898,23/05/2026 17:19,Store 5,108,Completed,Credit Card,26.54
TXN-16899,14/05/2026 20:06,Store 3,101,Completed,Cash,25.96
TXN-16900,07/05/2026 21:19,Store 4,100,Completed,Credit Card,35.04
TXN-16901,17/05/2026 13:38,Store 3,102,Completed,Mobile App,40.14
TXN-16902,05/05/2026 18:56,Store 5,102,Completed,Cash,37.9
TXN-16903,04/05/2026 14:51,Store 5,108,Completed,Mobile App,27.84
TXN-16904,26/05/2026 16:00,Store 2,106,Completed,Cash,29.61
TXN-16905,04/05/2026 19:55,Store 3,103,Completed,Credit Card,17.3
TXN-16906,13/05/2026 15:28,Store 1,104,Completed,Cash,20.74
TXN-16907,13/05/2026 20:39,Store 2,105,Completed,Credit Card,42.6
TXN-16908,11/05/2026 20:27,Store 3,103,Completed,Credit Card,24.87
TXN-16909,15/05/2026 18:49,Store 2,105,Completed,Cash,6.71
TXN-16910,30/05/2026 12:00,Store 2,107,Completed,Cash,23.24
TXN-16911,11/05/2026 7:31,Store 5,106,Completed,Credit Card,22.69
TXN-16912,13/05/2026 8:29,Store 3,100,Completed,Mobile App,30.73
TXN-16913,17/05/2026 9:32,Store 3,108,Completed,Credit Card,15.83
TXN-16914,03/05/2026 18:52,Store 3,103,Completed,Cash,19.78
TXN-16915,20/05/2026 16:00,Store 2,108,Completed,Credit Card,17.93
TXN-16916,19/05/2026 14:36,Store 6,106,Completed,Credit Card,32.44
TXN-16917,22/05/2026 11:35,Store 5,110,Completed,Cash,42.24
TXN-16918,29/05/2026 12:16,Store 4,101,Completed,Credit Card,44.52
TXN-16919,23/05/2026 13:48,Store 4,100,Completed,Cash,32.46
TXN-16920,30/05/2026 12:10,Store 4,105,Completed,Credit Card,42.5
TXN-16921,27/05/2026 7:33,Store 2,105,Completed,Credit Card,44.27
TXN-16922,26/05/2026 20:20,Store 6,109,Discount applied,Cash,32.83
TXN-16923,29/05/2026 18:58,Store 3,103,Completed,Mobile App,6.11
TXN-16924,23/05/2026 14:28,Store 2,100,Completed,Cash,41.28
TXN-16925,21/05/2026 9:38,Store 1,100,Completed,Cash,37.52
TXN-16926,27/05/2026 20:37,Store 2,100,Completed,Cash,44.78
TXN-16927,19/05/2026 13:51,Store 1,104,Completed,Mobile App,21.88
TXN-16928,21/05/2026 21:42,Store 4,100,Completed,Credit Card,41.22
TXN-16929,15/05/2026 19:55,Store 2,101,Completed,Mobile App,31.09
TXN-16930,11/05/2026 7:27,Store 2,102,Completed,Mobile App,26.18
TXN-16931,02/05/2026 18:44,Store 3,103,Completed,Cash,33.36
TXN-16932,21/05/2026 16:14,Store 2,107,Completed,Cash,34.83
TXN-16933,26/05/2026 13:23,Store 3,100,Completed,Credit Card,11
TXN-16934,08/05/2026 17:26,Store 3,103,Completed,Cash,33.19
TXN-16935,03/05/2026 7:46,Store 6,104,Completed,Credit Card,21.18
TXN-16936,05/05/2026 14:52,Store 3,109,Completed,Cash,10.27
TXN-16937,17/05/2026 9:10,Store 6,101,Completed,Credit Card,5.05
TXN-16938,28/05/2026 9:49,Store 1,106,Completed,Cash,25.04
TXN-16939,19/05/2026 20:47,Store 6,109,Completed,Credit Card,19.99
TXN-16940,11/05/2026 11:29,Store 2,107,Discount applied,Cash,16.99
TXN-16941,07/05/2026 19:43,Store 6,110,Completed,Credit Card,7.86
TXN-16942,11/05/2026 12:39,Store 1,102,Completed,Credit Card,22.35
TXN-16943,27/05/2026 7:22,Store 6,110,Refund,Mobile App,22.82
TXN-16944,24/05/2026 16:40,Store 2,107,Completed,Cash,19.58
TXN-16945,07/05/2026 17:09,Store 3,103,Completed,Cash,9.31
TXN-16946,22/05/2026 18:02,Store 3,103,Completed,Mobile App,30.82
TXN-16947,22/05/2026 19:27,Store 6,110,Completed,Cash,31.21
TXN-16948,13/05/2026 20:40,Store 1,102,Completed,Credit Card,25.51
TXN-16949,06/05/2026 13:07,Store 1,105,Completed,Mobile App,44.91
TXN-16950,25/05/2026 11:27,Store 4,106,Completed,Mobile App,6.47
TXN-16951,08/05/2026 10:15,Store 3,110,Refund,Credit Card,22.99
TXN-16952,25/05/2026 12:28,Store 4,106,Completed,Credit Card,29.39
TXN-16953,12/05/2026 9:56,Store 2,108,Completed,Credit Card,27.05
TXN-16954,02/05/2026 21:08,Store 3,102,Completed,Cash,43.28
TXN-16955,22/05/2026 14:56,Store 4,100,Completed,Mobile App,24.59
TXN-16956,07/05/2026 18:28,Store 6,104,Completed,Mobile App,26.86
TXN-16957,17/05/2026 8:06,Store 1,104,Completed,Credit Card,12.58
TXN-16958,06/05/2026 16:57,Store 3,110,Completed,Cash,32.15
TXN-16959,13/05/2026 16:22,Store 6,100,Completed,Credit Card,22.51
TXN-16960,23/05/2026 11:13,Store 2,107,Completed,Credit Card,37.58
TXN-16961,01/05/2026 17:26,Store 3,109,Completed,Credit Card,24.93
TXN-16962,09/05/2026 14:53,Store 2,108,Completed,Cash,6.01
TXN-16963,17/05/2026 19:51,Store 6,100,Discount applied,Cash,28.6
TXN-16964,20/05/2026 11:03,Store 1,106,Completed,Credit Card,9.21
TXN-16965,18/05/2026 19:33,Store 5,105,Discount applied,Credit Card,5.21
TXN-16966,08/05/2026 10:44,Store 2,106,Completed,Mobile App,43.66
TXN-16967,23/05/2026 17:05,Store 6,110,Void,Credit Card,28.97
TXN-16968,10/05/2026 8:25,Store 3,104,Completed,Credit Card,8.04
TXN-16969,16/05/2026 15:31,Store 5,104,Completed,Cash,10.32
TXN-16970,07/05/2026 18:33,Store 6,104,Completed,Credit Card,28.3
TXN-16971,01/05/2026 15:25,Store 6,102,Completed,Credit Card,31.66
TXN-16972,18/05/2026 13:30,Store 4,106,Completed,Mobile App,18.62
TXN-16973,07/05/2026 11:10,Store 2,107,Completed,Cash,35.04
TXN-16974,21/05/2026 13:45,Store 2,107,Discount applied,Cash,25.08
TXN-16975,19/05/2026 17:13,Store 3,103,Completed,Cash,15.56
TXN-16976,27/05/2026 19:55,Store 5,108,Completed,Credit Card,16.88
TXN-16977,26/05/2026 21:06,Store 2,100,Completed,Mobile App,38.28
TXN-16978,20/05/2026 14:48,Store 5,102,Void,Credit Card,18.68
TXN-16979,27/05/2026 20:05,Store 1,109,Completed,Mobile App,16.8
TXN-16980,26/05/2026 16:35,Store 5,106,Completed,Credit Card,20.92
TXN-16981,11/05/2026 12:07,Store 3,105,Completed,Cash,44.33
TXN-16982,10/05/2026 9:37,Store 2,109,Refund,Cash,7.48
TXN-16983,03/05/2026 11:24,Store 3,109,Completed,Credit Card,42.84
TXN-16984,19/05/2026 10:01,Store 3,102,Completed,Mobile App,37.03
TXN-16985,16/05/2026 8:21,Store 4,104,Completed,Cash,26.11
TXN-16986,18/05/2026 11:20,Store 2,104,Completed,Credit Card,5.13
TXN-16987,20/05/2026 13:18,Store 4,109,Completed,Cash,23.27
TXN-16988,02/05/2026 21:10,Store 3,102,Completed,Cash,17.31
TXN-16989,17/05/2026 9:03,Store 3,101,Completed,Credit Card,21.56
TXN-16990,25/05/2026 12:01,Store 5,108,Completed,Credit Card,23.02
TXN-16991,26/05/2026 9:46,Store 3,104,Completed,Cash,40.7
TXN-16992,23/05/2026 17:06,Store 3,102,Completed,Credit Card,25.14
TXN-16993,20/05/2026 19:53,Store 6,108,Completed,Mobile App,29.71
TXN-16994,20/05/2026 7:22,Store 2,109,Completed,Mobile App,11.59
TXN-16995,04/05/2026 13:00,Store 2,107,Completed,Credit Card,24.48
TXN-16996,10/05/2026 15:05,Store 3,104,Completed,Cash,37.81
TXN-16997,18/05/2026 8:41,Store 3,104,Void,Credit Card,22.4
TXN-16998,17/05/2026 16:58,Store 3,103,Completed,Mobile App,9.58
TXN-16999,07/05/2026 12:15,Store 3,106,Completed,Credit Card,7.75
TXN-17000,22/05/2026 7:06,Store 1,108,Completed,Credit Card,9.17
TXN-17001,09/05/2026 9:42,Store 4,102,Completed,Cash,40.99
TXN-17002,01/05/2026 21:13,Store 3,103,Completed,Cash,30.41
TXN-17003,12/05/2026 9:59,Store 2,108,Completed,Credit Card,22.68
TXN-17004,20/05/2026 15:42,Store 1,110,Void,Cash,34.04
TXN-17005,27/05/2026 13:00,Store 3,105,Completed,Credit Card,11.22
TXN-17006,07/05/2026 12:44,Store 6,105,Completed,Mobile App,34.73
TXN-17007,14/05/2026 14:46,Store 3,106,Completed,Credit Card,10.51
TXN-17008,20/05/2026 16:24,Store 2,105,Completed,Cash,18.71
TXN-17009,27/05/2026 17:10,Store 5,106,Completed,Credit Card,25.56
TXN-17010,11/05/2026 10:00,Store 1,101,Completed,Credit Card,36.94
TXN-17011,03/05/2026 15:54,Store 4,104,Completed,Credit Card,44.82
TXN-17012,15/05/2026 9:57,Store 2,101,Completed,Cash,33.56
TXN-17013,19/05/2026 7:01,Store 1,100,Completed,Cash,8.3
TXN-17014,01/05/2026 19:46,Store 1,106,Completed,Mobile App,7.38
TXN-17015,30/05/2026 13:47,Store 2,107,Completed,Mobile App,25.65
TXN-17016,14/05/2026 18:08,Store 4,109,Completed,Credit Card,40.72
TXN-17017,04/05/2026 14:13,Store 4,104,Completed,Mobile App,35.53
TXN-17018,24/05/2026 18:15,Store 4,101,Completed,Cash,44.96
TXN-17019,28/05/2026 21:29,Store 4,109,Completed,Credit Card,35.02
TXN-17020,05/05/2026 15:05,Store 5,101,Completed,Credit Card,39.93
TXN-17021,25/05/2026 15:52,Store 1,105,Completed,Mobile App,35.27
TXN-17022,23/05/2026 14:10,Store 3,109,Completed,Credit Card,27.24
TXN-17023,03/05/2026 21:48,Store 3,109,Completed,Mobile App,15.05
TXN-17024,10/05/2026 16:37,Store 3,101,Completed,Credit Card,27.83
TXN-17025,21/05/2026 19:41,Store 1,110,Completed,Credit Card,5
TXN-17026,25/05/2026 9:54,Store 4,106,Completed,Cash,35.06
TXN-17027,21/05/2026 16:00,Store 3,108,Completed,Cash,24.69
TXN-17028,02/05/2026 13:55,Store 2,107,Completed,Mobile App,31.5
TXN-17029,11/05/2026 17:12,Store 2,108,Completed,Cash,22.35
TXN-17030,25/05/2026 16:48,Store 2,107,Refund,Cash,44.13
TXN-17031,11/05/2026 20:50,Store 1,100,Completed,Credit Card,20.91
TXN-17032,24/05/2026 17:30,Store 1,106,Completed,Credit Card,37.27
TXN-17033,25/05/2026 9:13,Store 5,110,Completed,Mobile App,13.68
TXN-17034,06/05/2026 8:43,Store 4,106,Refund,Credit Card,14.74
TXN-17035,12/05/2026 8:00,Store 3,105,Completed,Credit Card,21.08
TXN-17036,25/05/2026 11:32,Store 2,105,Completed,Cash,19.46
TXN-17037,22/05/2026 15:20,Store 3,108,Completed,Cash,30
TXN-17038,01/05/2026 16:27,Store 2,100,Completed,Cash,26.12
TXN-17039,19/05/2026 14:34,Store 3,106,Completed,Mobile App,39.08
TXN-17040,26/05/2026 12:03,Store 2,108,Discount applied,Credit Card,35.74
TXN-17041,03/05/2026 12:22,Store 5,110,Completed,Credit Card,18
TXN-17042,17/05/2026 13:45,Store 2,104,Completed,Credit Card,5.76
TXN-17043,29/05/2026 10:37,Store 4,109,Void,Mobile App,9.51
TXN-17044,04/05/2026 7:31,Store 4,100,Completed,Cash,19.17
TXN-17045,07/05/2026 21:30,Store 5,106,Completed,Credit Card,44.77
TXN-17046,16/05/2026 17:25,Store 6,104,Completed,Credit Card,28.36
TXN-17047,17/05/2026 7:21,Store 1,104,Completed,Credit Card,13.94
TXN-17048,13/05/2026 13:34,Store 2,108,Completed,Credit Card,36.35
TXN-17049,08/05/2026 8:25,Store 3,105,Discount applied,Credit Card,25.11
TXN-17050,25/05/2026 19:51,Store 1,100,Completed,Cash,20.18
TXN-17051,09/05/2026 18:58,Store 5,104,Completed,Mobile App,38.71
TXN-17052,12/05/2026 15:54,Store 5,108,Completed,Credit Card,13.92
TXN-17053,26/05/2026 20:53,Store 1,102,Completed,Cash,41.49
TXN-17054,27/05/2026 15:55,Store 4,110,Completed,Cash,5.63
TXN-17055,07/05/2026 14:19,Store 4,105,Completed,Credit Card,20.89
TXN-17056,24/05/2026 21:41,Store 5,106,Completed,Credit Card,18.39
TXN-17057,28/05/2026 21:17,Store 3,103,Completed,Credit Card,31.44
TXN-17058,12/05/2026 20:19,Store 5,104,Completed,Credit Card,39.06
TXN-17059,10/05/2026 10:02,Store 4,100,Completed,Mobile App,17.62
TXN-17060,25/05/2026 20:07,Store 2,110,Completed,Cash,44.97
TXN-17061,13/05/2026 13:57,Store 1,106,Completed,Credit Card,13.54
TXN-17062,23/05/2026 16:21,Store 4,108,Completed,Cash,15.29
TXN-17063,09/05/2026 11:46,Store 3,100,Void,Cash,32.18
TXN-17064,26/05/2026 12:17,Store 4,101,Completed,Mobile App,37.17
TXN-17065,21/05/2026 17:56,Store 3,101,Completed,Mobile App,31.73
TXN-17066,09/05/2026 7:05,Store 4,110,Completed,Mobile App,11.19
TXN-17067,25/05/2026 7:56,Store 1,100,Completed,Mobile App,7.36
TXN-17068,12/05/2026 7:43,Store 3,101,Completed,Cash,5.19
TXN-17069,20/05/2026 14:39,Store 2,109,Completed,Cash,33.43
TXN-17070,08/05/2026 16:31,Store 1,109,Completed,Cash,15.63
TXN-17071,01/05/2026 12:44,Store 2,102,Completed,Cash,7.92
TXN-17072,19/05/2026 20:51,Store 1,104,Void,Credit Card,34.75
TXN-17073,17/05/2026 10:04,Store 1,108,Completed,Cash,29.48
TXN-17074,21/05/2026 11:05,Store 3,102,Completed,Credit Card,23.92
TXN-17075,01/05/2026 7:09,Store 4,100,Completed,Credit Card,18.98
TXN-17076,16/05/2026 10:03,Store 4,104,Refund,Credit Card,6.66
TXN-17077,10/05/2026 17:29,Store 3,106,Completed,Credit Card,12.87
TXN-17078,19/05/2026 10:45,Store 2,107,Refund,Cash,43.82
TXN-17079,19/05/2026 19:17,Store 5,106,Completed,Credit Card,33.41
TXN-17080,05/05/2026 21:18,Store 6,109,Completed,Credit Card,21.67
TXN-17081,09/05/2026 11:38,Store 6,108,Completed,Credit Card,35.73
TXN-17082,30/05/2026 18:03,Store 4,108,Completed,Mobile App,34
TXN-17083,26/05/2026 8:53,Store 1,104,Discount applied,Mobile App,38.04
TXN-17084,23/05/2026 19:19,Store 4,109,Completed,Mobile App,37.58
TXN-17085,29/05/2026 20:16,Store 2,109,Completed,Credit Card,34.07
TXN-17086,27/05/2026 12:36,Store 3,109,Completed,Cash,42.47
TXN-17087,23/05/2026 20:01,Store 2,105,Completed,Cash,37.39
TXN-17088,27/05/2026 19:00,Store 3,103,Completed,Cash,26.13
TXN-17089,21/05/2026 17:16,Store 1,109,Completed,Cash,18.4
TXN-17090,02/05/2026 17:43,Store 4,108,Completed,Credit Card,26.53
TXN-17091,01/05/2026 11:28,Store 5,108,Completed,Credit Card,22.76
TXN-17092,26/05/2026 19:34,Store 6,109,Refund,Mobile App,18.41
TXN-17093,27/05/2026 18:38,Store 3,103,Completed,Credit Card,11.67
TXN-17094,26/05/2026 16:57,Store 2,107,Completed,Credit Card,39.84
TXN-17095,15/05/2026 21:33,Store 3,103,Completed,Cash,6.25
TXN-17096,04/05/2026 9:34,Store 6,109,Completed,Mobile App,30.73
TXN-17097,01/05/2026 13:58,Store 5,109,Completed,Mobile App,7.63
TXN-17098,08/05/2026 10:07,Store 6,106,Completed,Mobile App,16.8
TXN-17099,24/05/2026 10:33,Store 3,110,Completed,Credit Card,31.5
TXN-17100,10/05/2026 21:11,Store 3,102,Completed,Mobile App,5.1
TXN-17101,04/05/2026 17:56,Store 4,109,Completed,Mobile App,7.63
TXN-17102,16/05/2026 9:40,Store 1,102,Completed,Credit Card,40.84
TXN-17103,07/05/2026 20:43,Store 3,103,Completed,Cash,9.36
TXN-17104,23/05/2026 12:53,Store 1,102,Completed,Credit Card,28.9
TXN-17105,01/05/2026 18:34,Store 6,108,Completed,Credit Card,30.15
TXN-17106,14/05/2026 16:21,Store 6,110,Completed,Cash,9.34
TXN-17107,11/05/2026 16:32,Store 3,103,Completed,Mobile App,24.34
TXN-17108,05/05/2026 7:41,Store 3,101,Void,Mobile App,26.46
TXN-17109,26/05/2026 10:36,Store 4,101,Completed,Cash,25.56
TXN-17110,17/05/2026 12:37,Store 1,105,Completed,Cash,28.9
TXN-17111,14/05/2026 11:49,Store 1,104,Discount applied,Credit Card,8.56
TXN-17112,10/05/2026 10:51,Store 2,109,Completed,Cash,21.45
TXN-17113,11/05/2026 15:40,Store 5,101,Completed,Credit Card,42.88
TXN-17114,20/05/2026 7:25,Store 2,108,Completed,Credit Card,33.4
TXN-17115,01/05/2026 14:00,Store 2,100,Completed,Credit Card,7.8
TXN-17116,01/05/2026 10:53,Store 3,100,Completed,Cash,36.66
TXN-17117,20/05/2026 10:27,Store 6,108,Completed,Credit Card,30.03
TXN-17118,11/05/2026 21:30,Store 5,101,Completed,Cash,6.07
TXN-17119,07/05/2026 12:32,Store 6,108,Completed,Credit Card,38.6
TXN-17120,07/05/2026 13:56,Store 5,104,Completed,Cash,44.51
TXN-17121,04/05/2026 12:55,Store 6,101,Completed,Mobile App,14.17
TXN-17122,09/05/2026 14:56,Store 5,110,Completed,Cash,35.93
TXN-17123,21/05/2026 21:17,Store 3,103,Completed,Mobile App,24.53
TXN-17124,28/05/2026 17:26,Store 3,106,Completed,Credit Card,26.89
TXN-17125,02/05/2026 16:15,Store 6,101,Completed,Mobile App,44.06
TXN-17126,27/05/2026 16:48,Store 4,108,Completed,Credit Card,25.51
TXN-17127,07/05/2026 17:17,Store 4,100,Completed,Credit Card,39.63
TXN-17128,13/05/2026 13:54,Store 4,106,Completed,Credit Card,29.02
TXN-17129,08/05/2026 10:47,Store 4,108,Completed,Credit Card,29.65
TXN-17130,04/05/2026 8:11,Store 4,110,Completed,Credit Card,39.18
TXN-17131,01/05/2026 21:39,Store 6,102,Completed,Mobile App,44.71
TXN-17132,28/05/2026 18:20,Store 4,105,Completed,Mobile App,6.77
TXN-17133,30/05/2026 21:15,Store 5,102,Refund,Mobile App,21.22
TXN-17134,30/05/2026 8:37,Store 1,100,Completed,Credit Card,34.22
TXN-17135,28/05/2026 15:29,Store 2,106,Completed,Credit Card,25.94
TXN-17136,17/05/2026 21:14,Store 5,100,Completed,Cash,33.07
TXN-17137,16/05/2026 8:06,Store 1,105,Completed,Cash,20.55
TXN-17138,24/05/2026 8:17,Store 6,102,Completed,Mobile App,15.21
TXN-17139,25/05/2026 13:05,Store 5,100,Completed,Mobile App,17.1
TXN-17140,13/05/2026 17:00,Store 4,102,Completed,Credit Card,25.72
TXN-17141,21/05/2026 12:21,Store 2,107,Discount applied,Cash,30.48
TXN-17142,05/05/2026 16:50,Store 2,107,Completed,Mobile App,26.86
TXN-17143,29/05/2026 17:36,Store 5,106,Completed,Cash,7.31
TXN-17144,07/05/2026 7:39,Store 3,106,Completed,Cash,11.8
TXN-17145,12/05/2026 17:44,Store 5,100,Completed,Credit Card,40.56
TXN-17146,16/05/2026 16:51,Store 5,109,Completed,Mobile App,20.82
TXN-17147,02/05/2026 9:20,Store 2,100,Completed,Mobile App,6.72
TXN-17148,05/05/2026 16:10,Store 3,103,Completed,Cash,15.21
TXN-17149,13/05/2026 19:31,Store 1,101,Completed,Credit Card,8.93
TXN-17150,20/05/2026 13:58,Store 2,107,Completed,Cash,11.43
TXN-17151,03/05/2026 13:47,Store 1,110,Void,Cash,22.91
TXN-17152,17/05/2026 8:52,Store 5,105,Completed,Credit Card,28.84
TXN-17153,16/05/2026 14:32,Store 3,101,Completed,Credit Card,27.68
TXN-17154,03/05/2026 10:21,Store 3,110,Completed,Cash,15.71
TXN-17155,30/05/2026 17:06,Store 3,103,Completed,Cash,32.76
TXN-17156,02/05/2026 19:53,Store 6,104,Void,Cash,33.08
TXN-17157,20/05/2026 10:52,Store 2,108,Completed,Cash,20.38
TXN-17158,12/05/2026 9:39,Store 2,110,Completed,Credit Card,16.73
TXN-17159,10/05/2026 9:25,Store 5,108,Refund,Cash,9.81
TXN-17160,09/05/2026 21:26,Store 3,103,Void,Cash,32.36
TXN-17161,18/05/2026 14:36,Store 5,100,Completed,Mobile App,20.75
TXN-17162,20/05/2026 11:06,Store 1,110,Completed,Cash,17.72
TXN-17163,18/05/2026 15:49,Store 2,108,Completed,Mobile App,16.13
TXN-17164,21/05/2026 9:09,Store 1,108,Completed,Credit Card,13.82
TXN-17165,12/05/2026 15:46,Store 6,101,Completed,Credit Card,11.51
TXN-17166,22/05/2026 15:04,Store 2,105,Completed,Credit Card,5.44
TXN-17167,16/05/2026 15:38,Store 5,110,Completed,Credit Card,15.84
TXN-17168,09/05/2026 18:51,Store 3,108,Completed,Cash,21.08
TXN-17169,17/05/2026 7:15,Store 6,108,Completed,Cash,39.2
TXN-17170,11/05/2026 14:33,Store 4,104,Completed,Cash,21.45
TXN-17171,30/05/2026 14:50,Store 5,106,Completed,Credit Card,17.36
TXN-17172,20/05/2026 13:06,Store 4,104,Completed,Cash,39.51
TXN-17173,22/05/2026 17:11,Store 3,103,Completed,Mobile App,28.02
TXN-17174,08/05/2026 17:45,Store 6,104,Completed,Mobile App,27.08
TXN-17175,03/05/2026 19:53,Store 3,101,Completed,Cash,29.65
TXN-17176,08/05/2026 17:00,Store 5,106,Completed,Mobile App,17.95
TXN-17177,30/05/2026 11:45,Store 4,102,Completed,Credit Card,44.53
TXN-17178,03/05/2026 10:33,Store 6,108,Completed,Cash,26.91
TXN-17179,18/05/2026 9:27,Store 4,110,Completed,Credit Card,38.9
TXN-17180,04/05/2026 8:29,Store 5,100,Completed,Credit Card,26.76
TXN-17181,20/05/2026 14:38,Store 2,108,Completed,Cash,36.26
TXN-17182,02/05/2026 15:20,Store 1,104,Completed,Mobile App,19.37
TXN-17183,21/05/2026 10:10,Store 5,101,Completed,Credit Card,28.26
TXN-17184,26/05/2026 10:45,Store 5,105,Completed,Cash,20.2
TXN-17185,30/05/2026 15:51,Store 5,108,Completed,Mobile App,36.61
TXN-17186,09/05/2026 11:01,Store 6,110,Completed,Credit Card,34.26
TXN-17187,21/05/2026 18:24,Store 3,103,Completed,Cash,9.14
TXN-17188,16/05/2026 14:38,Store 1,110,Void,Mobile App,26.83
TXN-17189,01/05/2026 9:16,Store 6,109,Completed,Cash,36.51
TXN-17190,18/05/2026 11:18,Store 4,105,Completed,Mobile App,35.44
TXN-17191,13/05/2026 20:17,Store 3,103,Completed,Cash,5.98
TXN-17192,19/05/2026 10:48,Store 6,105,Completed,Credit Card,39.73
TXN-17193,07/05/2026 19:32,Store 4,105,Completed,Cash,16.33
TXN-17194,27/05/2026 12:15,Store 2,107,Completed,Credit Card,38.55
TXN-17195,13/05/2026 7:30,Store 4,102,Completed,Credit Card,35.93
TXN-17196,11/05/2026 21:19,Store 6,105,Completed,Cash,5.73
TXN-17197,23/05/2026 7:39,Store 4,100,Completed,Credit Card,11.25
TXN-17198,14/05/2026 21:11,Store 3,106,Completed,Credit Card,44.57
TXN-17199,13/05/2026 14:25,Store 5,108,Void,Mobile App,26.96
TXN-17200,21/05/2026 12:16,Store 3,101,Completed,Cash,30.96
TXN-17201,07/05/2026 8:30,Store 1,105,Void,Cash,25.41
TXN-17202,22/05/2026 15:48,Store 4,110,Completed,Cash,6.84
TXN-17203,29/05/2026 18:05,Store 6,105,Completed,Credit Card,34.86
TXN-17204,18/05/2026 13:15,Store 1,101,Completed,Credit Card,13.73
TXN-17205,28/05/2026 13:45,Store 5,108,Void,Mobile App,32.96
TXN-17206,25/05/2026 7:59,Store 1,109,Completed,Credit Card,30.79
TXN-17207,25/05/2026 15:02,Store 4,108,Completed,Credit Card,34.96
TXN-17208,13/05/2026 15:21,Store 2,107,Refund,Cash,36.75
TXN-17209,01/05/2026 11:39,Store 5,104,Completed,Cash,29.33
TXN-17210,17/05/2026 9:19,Store 1,101,Completed,Cash,33.37
TXN-17211,08/05/2026 9:17,Store 2,101,Completed,Credit Card,34.06
TXN-17212,19/05/2026 7:22,Store 3,105,Completed,Credit Card,23.08
TXN-17213,15/05/2026 21:24,Store 1,106,Completed,Mobile App,8.12
TXN-17214,05/05/2026 17:45,Store 5,101,Completed,Credit Card,18.51
TXN-17215,10/05/2026 7:24,Store 6,102,Completed,Credit Card,10.62
TXN-17216,30/05/2026 15:15,Store 1,102,Completed,Cash,19.71
TXN-17217,30/05/2026 15:18,Store 3,108,Completed,Cash,14.28
TXN-17218,04/05/2026 15:07,Store 3,110,Completed,Credit Card,32.98
TXN-17219,01/05/2026 15:28,Store 4,105,Completed,Credit Card,39.61
TXN-17220,29/05/2026 21:28,Store 3,110,Completed,Mobile App,12
TXN-17221,07/05/2026 21:34,Store 5,108,Completed,Mobile App,33.52
TXN-17222,22/05/2026 10:43,Store 6,105,Completed,Cash,26.11
TXN-17223,09/05/2026 16:05,Store 3,106,Completed,Mobile App,34.62
TXN-17224,25/05/2026 16:56,Store 6,108,Completed,Cash,25.52
TXN-17225,03/05/2026 18:33,Store 1,100,Completed,Credit Card,9.58
TXN-17226,12/05/2026 20:38,Store 5,108,Completed,Credit Card,17.79
TXN-17227,21/05/2026 17:44,Store 3,100,Completed,Credit Card,38.6
TXN-17228,22/05/2026 14:25,Store 2,100,Completed,Cash,20.97
TXN-17229,17/05/2026 17:26,Store 3,103,Completed,Mobile App,11.34
TXN-17230,15/05/2026 14:08,Store 2,109,Completed,Credit Card,17.96
TXN-17231,12/05/2026 8:06,Store 5,101,Completed,Mobile App,17.73
TXN-17232,04/05/2026 21:45,Store 4,101,Completed,Credit Card,19.55
TXN-17233,06/05/2026 15:33,Store 2,109,Discount applied,Mobile App,20.7
TXN-17234,15/05/2026 18:15,Store 3,104,Completed,Credit Card,20.97
TXN-17235,14/05/2026 21:59,Store 1,106,Completed,Credit Card,32.98
TXN-17236,08/05/2026 12:20,Store 2,106,Completed,Credit Card,29.22
TXN-17237,27/05/2026 14:20,Store 1,106,Completed,Mobile App,21.24
TXN-17238,11/05/2026 7:22,Store 6,108,Completed,Cash,40.85
TXN-17239,28/05/2026 15:01,Store 6,110,Completed,Cash,11.61
TXN-17240,30/05/2026 11:00,Store 6,110,Completed,Mobile App,18.87
TXN-17241,10/05/2026 17:27,Store 4,104,Completed,Credit Card,24.62
TXN-17242,06/05/2026 13:39,Store 3,106,Completed,Credit Card,18.45
TXN-17243,19/05/2026 12:57,Store 4,108,Completed,Credit Card,24.44
TXN-17244,11/05/2026 18:00,Store 3,103,Completed,Mobile App,21.3
TXN-17245,28/05/2026 14:20,Store 3,110,Completed,Cash,5.36
TXN-17246,20/05/2026 19:55,Store 3,101,Completed,Credit Card,22.93
TXN-17247,09/05/2026 16:32,Store 1,102,Completed,Credit Card,11.95
TXN-17248,08/05/2026 15:12,Store 3,109,Completed,Credit Card,18.94
TXN-17249,03/05/2026 13:32,Store 2,106,Completed,Credit Card,15.87
TXN-17250,16/05/2026 7:23,Store 3,106,Completed,Mobile App,42.85
TXN-17251,13/05/2026 17:47,Store 2,107,Completed,Mobile App,37.75
TXN-17252,01/05/2026 13:50,Store 2,105,Completed,Credit Card,24.08
TXN-17253,29/05/2026 13:01,Store 2,107,Completed,Cash,30.36
TXN-17254,29/05/2026 9:30,Store 1,108,Completed,Cash,32.07
TXN-17255,03/05/2026 15:24,Store 5,100,Completed,Credit Card,6.76
TXN-17256,12/05/2026 11:41,Store 1,109,Completed,Cash,39.55
TXN-17257,17/05/2026 9:01,Store 5,100,Completed,Credit Card,39.15
TXN-17258,23/05/2026 15:43,Store 1,109,Completed,Mobile App,23.08
TXN-17259,04/05/2026 15:41,Store 2,107,Completed,Credit Card,24.85
TXN-17260,01/05/2026 17:59,Store 1,101,Completed,Cash,43.03
TXN-17261,11/05/2026 17:33,Store 6,110,Completed,Cash,32.29
TXN-17262,12/05/2026 14:59,Store 2,107,Completed,Cash,34.08
TXN-17263,28/05/2026 16:50,Store 2,108,Completed,Credit Card,34.97
TXN-17264,16/05/2026 13:29,Store 4,102,Completed,Credit Card,24.52
TXN-17265,05/05/2026 19:41,Store 2,100,Completed,Credit Card,14.76
TXN-17266,28/05/2026 7:42,Store 1,108,Completed,Cash,14.93
TXN-17267,15/05/2026 12:14,Store 6,100,Completed,Mobile App,39.13
TXN-17268,15/05/2026 16:22,Store 5,110,Completed,Mobile App,29.98
TXN-17269,27/05/2026 14:22,Store 1,106,Completed,Credit Card,10.29
TXN-17270,02/05/2026 9:50,Store 2,101,Completed,Credit Card,27.77
TXN-17271,09/05/2026 20:34,Store 6,105,Completed,Cash,27.45
TXN-17272,29/05/2026 13:24,Store 2,107,Completed,Credit Card,37.78
TXN-17273,16/05/2026 9:11,Store 6,108,Completed,Cash,15.16
TXN-17274,29/05/2026 14:56,Store 1,109,Completed,Credit Card,23.74
TXN-17275,15/05/2026 13:52,Store 3,106,Completed,Credit Card,16.77
TXN-17276,24/05/2026 9:31,Store 1,100,Completed,Credit Card,41.72
TXN-17277,29/05/2026 9:46,Store 3,104,Discount applied,Mobile App,38.15
TXN-17278,16/05/2026 8:48,Store 6,109,Void,Credit Card,26.35
TXN-17279,27/05/2026 20:13,Store 1,108,Completed,Credit Card,36.41
TXN-17280,30/05/2026 9:48,Store 4,109,Completed,Credit Card,25.46
TXN-17281,14/05/2026 21:22,Store 3,103,Completed,Cash,20.48
TXN-17282,03/05/2026 17:54,Store 5,101,Refund,Credit Card,6.1
TXN-17283,13/05/2026 11:43,Store 2,107,Completed,Mobile App,19.21
TXN-17284,14/05/2026 8:06,Store 4,101,Void,Credit Card,17.73
TXN-17285,19/05/2026 15:03,Store 3,100,Completed,Mobile App,37.11
TXN-17286,26/05/2026 15:55,Store 3,110,Completed,Cash,16.72
TXN-17287,07/05/2026 14:45,Store 3,106,Completed,Cash,16.12
TXN-17288,03/05/2026 12:58,Store 1,104,Refund,Credit Card,7.8
TXN-17289,17/05/2026 20:15,Store 5,108,Completed,Cash,5.64
TXN-17290,18/05/2026 19:07,Store 5,101,Completed,Mobile App,39.18
TXN-17291,06/05/2026 20:34,Store 6,100,Void,Credit Card,10.46
TXN-17292,09/05/2026 7:14,Store 1,109,Completed,Credit Card,33.31
TXN-17293,08/05/2026 17:47,Store 4,108,Completed,Mobile App,20.62
TXN-17294,28/05/2026 19:17,Store 1,101,Completed,Mobile App,41.19
TXN-17295,23/05/2026 20:53,Store 4,110,Completed,Mobile App,37.39
TXN-17296,29/05/2026 12:12,Store 2,107,Completed,Mobile App,28.85
TXN-17297,02/05/2026 11:50,Store 3,102,Completed,Mobile App,27.14
TXN-17298,30/05/2026 9:31,Store 6,102,Completed,Credit Card,13.15
TXN-17299,04/05/2026 21:56,Store 6,104,Completed,Cash,35.23
TXN-17300,09/05/2026 17:19,Store 4,110,Completed,Cash,34.33
TXN-17301,25/05/2026 7:11,Store 4,108,Void,Credit Card,8.63
TXN-17302,16/05/2026 21:17,Store 4,102,Completed,Credit Card,33.34
TXN-17303,16/05/2026 20:55,Store 2,105,Completed,Mobile App,7.62
TXN-17304,19/05/2026 10:49,Store 6,102,Completed,Credit Card,38.42
TXN-17305,17/05/2026 14:41,Store 3,106,Completed,Credit Card,15.37
TXN-17306,05/05/2026 9:22,Store 2,102,Completed,Mobile App,15.35
TXN-17307,19/05/2026 11:26,Store 6,108,Completed,Cash,30.45
TXN-17308,01/05/2026 15:31,Store 4,110,Completed,Mobile App,13.96
TXN-17309,14/05/2026 18:01,Store 4,108,Completed,Cash,41.42
TXN-17310,15/05/2026 21:35,Store 3,109,Completed,Credit Card,27.7
TXN-17311,20/05/2026 17:07,Store 5,104,Completed,Credit Card,39.26
TXN-17312,17/05/2026 13:03,Store 1,109,Completed,Credit Card,21.24
TXN-17313,27/05/2026 9:47,Store 3,106,Completed,Credit Card,38.64
TXN-17314,29/05/2026 18:05,Store 5,105,Completed,Credit Card,9.55
TXN-17315,02/05/2026 19:05,Store 6,102,Completed,Credit Card,23.7
TXN-17316,12/05/2026 10:15,Store 6,109,Completed,Credit Card,21.94
TXN-17317,07/05/2026 11:11,Store 1,104,Completed,Cash,11.97
TXN-17318,20/05/2026 18:15,Store 3,100,Completed,Credit Card,12.33
TXN-17319,30/05/2026 21:50,Store 2,106,Completed,Credit Card,8.35
TXN-17320,30/05/2026 8:36,Store 1,110,Completed,Credit Card,10.22
TXN-17321,25/05/2026 15:22,Store 4,105,Void,Credit Card,34.85
TXN-17322,15/05/2026 7:23,Store 5,100,Completed,Credit Card,14.73
TXN-17323,27/05/2026 14:36,Store 4,102,Completed,Mobile App,16.1
TXN-17324,13/05/2026 9:03,Store 4,110,Completed,Credit Card,42.89
TXN-17325,08/05/2026 16:54,Store 5,101,Void,Mobile App,25.91
TXN-17326,05/05/2026 9:08,Store 6,110,Completed,Mobile App,6.26
TXN-17327,10/05/2026 14:26,Store 6,100,Completed,Cash,26.44
TXN-17328,22/05/2026 11:09,Store 4,109,Completed,Credit Card,10.86
TXN-17329,08/05/2026 9:06,Store 3,109,Void,Cash,30.92
TXN-17330,16/05/2026 14:30,Store 4,105,Completed,Cash,11.31
TXN-17331,23/05/2026 15:55,Store 4,102,Completed,Credit Card,23.22
TXN-17332,03/05/2026 17:11,Store 6,108,Refund,Mobile App,11.92
TXN-17333,19/05/2026 17:38,Store 3,102,Completed,Cash,13.75
TXN-17334,23/05/2026 11:44,Store 5,109,Completed,Mobile App,9.53
TXN-17335,24/05/2026 12:21,Store 3,101,Completed,Cash,29.01
TXN-17336,06/05/2026 21:33,Store 4,102,Completed,Mobile App,37.41
TXN-17337,16/05/2026 18:42,Store 6,106,Completed,Cash,24.03
TXN-17338,06/05/2026 11:45,Store 1,101,Completed,Mobile App,41.43
TXN-17339,20/05/2026 11:43,Store 5,106,Completed,Credit Card,27.08
TXN-17340,24/05/2026 17:13,Store 4,105,Completed,Credit Card,7.7
TXN-17341,21/05/2026 20:20,Store 2,100,Completed,Cash,6.83
TXN-17342,27/05/2026 19:04,Store 3,108,Completed,Mobile App,5.05
TXN-17343,17/05/2026 17:43,Store 4,109,Completed,Cash,21.02
TXN-17344,06/05/2026 13:29,Store 3,104,Completed,Mobile App,17.38
TXN-17345,08/05/2026 17:49,Store 5,108,Completed,Credit Card,41.3
TXN-17346,06/05/2026 13:46,Store 2,107,Completed,Credit Card,17.64
TXN-17347,18/05/2026 20:42,Store 3,103,Completed,Credit Card,33.75
TXN-17348,16/05/2026 11:20,Store 3,106,Completed,Credit Card,34.83
TXN-17349,01/05/2026 9:12,Store 1,109,Refund,Cash,10.68
TXN-17350,23/05/2026 16:19,Store 4,100,Completed,Credit Card,17.15
TXN-17351,04/05/2026 11:36,Store 1,102,Completed,Credit Card,37.73
TXN-17352,13/05/2026 12:31,Store 2,107,Completed,Mobile App,28.56
TXN-17353,06/05/2026 10:50,Store 4,102,Completed,Credit Card,29.52
TXN-17354,20/05/2026 10:57,Store 2,106,Completed,Credit Card,11.26
TXN-17355,30/05/2026 10:45,Store 6,102,Completed,Credit Card,43.93
TXN-17356,18/05/2026 14:02,Store 3,108,Completed,Credit Card,23.49
TXN-17357,30/05/2026 11:55,Store 6,105,Completed,Cash,17.52
TXN-17358,28/05/2026 7:25,Store 3,105,Completed,Cash,28.19
TXN-17359,28/05/2026 16:14,Store 6,110,Completed,Credit Card,36.39
TXN-17360,03/05/2026 17:34,Store 2,104,Completed,Cash,44.87
TXN-17361,22/05/2026 11:28,Store 3,108,Completed,Cash,21.73
TXN-17362,27/05/2026 10:23,Store 3,106,Completed,Credit Card,7.29
TXN-17363,21/05/2026 8:03,Store 6,110,Completed,Mobile App,40.63
TXN-17364,09/05/2026 18:02,Store 4,102,Completed,Cash,14.01
TXN-17365,14/05/2026 12:15,Store 2,101,Completed,Credit Card,23.27
TXN-17366,13/05/2026 21:12,Store 4,110,Completed,Cash,38.84
TXN-17367,20/05/2026 11:48,Store 2,107,Completed,Mobile App,5.61
TXN-17368,24/05/2026 13:20,Store 6,102,Completed,Credit Card,42.72
TXN-17369,13/05/2026 12:40,Store 3,110,Completed,Credit Card,39.9
TXN-17370,01/05/2026 18:21,Store 3,102,Completed,Mobile App,35.29
TXN-17371,13/05/2026 9:38,Store 3,104,Completed,Cash,25.74
TXN-17372,11/05/2026 18:19,Store 6,101,Completed,Credit Card,17.64
TXN-17373,17/05/2026 9:35,Store 6,104,Completed,Cash,43.34
TXN-17374,23/05/2026 21:01,Store 1,101,Completed,Cash,13.71
TXN-17375,07/05/2026 8:22,Store 4,102,Completed,Cash,26.95
TXN-17376,14/05/2026 19:09,Store 2,100,Completed,Cash,37.64
TXN-17377,05/05/2026 9:15,Store 4,105,Completed,Credit Card,13.38
TXN-17378,05/05/2026 19:41,Store 6,106,Completed,Mobile App,26.97
TXN-17379,27/05/2026 12:25,Store 6,100,Completed,Mobile App,44.97
TXN-17380,15/05/2026 17:06,Store 4,100,Completed,Credit Card,18.9
TXN-17381,17/05/2026 14:35,Store 3,110,Completed,Credit Card,5.62
TXN-17382,14/05/2026 14:47,Store 4,106,Completed,Credit Card,7.52
TXN-17383,17/05/2026 16:41,Store 6,102,Completed,Credit Card,21.31
TXN-17384,13/05/2026 11:42,Store 1,109,Completed,Cash,42.35
TXN-17385,13/05/2026 15:54,Store 2,102,Completed,Mobile App,6.03
TXN-17386,20/05/2026 18:24,Store 3,103,Completed,Cash,9.13
TXN-17387,09/05/2026 21:08,Store 6,106,Completed,Cash,32.24
TXN-17388,21/05/2026 17:54,Store 1,102,Completed,Credit Card,35.04
TXN-17389,05/05/2026 21:54,Store 1,108,Completed,Credit Card,44.39
TXN-17390,28/05/2026 20:45,Store 4,101,Completed,Cash,34.07
TXN-17391,22/05/2026 18:09,Store 6,109,Completed,Mobile App,18.15
TXN-17392,27/05/2026 12:05,Store 1,109,Completed,Credit Card,32.88
TXN-17393,05/05/2026 18:38,Store 3,103,Completed,Credit Card,36.71
TXN-17394,05/05/2026 12:12,Store 3,106,Completed,Mobile App,19.61
TXN-17395,12/05/2026 10:23,Store 2,110,Discount applied,Mobile App,25.25
TXN-17396,01/05/2026 15:01,Store 2,107,Completed,Credit Card,32.47
TXN-17397,26/05/2026 9:03,Store 4,109,Completed,Credit Card,42.76
TXN-17398,06/05/2026 16:42,Store 3,103,Completed,Mobile App,13.38
TXN-17399,29/05/2026 20:40,Store 2,106,Completed,Cash,30.18
TXN-17400,26/05/2026 11:26,Store 6,102,Completed,Credit Card,30.7
TXN-17401,19/05/2026 9:57,Store 3,104,Completed,Credit Card,22.5
TXN-17402,13/05/2026 18:15,Store 1,109,Completed,Cash,13.42
TXN-17403,03/05/2026 8:45,Store 2,101,Completed,Credit Card,25.95
TXN-17404,05/05/2026 15:34,Store 1,105,Completed,Credit Card,38.18
TXN-17405,09/05/2026 9:21,Store 2,105,Completed,Cash,28.89
TXN-17406,09/05/2026 21:30,Store 1,101,Completed,Credit Card,20.83
TXN-17407,25/05/2026 7:59,Store 1,108,Completed,Cash,34.69
TXN-17408,21/05/2026 14:36,Store 2,102,Completed,Mobile App,34.46
TXN-17409,21/05/2026 14:09,Store 4,104,Completed,Credit Card,14.28
TXN-17410,02/05/2026 15:22,Store 4,102,Completed,Credit Card,15.48
TXN-17411,08/05/2026 9:50,Store 1,106,Refund,Mobile App,19.9
TXN-17412,28/05/2026 15:52,Store 1,108,Completed,Mobile App,26.7
TXN-17413,30/05/2026 17:46,Store 3,103,Completed,Credit Card,12.03
TXN-17414,09/05/2026 19:46,Store 4,106,Completed,Credit Card,24.98
TXN-17415,12/05/2026 7:32,Store 4,100,Completed,Mobile App,31.64
TXN-17416,06/05/2026 8:36,Store 1,100,Completed,Cash,31.39
TXN-17417,15/05/2026 19:56,Store 3,103,Completed,Mobile App,27.66
TXN-17418,04/05/2026 11:31,Store 5,105,Completed,Credit Card,29.8
TXN-17419,23/05/2026 21:15,Store 3,103,Completed,Mobile App,32.98
TXN-17420,12/05/2026 18:47,Store 3,100,Completed,Cash,29.45
TXN-17421,14/05/2026 18:51,Store 1,105,Completed,Mobile App,10.08
TXN-17422,26/05/2026 9:21,Store 6,109,Completed,Credit Card,8.96
TXN-17423,15/05/2026 7:24,Store 2,110,Completed,Cash,10.83
TXN-17424,03/05/2026 15:23,Store 3,108,Completed,Cash,16.99
TXN-17425,11/05/2026 12:47,Store 2,107,Completed,Credit Card,6.62
TXN-17426,06/05/2026 15:24,Store 2,106,Completed,Mobile App,13.59
TXN-17427,13/05/2026 18:19,Store 6,101,Completed,Credit Card,6.95
TXN-17428,06/05/2026 21:25,Store 2,109,Completed,Cash,9.12
TXN-17429,01/05/2026 12:35,Store 6,110,Completed,Credit Card,18.36
TXN-17430,28/05/2026 8:42,Store 5,104,Completed,Mobile App,31
TXN-17431,07/05/2026 17:47,Store 2,110,Completed,Credit Card,27.61
TXN-17432,21/05/2026 19:55,Store 3,108,Completed,Cash,23.41
TXN-17433,02/05/2026 13:40,Store 3,110,Completed,Credit Card,38.72
TXN-17434,14/05/2026 15:21,Store 6,105,Completed,Credit Card,31.75
TXN-17435,03/05/2026 21:29,Store 1,108,Completed,Mobile App,17.43
TXN-17436,17/05/2026 14:12,Store 1,104,Completed,Cash,16.93
TXN-17437,20/05/2026 12:15,Store 3,110,Completed,Credit Card,20.36
TXN-17438,01/05/2026 18:47,Store 3,110,Completed,Credit Card,21.25
TXN-17439,21/05/2026 22:20,Store 3,103,Void,Cash,26.52
TXN-17440,18/05/2026 8:04,Store 3,102,Completed,Cash,41.39
TXN-17441,29/05/2026 12:40,Store 1,109,Completed,Cash,24.32
TXN-17442,19/05/2026 8:40,Store 4,105,Completed,Cash,14.58
TXN-17443,09/05/2026 18:54,Store 4,104,Completed,Cash,22.16
TXN-17444,12/05/2026 19:51,Store 3,105,Completed,Credit Card,44.39
TXN-17445,29/05/2026 9:18,Store 2,104,Completed,Mobile App,11.53
TXN-17446,05/05/2026 17:29,Store 3,102,Completed,Cash,43.11
TXN-17447,26/05/2026 18:32,Store 3,100,Completed,Credit Card,40.08
TXN-17448,30/05/2026 14:05,Store 4,104,Completed,Cash,29.25
TXN-17449,02/05/2026 14:46,Store 4,100,Completed,Mobile App,26.24
TXN-17450,05/05/2026 11:36,Store 1,106,Completed,Credit Card,24.36
TXN-17451,15/05/2026 16:59,Store 6,104,Completed,Credit Card,18.15
TXN-17452,12/05/2026 20:42,Store 3,103,Completed,Cash,6.96
TXN-17453,01/05/2026 12:39,Store 1,108,Completed,Cash,23.88
TXN-17454,25/05/2026 20:20,Store 5,106,Completed,Cash,11.94
TXN-17455,05/05/2026 21:50,Store 4,104,Completed,Mobile App,35.7
TXN-17456,19/05/2026 20:22,Store 1,105,Void,Mobile App,10.43
TXN-17457,02/05/2026 10:56,Store 4,104,Completed,Mobile App,38.8
TXN-17458,12/05/2026 8:51,Store 6,101,Completed,Credit Card,35.57
TXN-17459,09/05/2026 7:27,Store 2,108,Completed,Cash,5.57
TXN-17460,18/05/2026 21:49,Store 3,103,Completed,Cash,35.22
TXN-17461,16/05/2026 20:24,Store 1,108,Completed,Credit Card,8.8
TXN-17462,16/05/2026 8:27,Store 5,110,Completed,Credit Card,21.02
TXN-17463,13/05/2026 11:53,Store 4,108,Completed,Mobile App,24.53
TXN-17464,01/05/2026 15:15,Store 3,108,Discount applied,Cash,39.19
TXN-17465,14/05/2026 16:15,Store 4,104,Completed,Mobile App,19
TXN-17466,16/05/2026 17:57,Store 2,107,Completed,Cash,14.91
TXN-17467,13/05/2026 18:50,Store 6,105,Completed,Cash,42.43
TXN-17468,02/05/2026 20:10,Store 1,108,Completed,Credit Card,30.23
TXN-17469,28/05/2026 9:35,Store 2,109,Completed,Credit Card,13.22
TXN-17470,17/05/2026 17:19,Store 1,101,Completed,Mobile App,19.06
TXN-17471,09/05/2026 21:23,Store 2,109,Completed,Cash,33.09
TXN-17472,23/05/2026 18:23,Store 3,109,Completed,Mobile App,24.47
TXN-17473,26/05/2026 11:49,Store 5,109,Void,Cash,24.73
TXN-17474,10/05/2026 20:40,Store 1,110,Completed,Credit Card,28.09
TXN-17475,13/05/2026 10:55,Store 2,110,Completed,Cash,6.86
TXN-17476,02/05/2026 19:37,Store 3,104,Completed,Mobile App,24.53
TXN-17477,26/05/2026 20:44,Store 1,102,Completed,Credit Card,23.64
TXN-17478,02/05/2026 9:27,Store 2,102,Completed,Mobile App,44.67
TXN-17479,19/05/2026 9:56,Store 4,108,Completed,Credit Card,24.49
TXN-17480,01/05/2026 17:02,Store 5,109,Completed,Mobile App,39.88
TXN-17481,11/05/2026 18:57,Store 2,106,Completed,Cash,11.54
TXN-17482,20/05/2026 17:56,Store 3,106,Completed,Cash,29.24
TXN-17483,18/05/2026 12:58,Store 1,102,Completed,Mobile App,21.34
TXN-17484,24/05/2026 17:56,Store 5,110,Completed,Cash,7.61
TXN-17485,23/05/2026 16:14,Store 1,109,Completed,Credit Card,21.81
TXN-17486,16/05/2026 18:31,Store 4,109,Completed,Mobile App,10.52
TXN-17487,09/05/2026 19:33,Store 3,102,Completed,Credit Card,11.86
TXN-17488,25/05/2026 11:06,Store 4,106,Completed,Cash,22.95
TXN-17489,13/05/2026 17:53,Store 2,102,Completed,Credit Card,25.27
TXN-17490,03/05/2026 16:07,Store 4,110,Completed,Credit Card,29.79
TXN-17491,13/05/2026 9:19,Store 6,102,Completed,Mobile App,17.93
TXN-17492,21/05/2026 11:59,Store 6,102,Completed,Credit Card,15.45
TXN-17493,14/05/2026 14:03,Store 2,106,Completed,Credit Card,40.27
TXN-17494,01/05/2026 13:00,Store 1,102,Completed,Credit Card,21.08
TXN-17495,05/05/2026 21:52,Store 5,101,Completed,Credit Card,22.59
TXN-17496,17/05/2026 14:16,Store 6,108,Discount applied,Mobile App,6.49
TXN-17497,10/05/2026 18:12,Store 2,101,Completed,Mobile App,16.98
TXN-17498,20/05/2026 17:12,Store 1,109,Completed,Mobile App,22.24
TXN-17499,02/05/2026 17:45,Store 1,102,Completed,Cash,8.71
TXN-17500,24/05/2026 13:48,Store 2,100,Completed,Mobile App,11.25
TXN-17501,17/05/2026 7:46,Store 1,105,Completed,Mobile App,33.07
TXN-17502,03/05/2026 7:46,Store 1,105,Completed,Mobile App,29.21
TXN-17503,13/05/2026 9:18,Store 1,108,Completed,Credit Card,30.09
TXN-17504,24/05/2026 7:32,Store 4,105,Completed,Credit Card,37.48
TXN-17505,02/05/2026 19:46,Store 3,103,Completed,Cash,37.21
TXN-17506,30/05/2026 18:59,Store 3,100,Completed,Credit Card,30.54
TXN-17507,20/05/2026 21:45,Store 1,105,Completed,Credit Card,34.6
TXN-17508,06/05/2026 9:18,Store 2,101,Completed,Cash,23.08
TXN-17509,24/05/2026 14:33,Store 4,105,Completed,Cash,30
TXN-17510,24/05/2026 19:54,Store 6,100,Completed,Credit Card,11.7
TXN-17511,01/05/2026 21:50,Store 2,100,Completed,Credit Card,38.29
TXN-17512,23/05/2026 13:13,Store 6,109,Completed,Mobile App,33.09
TXN-17513,17/05/2026 19:12,Store 5,101,Completed,Mobile App,15.67
TXN-17514,22/05/2026 14:01,Store 3,109,Completed,Cash,29.97
TXN-17515,28/05/2026 9:27,Store 1,105,Refund,Cash,14.99
TXN-17516,26/05/2026 10:18,Store 4,110,Completed,Cash,32.42
TXN-17517,25/05/2026 16:53,Store 6,108,Discount applied,Cash,34.16
TXN-17518,21/05/2026 16:08,Store 2,102,Completed,Mobile App,6.56
TXN-17519,23/05/2026 21:08,Store 1,110,Completed,Cash,29.39
TXN-17520,22/05/2026 13:58,Store 5,108,Completed,Credit Card,36.89
TXN-17521,08/05/2026 12:36,Store 2,107,Completed,Cash,33.26
TXN-17522,25/05/2026 12:49,Store 3,101,Completed,Credit Card,9.46
TXN-17523,18/05/2026 10:39,Store 3,101,Completed,Credit Card,17.52
TXN-17524,21/05/2026 21:19,Store 3,109,Completed,Cash,27.12
TXN-17525,01/05/2026 18:00,Store 6,100,Completed,Credit Card,30.55
TXN-17526,24/05/2026 10:09,Store 1,108,Completed,Credit Card,33.35
TXN-17527,21/05/2026 11:29,Store 2,107,Discount applied,Cash,31.66
TXN-17528,20/05/2026 17:28,Store 4,101,Refund,Mobile App,6.23
TXN-17529,03/05/2026 18:12,Store 5,105,Void,Credit Card,32.18
TXN-17530,24/05/2026 16:35,Store 1,109,Discount applied,Cash,20.98
TXN-17531,20/05/2026 15:38,Store 1,105,Completed,Credit Card,22.38
TXN-17532,24/05/2026 18:28,Store 3,103,Completed,Cash,27.37
TXN-17533,07/05/2026 15:04,Store 1,100,Completed,Mobile App,12.56
TXN-17534,20/05/2026 13:25,Store 3,101,Completed,Cash,19.04
TXN-17535,26/05/2026 21:32,Store 5,102,Void,Credit Card,24.44
TXN-17536,23/05/2026 7:27,Store 1,110,Completed,Credit Card,21.6
TXN-17537,26/05/2026 13:44,Store 2,107,Discount applied,Cash,23.81
TXN-17538,09/05/2026 12:24,Store 3,101,Completed,Cash,29.2
TXN-17539,22/05/2026 17:09,Store 3,103,Completed,Cash,36.21
TXN-17540,09/05/2026 17:55,Store 4,101,Refund,Credit Card,11.27
TXN-17541,06/05/2026 19:09,Store 4,104,Completed,Cash,23.3
TXN-17542,16/05/2026 11:50,Store 3,108,Refund,Mobile App,5.43
TXN-17543,06/05/2026 11:05,Store 2,104,Discount applied,Credit Card,18.05
TXN-17544,03/05/2026 10:41,Store 4,101,Completed,Cash,10.73
TXN-17545,03/05/2026 15:54,Store 1,105,Void,Cash,31.92
TXN-17546,11/05/2026 8:37,Store 3,106,Completed,Mobile App,16.58
TXN-17547,26/05/2026 17:51,Store 5,102,Completed,Cash,39.44
TXN-17548,24/05/2026 21:54,Store 3,103,Completed,Cash,14.26
TXN-17549,27/05/2026 16:41,Store 4,101,Completed,Credit Card,42.16
TXN-17550,06/05/2026 10:45,Store 4,104,Completed,Credit Card,18.63
TXN-17551,23/05/2026 8:23,Store 4,101,Completed,Credit Card,44.07
TXN-17552,06/05/2026 8:10,Store 1,100,Completed,Mobile App,12.84
TXN-17553,29/05/2026 15:46,Store 2,107,Completed,Mobile App,17.02
TXN-17554,16/05/2026 8:21,Store 4,106,Completed,Mobile App,39.06
TXN-17555,25/05/2026 9:01,Store 6,108,Completed,Mobile App,5.29
TXN-17556,13/05/2026 12:16,Store 6,100,Completed,Credit Card,25.92
TXN-17557,02/05/2026 12:03,Store 2,108,Void,Mobile App,29.33
TXN-17558,21/05/2026 17:34,Store 4,106,Completed,Mobile App,9.35
TXN-17559,11/05/2026 11:44,Store 2,105,Completed,Credit Card,32.98
TXN-17560,11/05/2026 13:10,Store 5,101,Completed,Cash,41.64
TXN-17561,27/05/2026 11:04,Store 1,106,Refund,Credit Card,6.81
TXN-17562,04/05/2026 14:07,Store 4,101,Completed,Credit Card,17.2
TXN-17563,01/05/2026 12:01,Store 6,110,Void,Mobile App,33.24
TXN-17564,13/05/2026 20:39,Store 3,105,Completed,Cash,29.66
TXN-17565,01/05/2026 8:55,Store 2,110,Completed,Credit Card,43.93
TXN-17566,06/05/2026 18:17,Store 2,100,Completed,Cash,19.71
TXN-17567,25/05/2026 15:43,Store 2,107,Completed,Credit Card,7.01
TXN-17568,15/05/2026 20:04,Store 5,108,Void,Credit Card,6.38
TXN-17569,29/05/2026 17:05,Store 2,110,Completed,Credit Card,38.5
TXN-17570,24/05/2026 19:30,Store 2,101,Completed,Mobile App,33.15
TXN-17571,11/05/2026 20:09,Store 1,104,Completed,Cash,36.04
TXN-17572,09/05/2026 19:14,Store 3,103,Completed,Mobile App,7.31
TXN-17573,17/05/2026 19:59,Store 5,102,Completed,Mobile App,5.32
TXN-17574,13/05/2026 17:19,Store 6,101,Completed,Mobile App,23.96
TXN-17575,30/05/2026 8:29,Store 4,110,Completed,Cash,40.96
TXN-17576,22/05/2026 17:11,Store 1,110,Completed,Credit Card,17.92
TXN-17577,11/05/2026 21:58,Store 2,106,Completed,Cash,12.53
TXN-17578,27/05/2026 12:28,Store 5,108,Completed,Cash,37.76
TXN-17579,21/05/2026 21:11,Store 5,102,Completed,Cash,33.7
TXN-17580,17/05/2026 19:09,Store 5,110,Completed,Mobile App,28.95
TXN-17581,17/05/2026 18:58,Store 3,103,Completed,Cash,38.87
TXN-17582,19/05/2026 12:22,Store 6,105,Completed,Cash,34.14
TXN-17583,18/05/2026 18:30,Store 2,109,Completed,Credit Card,30.2
TXN-17584,17/05/2026 18:24,Store 1,101,Completed,Mobile App,39.86
TXN-17585,19/05/2026 8:59,Store 2,102,Completed,Credit Card,35.72
TXN-17586,22/05/2026 17:10,Store 2,110,Completed,Cash,7.45
TXN-17587,19/05/2026 19:29,Store 6,108,Completed,Credit Card,10.51
TXN-17588,18/05/2026 20:04,Store 4,102,Completed,Credit Card,35.81
TXN-17589,05/05/2026 7:45,Store 2,105,Completed,Credit Card,26.98
TXN-17590,10/05/2026 16:12,Store 6,105,Completed,Cash,14.15
TXN-17591,30/05/2026 9:20,Store 3,108,Completed,Credit Card,20.33
TXN-17592,18/05/2026 21:14,Store 2,100,Completed,Mobile App,18.62
TXN-17593,25/05/2026 15:32,Store 3,110,Completed,Mobile App,36.22
TXN-17594,13/05/2026 19:47,Store 5,110,Completed,Credit Card,43.23
TXN-17595,10/05/2026 14:32,Store 4,110,Completed,Credit Card,33.07
TXN-17596,14/05/2026 19:04,Store 6,110,Completed,Cash,18.72
TXN-17597,06/05/2026 12:38,Store 3,101,Completed,Credit Card,12.14
TXN-17598,17/05/2026 17:39,Store 4,110,Discount applied,Credit Card,23.37
TXN-17599,26/05/2026 8:30,Store 3,108,Completed,Credit Card,25.46
TXN-17600,28/05/2026 18:41,Store 5,104,Completed,Mobile App,24.71
TXN-17601,27/05/2026 11:08,Store 2,108,Completed,Credit Card,29.45
TXN-17602,18/05/2026 18:15,Store 3,101,Completed,Credit Card,33.99
TXN-17603,30/05/2026 16:43,Store 1,108,Completed,Cash,40.77
TXN-17604,15/05/2026 21:14,Store 4,101,Completed,Credit Card,18.47
TXN-17605,15/05/2026 14:42,Store 5,102,Completed,Cash,21.01
TXN-17606,19/05/2026 21:42,Store 3,103,Completed,Cash,23.79
TXN-17607,15/05/2026 15:52,Store 4,108,Completed,Cash,30.39
TXN-17608,02/05/2026 19:41,Store 3,101,Completed,Mobile App,27.9
TXN-17609,26/05/2026 21:50,Store 3,103,Completed,Mobile App,11.04
TXN-17610,01/05/2026 21:22,Store 3,103,Void,Cash,28.9
TXN-17611,06/05/2026 17:11,Store 5,100,Completed,Cash,19.98
TXN-17612,12/05/2026 14:36,Store 3,102,Completed,Credit Card,33.3
TXN-17613,10/05/2026 21:00,Store 6,102,Refund,Credit Card,17.98
TXN-17614,04/05/2026 11:27,Store 6,106,Completed,Cash,33.88
TXN-17615,20/05/2026 18:39,Store 4,110,Completed,Cash,41.39
TXN-17616,18/05/2026 19:14,Store 4,109,Refund,Cash,20.66
TXN-17617,11/05/2026 9:30,Store 1,110,Completed,Mobile App,44.61
TXN-17618,13/05/2026 13:30,Store 2,100,Completed,Cash,15.24
TXN-17619,29/05/2026 14:27,Store 2,107,Completed,Mobile App,18.97
TXN-17620,07/05/2026 17:30,Store 4,104,Completed,Credit Card,11.9
TXN-17621,26/05/2026 13:24,Store 2,106,Completed,Cash,8.1
TXN-17622,07/05/2026 21:10,Store 6,109,Completed,Cash,43.99
TXN-17623,07/05/2026 20:11,Store 5,106,Refund,Cash,10.87
TXN-17624,26/05/2026 14:43,Store 6,105,Completed,Cash,41.45
TXN-17625,04/05/2026 15:20,Store 4,109,Completed,Cash,35.71
TXN-17626,02/05/2026 11:03,Store 2,107,Completed,Cash,12.73
TXN-17627,04/05/2026 8:10,Store 5,110,Void,Cash,23.53
TXN-17628,15/05/2026 18:41,Store 5,108,Void,Cash,9.54
TXN-17629,01/05/2026 9:17,Store 6,105,Completed,Credit Card,18.59
TXN-17630,12/05/2026 19:15,Store 4,102,Completed,Mobile App,29.78
TXN-17631,04/05/2026 21:25,Store 3,103,Completed,Mobile App,23.43
TXN-17632,01/05/2026 13:13,Store 3,105,Completed,Cash,10.19
TXN-17633,05/05/2026 11:55,Store 3,108,Completed,Credit Card,7.87
TXN-17634,11/05/2026 21:30,Store 6,105,Completed,Mobile App,31.48
TXN-17635,17/05/2026 8:53,Store 5,110,Completed,Mobile App,7.15
TXN-17636,23/05/2026 15:31,Store 4,100,Discount applied,Credit Card,20.34
TXN-17637,19/05/2026 14:51,Store 2,110,Completed,Cash,13.47
TXN-17638,14/05/2026 7:29,Store 6,109,Completed,Cash,24.58
TXN-17639,21/05/2026 20:11,Store 3,103,Completed,Cash,16.71
TXN-17640,09/05/2026 16:51,Store 1,109,Completed,Cash,33.25
TXN-17641,20/05/2026 10:42,Store 1,100,Completed,Mobile App,5.39
TXN-17642,13/05/2026 11:17,Store 3,104,Completed,Mobile App,37.69
TXN-17643,21/05/2026 13:54,Store 2,107,Discount applied,Cash,17.29
TXN-17644,26/05/2026 10:56,Store 6,105,Completed,Cash,42.81
TXN-17645,05/05/2026 7:18,Store 4,104,Completed,Cash,29.49
TXN-17646,12/05/2026 17:56,Store 4,100,Completed,Mobile App,21.15
TXN-17647,08/05/2026 15:13,Store 2,106,Refund,Credit Card,24.33
TXN-17648,30/05/2026 19:16,Store 4,106,Completed,Credit Card,36.37
TXN-17649,12/05/2026 18:55,Store 3,102,Completed,Credit Card,8.01
TXN-17650,09/05/2026 19:23,Store 5,102,Completed,Credit Card,25.9
TXN-17651,19/05/2026 8:48,Store 1,109,Completed,Cash,21.18
TXN-17652,16/05/2026 12:40,Store 2,107,Refund,Credit Card,42.93
TXN-17653,19/05/2026 19:28,Store 6,104,Discount applied,Mobile App,27.72
TXN-17654,04/05/2026 11:03,Store 5,108,Completed,Credit Card,7.62
TXN-17655,25/05/2026 16:37,Store 2,100,Completed,Cash,36.58
TXN-17656,19/05/2026 17:58,Store 6,105,Completed,Cash,34.42
TXN-17657,17/05/2026 18:07,Store 3,105,Completed,Cash,27.96
TXN-17658,14/05/2026 12:13,Store 4,108,Completed,Cash,41.64
TXN-17659,24/05/2026 18:29,Store 5,102,Completed,Mobile App,32
TXN-17660,17/05/2026 15:13,Store 6,102,Completed,Credit Card,13.84
TXN-17661,23/05/2026 12:59,Store 6,106,Completed,Credit Card,10.91
TXN-17662,09/05/2026 16:43,Store 3,102,Completed,Credit Card,21.17
TXN-17663,23/05/2026 11:16,Store 3,108,Completed,Cash,6.53
TXN-17664,22/05/2026 19:10,Store 3,103,Completed,Credit Card,39.5
TXN-17665,23/05/2026 13:39,Store 2,107,Completed,Mobile App,36.03
TXN-17666,27/05/2026 13:10,Store 6,108,Completed,Cash,21.97
TXN-17667,30/05/2026 16:00,Store 1,100,Completed,Credit Card,27.29
TXN-17668,26/05/2026 14:38,Store 6,105,Completed,Cash,18.05
TXN-17669,30/05/2026 21:44,Store 2,110,Discount applied,Credit Card,27.13
TXN-17670,09/05/2026 7:49,Store 6,102,Completed,Credit Card,11.79
TXN-17671,14/05/2026 12:56,Store 5,101,Completed,Cash,12.88
TXN-17672,02/05/2026 10:13,Store 4,109,Completed,Credit Card,26.3
TXN-17673,15/05/2026 19:34,Store 3,109,Completed,Mobile App,6.71
TXN-17674,20/05/2026 18:03,Store 2,105,Refund,Cash,9.91
TXN-17675,04/05/2026 13:28,Store 6,108,Completed,Cash,39.97
TXN-17676,10/05/2026 19:14,Store 1,101,Completed,Cash,5.97
TXN-17677,08/05/2026 16:45,Store 3,103,Completed,Cash,24.44
TXN-17678,16/05/2026 8:51,Store 5,101,Completed,Mobile App,44.7
TXN-17679,12/05/2026 8:33,Store 6,104,Completed,Credit Card,10.81
TXN-17680,17/05/2026 9:28,Store 2,101,Completed,Cash,19.68
TXN-17681,15/05/2026 9:40,Store 6,105,Completed,Cash,21.8
TXN-17682,20/05/2026 17:51,Store 6,106,Completed,Credit Card,9.23
TXN-17683,15/05/2026 12:23,Store 4,106,Completed,Credit Card,20.12
TXN-17684,02/05/2026 19:26,Store 6,101,Completed,Cash,11.41
TXN-17685,03/05/2026 8:57,Store 6,100,Completed,Credit Card,24.01
TXN-17686,06/05/2026 21:56,Store 4,108,Completed,Credit Card,22.7
TXN-17687,01/05/2026 14:11,Store 2,100,Completed,Cash,38.74
TXN-17688,29/05/2026 8:38,Store 6,101,Completed,Credit Card,16.68
TXN-17689,09/05/2026 9:18,Store 3,105,Completed,Mobile App,39.12
TXN-17690,22/05/2026 9:11,Store 3,106,Completed,Mobile App,6.28
TXN-17691,11/05/2026 21:35,Store 3,103,Completed,Mobile App,19.41
TXN-17692,04/05/2026 14:40,Store 4,101,Completed,Cash,27.1
TXN-17693,15/05/2026 10:19,Store 2,106,Completed,Credit Card,40.64
TXN-17694,06/05/2026 13:50,Store 3,100,Completed,Cash,18.6
TXN-17695,24/05/2026 10:44,Store 5,100,Completed,Credit Card,15
TXN-17696,30/05/2026 11:00,Store 6,101,Completed,Mobile App,41.61
TXN-17697,11/05/2026 9:51,Store 4,100,Completed,Mobile App,32.58
TXN-17698,19/05/2026 14:48,Store 1,110,Completed,Credit Card,35.58
TXN-17699,06/05/2026 9:14,Store 6,110,Completed,Cash,21.81
TXN-17700,17/05/2026 18:03,Store 4,100,Completed,Credit Card,28.4
TXN-17701,12/05/2026 11:33,Store 3,108,Refund,Cash,5.27
TXN-17702,14/05/2026 10:15,Store 1,108,Completed,Cash,15.47
TXN-17703,18/05/2026 21:45,Store 5,109,Completed,Cash,26.18
TXN-17704,15/05/2026 13:00,Store 4,110,Completed,Cash,28.91
TXN-17705,10/05/2026 10:55,Store 6,102,Completed,Mobile App,8.38
TXN-17706,24/05/2026 8:58,Store 1,102,Completed,Mobile App,22.32
TXN-17707,09/05/2026 17:14,Store 3,108,Completed,Cash,17.12
TXN-17708,15/05/2026 17:27,Store 3,103,Completed,Credit Card,21.21
TXN-17709,06/05/2026 8:15,Store 2,102,Void,Mobile App,6.03
TXN-17710,08/05/2026 9:52,Store 1,108,Completed,Credit Card,13.62
TXN-17711,01/05/2026 16:39,Store 3,106,Completed,Credit Card,12.31
TXN-17712,21/05/2026 14:01,Store 1,110,Completed,Credit Card,32.69
TXN-17713,29/05/2026 12:25,Store 6,106,Void,Credit Card,13.29
TXN-17714,01/05/2026 19:57,Store 1,104,Completed,Credit Card,14.19
TXN-17715,23/05/2026 16:50,Store 3,106,Refund,Cash,16.04
TXN-17716,21/05/2026 13:24,Store 6,105,Completed,Credit Card,40.21
TXN-17717,04/05/2026 11:59,Store 2,107,Completed,Mobile App,22.49
TXN-17718,07/05/2026 8:10,Store 1,104,Completed,Cash,29.08
TXN-17719,20/05/2026 19:52,Store 6,100,Completed,Credit Card,40.95
TXN-17720,08/05/2026 7:48,Store 5,110,Completed,Credit Card,17.14
TXN-17721,25/05/2026 9:34,Store 5,100,Completed,Credit Card,39.82
TXN-17722,04/05/2026 11:02,Store 2,107,Completed,Credit Card,38.91
TXN-17723,25/05/2026 8:57,Store 3,108,Completed,Mobile App,13.86
TXN-17724,02/05/2026 15:10,Store 3,109,Completed,Credit Card,20.26
TXN-17725,11/05/2026 17:17,Store 4,102,Completed,Mobile App,44.66
TXN-17726,16/05/2026 20:26,Store 4,109,Completed,Cash,43.11
TXN-17727,02/05/2026 16:03,Store 4,100,Completed,Cash,14.82
TXN-17728,01/05/2026 9:23,Store 4,102,Completed,Cash,5.5
TXN-17729,14/05/2026 14:20,Store 1,104,Completed,Credit Card,27.73
TXN-17730,01/05/2026 7:34,Store 6,109,Completed,Credit Card,26.18
TXN-17731,08/05/2026 12:46,Store 4,108,Completed,Cash,25.46
TXN-17732,12/05/2026 13:15,Store 1,104,Completed,Mobile App,27.76
TXN-17733,13/05/2026 16:46,Store 5,104,Completed,Credit Card,36.42
TXN-17734,26/05/2026 20:06,Store 2,110,Completed,Credit Card,7.52
TXN-17735,18/05/2026 11:34,Store 4,109,Completed,Credit Card,12.47
TXN-17736,05/05/2026 15:43,Store 2,105,Discount applied,Credit Card,28.53
TXN-17737,07/05/2026 19:40,Store 1,110,Completed,Cash,35.11
TXN-17738,03/05/2026 9:17,Store 3,108,Completed,Credit Card,13.74
TXN-17739,03/05/2026 18:16,Store 2,106,Completed,Credit Card,28.51
TXN-17740,11/05/2026 18:23,Store 3,103,Completed,Credit Card,5.67
TXN-17741,03/05/2026 13:25,Store 2,108,Completed,Cash,17.91
TXN-17742,05/05/2026 19:23,Store 3,103,Completed,Credit Card,19.99
TXN-17743,29/05/2026 18:11,Store 2,109,Completed,Credit Card,38.13
TXN-17744,08/05/2026 18:33,Store 4,101,Completed,Credit Card,16.67
TXN-17745,18/05/2026 15:50,Store 2,107,Completed,Mobile App,27.98
TXN-17746,18/05/2026 15:06,Store 2,108,Completed,Cash,38.2
TXN-17747,04/05/2026 11:04,Store 1,108,Completed,Credit Card,24.12
TXN-17748,17/05/2026 13:43,Store 2,107,Completed,Mobile App,23.26
TXN-17749,08/05/2026 11:02,Store 6,100,Completed,Mobile App,36.31
TXN-17750,06/05/2026 13:40,Store 6,100,Completed,Cash,10.81
TXN-17751,03/05/2026 19:11,Store 5,104,Completed,Credit Card,15.17
TXN-17752,25/05/2026 9:38,Store 6,110,Completed,Credit Card,43.1
TXN-17753,28/05/2026 13:39,Store 2,107,Completed,Cash,33.7
TXN-17754,21/05/2026 10:55,Store 6,106,Completed,Credit Card,39.68
TXN-17755,28/05/2026 16:05,Store 1,105,Refund,Credit Card,21.85
TXN-17756,01/05/2026 17:09,Store 2,107,Completed,Cash,31.48
TXN-17757,25/05/2026 18:37,Store 2,109,Completed,Credit Card,18.95
TXN-17758,30/05/2026 21:26,Store 1,105,Completed,Cash,34.64
TXN-17759,09/05/2026 12:58,Store 2,107,Completed,Credit Card,11.65
TXN-17760,06/05/2026 12:31,Store 2,107,Discount applied,Cash,18.49
TXN-17761,02/05/2026 18:20,Store 1,105,Completed,Credit Card,6.42
TXN-17762,10/05/2026 14:27,Store 5,101,Completed,Cash,17.02
TXN-17763,05/05/2026 14:54,Store 5,109,Void,Credit Card,17.69
TXN-17764,14/05/2026 17:27,Store 2,102,Completed,Cash,40.33
TXN-17765,22/05/2026 21:04,Store 1,102,Completed,Cash,24.06
TXN-17766,27/05/2026 14:46,Store 4,106,Completed,Credit Card,15.07
TXN-17767,19/05/2026 17:18,Store 3,101,Completed,Mobile App,37.86
TXN-17768,06/05/2026 20:24,Store 6,100,Completed,Mobile App,28.65
TXN-17769,14/05/2026 17:04,Store 6,110,Completed,Mobile App,15.96
TXN-17770,02/05/2026 10:58,Store 5,108,Completed,Credit Card,41
TXN-17771,05/05/2026 16:49,Store 6,104,Completed,Credit Card,32.81
TXN-17772,30/05/2026 14:25,Store 5,110,Completed,Mobile App,26.51
TXN-17773,22/05/2026 14:33,Store 4,109,Completed,Cash,22.75
TXN-17774,08/05/2026 19:12,Store 2,105,Completed,Cash,44.36
TXN-17775,05/05/2026 16:05,Store 3,103,Completed,Mobile App,16.47
TXN-17776,30/05/2026 11:13,Store 5,106,Completed,Credit Card,15.62
TXN-17777,08/05/2026 14:09,Store 3,104,Completed,Credit Card,7.35
TXN-17778,08/05/2026 13:09,Store 5,101,Completed,Mobile App,44.63
TXN-17779,03/05/2026 20:57,Store 6,109,Completed,Mobile App,17.71
TXN-17780,03/05/2026 20:37,Store 3,103,Completed,Credit Card,38.1
TXN-17781,02/05/2026 21:56,Store 3,110,Completed,Credit Card,13.27
TXN-17782,22/05/2026 21:23,Store 2,109,Completed,Credit Card,32.87
TXN-17783,17/05/2026 13:40,Store 2,100,Completed,Cash,27.27
TXN-17784,13/05/2026 16:26,Store 3,105,Completed,Cash,30.75
TXN-17785,13/05/2026 7:49,Store 1,100,Completed,Credit Card,14.3
TXN-17786,30/05/2026 13:33,Store 1,104,Completed,Credit Card,37.5
TXN-17787,18/05/2026 10:06,Store 2,100,Void,Mobile App,27.86
TXN-17788,28/05/2026 16:34,Store 1,110,Completed,Mobile App,27.09
TXN-17789,20/05/2026 18:42,Store 2,101,Completed,Cash,8.64
TXN-17790,23/05/2026 12:50,Store 1,106,Discount applied,Credit Card,11.86
TXN-17791,01/05/2026 11:23,Store 2,109,Completed,Cash,26.07
TXN-17792,09/05/2026 16:27,Store 2,107,Completed,Credit Card,18.06
TXN-17793,05/05/2026 20:55,Store 5,102,Completed,Credit Card,33.41
TXN-17794,25/05/2026 20:57,Store 6,106,Completed,Mobile App,32.51
TXN-17795,18/05/2026 18:53,Store 3,103,Completed,Cash,16.01
TXN-17796,14/05/2026 11:54,Store 5,102,Completed,Mobile App,37.26
TXN-17797,10/05/2026 14:01,Store 3,105,Completed,Mobile App,28.58
TXN-17798,15/05/2026 13:17,Store 2,107,Completed,Mobile App,32.52
TXN-17799,27/05/2026 21:25,Store 4,101,Completed,Cash,13.47
TXN-17800,07/05/2026 21:11,Store 3,102,Completed,Credit Card,18.51
TXN-17801,01/05/2026 9:02,Store 2,101,Completed,Credit Card,26.81
TXN-17802,20/05/2026 19:02,Store 3,103,Completed,Cash,30.38
TXN-17803,26/05/2026 16:30,Store 5,108,Completed,Mobile App,32.62
TXN-17804,20/05/2026 15:17,Store 2,101,Completed,Mobile App,18.71
TXN-17805,28/05/2026 20:09,Store 4,104,Completed,Mobile App,7.24
TXN-17806,10/05/2026 12:24,Store 4,108,Completed,Cash,34.67
TXN-17807,21/05/2026 18:51,Store 3,103,Completed,Cash,38.96
TXN-17808,08/05/2026 18:01,Store 2,104,Completed,Cash,38.02
TXN-17809,13/05/2026 7:54,Store 6,104,Completed,Credit Card,29.26
TXN-17810,29/05/2026 21:19,Store 3,103,Void,Cash,40.14
TXN-17811,03/05/2026 19:06,Store 2,101,Completed,Cash,26.36
TXN-17812,22/05/2026 16:44,Store 2,109,Completed,Credit Card,10.15
TXN-17813,16/05/2026 11:27,Store 2,109,Completed,Cash,23.54
TXN-17814,21/05/2026 14:26,Store 5,105,Completed,Credit Card,12.84
TXN-17815,01/05/2026 14:34,Store 2,104,Completed,Cash,41.93
TXN-17816,25/05/2026 10:42,Store 5,109,Completed,Credit Card,13.84
TXN-17817,07/05/2026 14:34,Store 6,100,Completed,Cash,5.12
TXN-17818,16/05/2026 14:27,Store 2,105,Discount applied,Cash,10.33
TXN-17819,25/05/2026 21:42,Store 3,103,Completed,Credit Card,7.9
TXN-17820,21/05/2026 9:44,Store 5,106,Completed,Cash,18.11
TXN-17821,16/05/2026 10:53,Store 3,100,Completed,Credit Card,40.01
TXN-17822,10/05/2026 21:17,Store 3,103,Completed,Cash,18.02
TXN-17823,01/05/2026 18:03,Store 3,103,Completed,Credit Card,30.02
TXN-17824,14/05/2026 8:25,Store 4,110,Completed,Mobile App,35.62
TXN-17825,07/05/2026 15:30,Store 2,107,Completed,Mobile App,24.95
TXN-17826,30/05/2026 17:41,Store 5,100,Completed,Credit Card,10.86
TXN-17827,02/05/2026 9:31,Store 2,108,Void,Mobile App,26.64
TXN-17828,25/05/2026 18:01,Store 5,105,Completed,Mobile App,17.07
TXN-17829,06/05/2026 15:40,Store 1,109,Completed,Credit Card,20.21
TXN-17830,28/05/2026 8:22,Store 4,108,Completed,Credit Card,7.61
TXN-17831,24/05/2026 15:07,Store 2,102,Completed,Credit Card,27.26
TXN-17832,23/05/2026 13:26,Store 5,101,Completed,Credit Card,40.19
TXN-17833,24/05/2026 16:52,Store 6,106,Completed,Credit Card,37.84
TXN-17834,13/05/2026 7:14,Store 5,105,Void,Credit Card,22.93
TXN-17835,22/05/2026 20:47,Store 3,104,Completed,Mobile App,17.79
TXN-17836,19/05/2026 8:44,Store 4,104,Completed,Cash,42.59
TXN-17837,26/05/2026 12:32,Store 6,110,Completed,Cash,32.87
TXN-17838,30/05/2026 13:30,Store 3,102,Completed,Cash,9.58
TXN-17839,16/05/2026 7:04,Store 3,109,Completed,Credit Card,23.45
TXN-17840,11/05/2026 14:49,Store 5,106,Completed,Cash,17.05
TXN-17841,10/05/2026 13:08,Store 4,109,Completed,Mobile App,20.61
TXN-17842,11/05/2026 19:03,Store 1,100,Completed,Cash,10.82
TXN-17843,09/05/2026 16:38,Store 2,100,Completed,Credit Card,16.91
TXN-17844,30/05/2026 18:15,Store 4,108,Completed,Credit Card,38.37
TXN-17845,15/05/2026 16:03,Store 2,107,Completed,Credit Card,9.24
TXN-17846,29/05/2026 16:54,Store 1,109,Completed,Credit Card,29.62
TXN-17847,02/05/2026 18:04,Store 4,110,Completed,Mobile App,14.86
TXN-17848,24/05/2026 8:24,Store 6,108,Completed,Credit Card,32.61
TXN-17849,25/05/2026 11:31,Store 2,107,Completed,Cash,12.74
TXN-17850,04/05/2026 10:21,Store 3,100,Completed,Cash,8.67
TXN-17851,26/05/2026 17:25,Store 3,103,Completed,Credit Card,9.42
TXN-17852,08/05/2026 20:10,Store 2,110,Void,Credit Card,20.43
TXN-17853,06/05/2026 11:10,Store 5,110,Completed,Credit Card,8.77
TXN-17854,17/05/2026 19:25,Store 4,110,Completed,Mobile App,30.46
TXN-17855,16/05/2026 21:31,Store 3,104,Completed,Mobile App,13.56
TXN-17856,14/05/2026 8:27,Store 4,101,Completed,Mobile App,14.64
TXN-17857,24/05/2026 13:31,Store 4,108,Completed,Credit Card,15.27
TXN-17858,25/05/2026 21:06,Store 4,104,Completed,Credit Card,42.41
TXN-17859,09/05/2026 7:38,Store 6,100,Completed,Mobile App,15.93
TXN-17860,01/05/2026 20:41,Store 2,105,Completed,Cash,7.9
TXN-17861,23/05/2026 16:30,Store 5,106,Void,Cash,28.28
TXN-17862,20/05/2026 8:19,Store 1,108,Completed,Credit Card,43.09
TXN-17863,22/05/2026 17:41,Store 4,106,Completed,Cash,41.7
TXN-17864,01/05/2026 15:04,Store 5,106,Completed,Credit Card,5.23
TXN-17865,08/05/2026 7:00,Store 3,104,Completed,Cash,23.41
TXN-17866,04/05/2026 11:36,Store 2,107,Completed,Credit Card,31.02
TXN-17867,27/05/2026 15:28,Store 4,110,Completed,Credit Card,40.93
TXN-17868,14/05/2026 15:38,Store 1,108,Completed,Cash,43.88
TXN-17869,19/05/2026 13:09,Store 6,106,Completed,Credit Card,6.36
TXN-17870,06/05/2026 20:13,Store 2,106,Completed,Credit Card,7.05
TXN-17871,23/05/2026 7:31,Store 2,110,Completed,Credit Card,41.16
TXN-17872,28/05/2026 9:43,Store 2,101,Refund,Credit Card,7.15
TXN-17873,25/05/2026 18:31,Store 5,109,Completed,Credit Card,25.41
TXN-17874,12/05/2026 8:29,Store 2,100,Completed,Cash,34.72
TXN-17875,15/05/2026 8:48,Store 6,101,Completed,Mobile App,14.21
TXN-17876,15/05/2026 10:04,Store 5,110,Completed,Credit Card,28.6
TXN-17877,04/05/2026 15:43,Store 1,106,Completed,Mobile App,37.17
TXN-17878,06/05/2026 17:17,Store 4,100,Completed,Cash,34.97
TXN-17879,05/05/2026 14:56,Store 1,106,Completed,Credit Card,44.27
TXN-17880,24/05/2026 18:35,Store 1,102,Completed,Cash,13.75
TXN-17881,03/05/2026 15:41,Store 2,104,Completed,Cash,11.29
TXN-17882,21/05/2026 13:01,Store 2,107,Completed,Mobile App,38.8
TXN-17883,11/05/2026 14:50,Store 1,101,Completed,Credit Card,41.31
TXN-17884,06/05/2026 14:27,Store 2,107,Completed,Cash,33.25
TXN-17885,11/05/2026 9:04,Store 4,108,Completed,Mobile App,21.99
TXN-17886,21/05/2026 13:11,Store 6,101,Completed,Mobile App,6.67
TXN-17887,12/05/2026 16:30,Store 3,103,Completed,Cash,15.64
TXN-17888,28/05/2026 7:08,Store 2,108,Completed,Mobile App,39.47
TXN-17889,18/05/2026 18:25,Store 5,101,Completed,Credit Card,30.83
TXN-17890,28/05/2026 14:54,Store 3,102,Completed,Cash,26.53
TXN-17891,16/05/2026 14:31,Store 6,110,Completed,Cash,10.92
TXN-17892,12/05/2026 8:50,Store 4,110,Completed,Credit Card,9.94
TXN-17893,06/05/2026 8:48,Store 1,105,Completed,Credit Card,35.64
TXN-17894,02/05/2026 11:27,Store 3,110,Completed,Mobile App,29.5
TXN-17895,27/05/2026 13:50,Store 3,101,Completed,Cash,8.42
TXN-17896,26/05/2026 9:53,Store 4,102,Completed,Credit Card,40.07
TXN-17897,30/05/2026 13:02,Store 4,101,Completed,Mobile App,42.51
TXN-17898,18/05/2026 19:27,Store 3,106,Completed,Credit Card,12.15
TXN-17899,08/05/2026 14:15,Store 6,102,Completed,Credit Card,35.78
TXN-17900,12/05/2026 19:05,Store 4,102,Completed,Cash,32.44
TXN-17901,19/05/2026 9:31,Store 2,104,Completed,Credit Card,16.02
TXN-17902,15/05/2026 14:15,Store 4,101,Completed,Cash,32.73
TXN-17903,04/05/2026 9:49,Store 6,106,Completed,Cash,23.46
TXN-17904,21/05/2026 21:49,Store 5,109,Completed,Cash,23.16
TXN-17905,28/05/2026 8:44,Store 5,100,Completed,Cash,14.98
TXN-17906,22/05/2026 16:20,Store 2,105,Completed,Credit Card,18.39
TXN-17907,15/05/2026 9:08,Store 5,100,Completed,Mobile App,29.64
TXN-17908,07/05/2026 9:08,Store 3,102,Completed,Cash,26.44
TXN-17909,28/05/2026 12:05,Store 3,110,Completed,Mobile App,16.6
TXN-17910,16/05/2026 8:06,Store 6,102,Completed,Mobile App,38.21
TXN-17911,08/05/2026 18:02,Store 1,104,Completed,Credit Card,10.32
TXN-17912,14/05/2026 17:09,Store 6,101,Completed,Cash,23.65
TXN-17913,14/05/2026 16:36,Store 6,100,Completed,Credit Card,27.08
TXN-17914,23/05/2026 19:24,Store 5,108,Void,Credit Card,28.74
TXN-17915,16/05/2026 17:08,Store 2,107,Completed,Cash,10.96
TXN-17916,25/05/2026 9:05,Store 5,106,Completed,Credit Card,28.32
TXN-17917,02/05/2026 16:36,Store 1,100,Completed,Credit Card,44.37
TXN-17918,18/05/2026 18:19,Store 3,108,Completed,Credit Card,24.4
TXN-17919,21/05/2026 18:19,Store 3,103,Completed,Cash,13.93
TXN-17920,09/05/2026 18:07,Store 2,100,Completed,Mobile App,21.03
TXN-17921,17/05/2026 20:46,Store 6,101,Completed,Credit Card,7.69
TXN-17922,13/05/2026 17:37,Store 2,107,Completed,Mobile App,23.19
TXN-17923,05/05/2026 13:48,Store 2,107,Completed,Mobile App,12.1
TXN-17924,29/05/2026 11:40,Store 2,107,Completed,Cash,28.07
TXN-17925,14/05/2026 21:51,Store 6,108,Completed,Credit Card,6.04
TXN-17926,24/05/2026 18:06,Store 3,100,Completed,Cash,38.15
TXN-17927,08/05/2026 7:11,Store 1,109,Completed,Mobile App,33.01
TXN-17928,19/05/2026 9:08,Store 1,105,Completed,Mobile App,7.35
TXN-17929,02/05/2026 17:33,Store 2,107,Completed,Mobile App,38.62
TXN-17930,03/05/2026 13:44,Store 2,102,Completed,Mobile App,5.75
TXN-17931,30/05/2026 15:08,Store 2,108,Void,Credit Card,8.7
TXN-17932,10/05/2026 9:25,Store 2,110,Completed,Credit Card,10.45
TXN-17933,22/05/2026 7:12,Store 2,100,Completed,Cash,44.34
TXN-17934,16/05/2026 10:39,Store 2,107,Discount applied,Cash,36.46
TXN-17935,24/05/2026 20:31,Store 5,101,Completed,Cash,10.08
TXN-17936,12/05/2026 17:42,Store 6,105,Discount applied,Credit Card,37.42
TXN-17937,14/05/2026 21:33,Store 2,109,Completed,Cash,8.55
TXN-17938,06/05/2026 18:15,Store 3,103,Completed,Cash,39.47
TXN-17939,03/05/2026 16:24,Store 2,107,Completed,Credit Card,7.36
TXN-17940,29/05/2026 13:08,Store 2,107,Completed,Cash,19.01
TXN-17941,10/05/2026 17:45,Store 5,104,Completed,Credit Card,38.5
TXN-17942,24/05/2026 16:46,Store 2,109,Completed,Mobile App,18.01
TXN-17943,22/05/2026 17:42,Store 3,103,Completed,Cash,11.36
TXN-17944,23/05/2026 12:14,Store 1,105,Completed,Credit Card,11.49
TXN-17945,20/05/2026 18:16,Store 5,102,Completed,Credit Card,8.93
TXN-17946,03/05/2026 17:00,Store 1,104,Completed,Credit Card,41.05
TXN-17947,29/05/2026 14:20,Store 1,100,Completed,Cash,25.98
TXN-17948,04/05/2026 20:06,Store 3,103,Completed,Credit Card,18.52
TXN-17949,06/05/2026 7:59,Store 5,105,Completed,Cash,8.39
TXN-17950,20/05/2026 19:45,Store 3,110,Completed,Credit Card,38.07
TXN-17951,12/05/2026 11:22,Store 1,105,Completed,Credit Card,40.8
TXN-17952,11/05/2026 20:45,Store 5,102,Discount applied,Credit Card,17.09
TXN-17953,07/05/2026 10:51,Store 1,101,Completed,Credit Card,7.93
TXN-17954,17/05/2026 9:18,Store 4,110,Completed,Mobile App,37.93
TXN-17955,14/05/2026 21:27,Store 6,109,Void,Mobile App,8.86
TXN-17956,30/05/2026 17:01,Store 5,110,Completed,Cash,9.19
TXN-17957,04/05/2026 8:39,Store 6,108,Completed,Mobile App,35.85
TXN-17958,25/05/2026 20:42,Store 6,100,Completed,Credit Card,20.78
TXN-17959,30/05/2026 14:07,Store 6,100,Completed,Mobile App,41.2
TXN-17960,01/05/2026 9:24,Store 4,105,Completed,Credit Card,29.68
TXN-17961,20/05/2026 11:35,Store 3,106,Completed,Mobile App,34.49
TXN-17962,14/05/2026 14:44,Store 6,110,Completed,Cash,36.15
TXN-17963,06/05/2026 9:35,Store 4,106,Completed,Mobile App,40.68
TXN-17964,13/05/2026 21:27,Store 3,103,Completed,Credit Card,33.42
TXN-17965,07/05/2026 21:13,Store 3,104,Completed,Cash,19.2
TXN-17966,04/05/2026 17:44,Store 3,101,Completed,Cash,21.82
TXN-17967,21/05/2026 13:40,Store 6,105,Completed,Cash,44.58
TXN-17968,10/05/2026 10:16,Store 3,110,Completed,Mobile App,15.47
TXN-17969,04/05/2026 16:18,Store 1,105,Completed,Mobile App,18.18
TXN-17970,21/05/2026 11:15,Store 4,106,Completed,Mobile App,12.44
TXN-17971,04/05/2026 8:00,Store 5,104,Completed,Cash,25.79
TXN-17972,12/05/2026 10:17,Store 2,107,Completed,Mobile App,8.6
TXN-17973,11/05/2026 18:00,Store 1,100,Completed,Credit Card,27.7
TXN-17974,25/05/2026 17:07,Store 2,110,Completed,Cash,29.71
TXN-17975,09/05/2026 10:21,Store 2,106,Completed,Cash,7.39
TXN-17976,03/05/2026 18:52,Store 1,101,Completed,Mobile App,35.83
TXN-17977,08/05/2026 7:01,Store 4,106,Completed,Cash,24.38
TXN-17978,27/05/2026 13:13,Store 6,106,Completed,Mobile App,35.02
TXN-17979,04/05/2026 15:04,Store 4,110,Completed,Credit Card,9.68
TXN-17980,20/05/2026 9:13,Store 3,100,Completed,Cash,7.51
TXN-17981,12/05/2026 7:22,Store 4,109,Completed,Credit Card,34.58
TXN-17982,29/05/2026 21:07,Store 2,106,Completed,Mobile App,13.16
TXN-17983,11/05/2026 13:31,Store 5,101,Completed,Credit Card,37.78
TXN-17984,20/05/2026 20:08,Store 4,106,Completed,Cash,37.47
TXN-17985,03/05/2026 17:36,Store 2,109,Completed,Credit Card,21.42
TXN-17986,03/05/2026 16:53,Store 2,101,Completed,Cash,43.28
TXN-17987,24/05/2026 11:52,Store 5,109,Completed,Mobile App,10.59
TXN-17988,12/05/2026 16:58,Store 6,104,Completed,Credit Card,14.44
TXN-17989,04/05/2026 13:24,Store 3,104,Completed,Cash,22.12
TXN-17990,17/05/2026 17:26,Store 6,106,Completed,Mobile App,27.49
TXN-17991,04/05/2026 7:35,Store 4,108,Completed,Cash,19.91
TXN-17992,19/05/2026 8:33,Store 1,106,Completed,Cash,39.15
TXN-17993,12/05/2026 17:32,Store 5,104,Completed,Mobile App,35.11
TXN-17994,06/05/2026 21:19,Store 2,110,Refund,Mobile App,23.86
TXN-17995,04/05/2026 16:36,Store 4,104,Completed,Mobile App,6.29
TXN-17996,27/05/2026 20:47,Store 4,105,Completed,Mobile App,21.64
TXN-17997,03/05/2026 14:42,Store 4,100,Completed,Cash,20.11
TXN-17998,08/05/2026 11:34,Store 6,106,Completed,Mobile App,39.35
TXN-17999,20/05/2026 9:12,Store 2,107,Completed,Credit Card,13.94
TXN-18000,21/05/2026 12:18,Store 1,102,Completed,Credit Card,42.37
TXN-18001,16/05/2026 19:00,Store 6,102,Completed,Cash,44.82
TXN-18002,14/05/2026 16:26,Store 2,100,Completed,Credit Card,10.14
TXN-18003,13/05/2026 21:30,Store 2,109,Completed,Cash,35.98
TXN-18004,12/05/2026 21:32,Store 6,101,Completed,Cash,17.05
TXN-18005,21/05/2026 23:15,Store 3,103,Void,Cash,32.66
TXN-18006,06/05/2026 20:11,Store 3,110,Completed,Mobile App,38.07
TXN-18007,20/05/2026 13:54,Store 4,108,Completed,Mobile App,24.2
TXN-18008,17/05/2026 9:45,Store 2,106,Completed,Cash,11.66
TXN-18009,23/05/2026 14:51,Store 3,102,Refund,Credit Card,11.13
TXN-18010,18/05/2026 17:32,Store 2,107,Completed,Credit Card,38.74
TXN-18011,15/05/2026 13:11,Store 6,101,Completed,Mobile App,41.3
TXN-18012,05/05/2026 10:23,Store 5,104,Completed,Cash,25.4
TXN-18013,01/05/2026 9:56,Store 2,106,Completed,Mobile App,38.37
TXN-18014,03/05/2026 16:56,Store 2,107,Completed,Credit Card,37.93
TXN-18015,23/05/2026 10:26,Store 2,108,Completed,Credit Card,23.86
TXN-18016,21/05/2026 11:39,Store 3,102,Completed,Credit Card,11.75
TXN-18017,20/05/2026 19:14,Store 5,102,Completed,Cash,18.21
TXN-18018,29/05/2026 18:52,Store 3,103,Completed,Mobile App,32.1
TXN-18019,28/05/2026 18:33,Store 1,100,Completed,Mobile App,42.35
TXN-18020,16/05/2026 13:01,Store 6,110,Completed,Credit Card,19.79
TXN-18021,28/05/2026 13:43,Store 1,110,Completed,Cash,41.89
TXN-18022,01/05/2026 11:15,Store 5,108,Completed,Credit Card,22.14
TXN-18023,15/05/2026 7:15,Store 6,101,Completed,Credit Card,29.89
TXN-18024,03/05/2026 9:26,Store 6,100,Completed,Mobile App,41.06
TXN-18025,11/05/2026 10:05,Store 2,107,Completed,Mobile App,19.68
TXN-18026,16/05/2026 21:14,Store 4,101,Completed,Mobile App,23.08
TXN-18027,29/05/2026 16:18,Store 4,100,Completed,Mobile App,5.47
TXN-18028,08/05/2026 8:57,Store 3,104,Completed,Cash,21.11
TXN-18029,09/05/2026 11:57,Store 2,109,Completed,Credit Card,14.18
TXN-18030,21/05/2026 7:32,Store 5,110,Completed,Mobile App,26.02
TXN-18031,22/05/2026 21:57,Store 3,110,Completed,Cash,24.98
TXN-18032,28/05/2026 13:22,Store 2,106,Completed,Cash,14.79
TXN-18033,27/05/2026 19:32,Store 1,104,Completed,Mobile App,6.24
TXN-18034,24/05/2026 17:10,Store 3,103,Completed,Cash,27.26
TXN-18035,24/05/2026 9:41,Store 6,105,Completed,Credit Card,37.63
TXN-18036,01/05/2026 11:13,Store 3,109,Completed,Cash,15.27
TXN-18037,15/05/2026 18:51,Store 6,101,Completed,Cash,19.38
TXN-18038,15/05/2026 18:03,Store 3,102,Refund,Mobile App,11.91
TXN-18039,30/05/2026 19:54,Store 6,102,Completed,Mobile App,10.91
TXN-18040,07/05/2026 7:39,Store 6,110,Void,Mobile App,22.3
TXN-18041,02/05/2026 17:14,Store 6,101,Discount applied,Mobile App,34.94
TXN-18042,29/05/2026 9:24,Store 1,110,Completed,Credit Card,9.71
TXN-18043,27/05/2026 7:58,Store 5,105,Completed,Mobile App,33.6
TXN-18044,17/05/2026 22:47,Store 3,103,Void,Cash,23.09
TXN-18045,05/05/2026 16:51,Store 6,108,Completed,Credit Card,9.84
TXN-18046,05/05/2026 19:09,Store 3,109,Completed,Credit Card,23.9
TXN-18047,06/05/2026 18:15,Store 3,103,Completed,Mobile App,22.26
TXN-18048,13/05/2026 12:00,Store 4,100,Completed,Credit Card,15.65
TXN-18049,12/05/2026 17:57,Store 4,102,Completed,Mobile App,16.87
TXN-18050,14/05/2026 7:13,Store 5,102,Completed,Cash,33.95
TXN-18051,17/05/2026 19:30,Store 4,100,Completed,Credit Card,41.52
TXN-18052,03/05/2026 16:18,Store 3,104,Completed,Credit Card,23.43
TXN-18053,14/05/2026 19:36,Store 6,101,Completed,Mobile App,29.38
TXN-18054,09/05/2026 14:07,Store 6,105,Completed,Cash,20.74
TXN-18055,09/05/2026 16:21,Store 2,107,Completed,Mobile App,19.62
TXN-18056,06/05/2026 20:31,Store 3,108,Refund,Credit Card,20.67
TXN-18057,02/05/2026 13:16,Store 2,110,Refund,Credit Card,17.34
TXN-18058,15/05/2026 7:13,Store 3,100,Completed,Cash,7.13
TXN-18059,04/05/2026 12:41,Store 2,109,Void,Credit Card,17.02
TXN-18060,29/05/2026 9:20,Store 3,108,Completed,Credit Card,43
TXN-18061,17/05/2026 9:52,Store 4,102,Completed,Mobile App,6.55
TXN-18062,03/05/2026 15:28,Store 2,101,Completed,Cash,16.23
TXN-18063,15/05/2026 17:08,Store 2,107,Completed,Mobile App,9.48
TXN-18064,30/05/2026 9:26,Store 3,101,Completed,Cash,39.66
TXN-18065,28/05/2026 13:34,Store 6,104,Completed,Cash,5.34
TXN-18066,16/05/2026 17:46,Store 1,102,Completed,Mobile App,21.74
TXN-18067,25/05/2026 20:59,Store 3,103,Completed,Credit Card,38.53
TXN-18068,19/05/2026 12:39,Store 3,105,Completed,Credit Card,29.93
TXN-18069,13/05/2026 11:01,Store 5,109,Completed,Credit Card,27.28
TXN-18070,28/05/2026 18:34,Store 3,103,Completed,Cash,34.73
TXN-18071,21/05/2026 10:31,Store 4,109,Completed,Mobile App,40.42
TXN-18072,28/05/2026 13:31,Store 3,105,Completed,Cash,34.69
TXN-18073,25/05/2026 9:19,Store 6,109,Completed,Cash,38.56
TXN-18074,05/05/2026 19:12,Store 6,105,Completed,Cash,35.5
TXN-18075,02/05/2026 14:08,Store 2,109,Completed,Credit Card,34.05
TXN-18076,07/05/2026 20:53,Store 2,100,Completed,Credit Card,11.79
TXN-18077,22/05/2026 8:35,Store 4,105,Completed,Mobile App,12.12
TXN-18078,12/05/2026 13:01,Store 3,102,Completed,Cash,28.24
TXN-18079,25/05/2026 8:54,Store 5,104,Completed,Mobile App,17.36
TXN-18080,26/05/2026 15:17,Store 4,102,Completed,Credit Card,39.65
TXN-18081,01/05/2026 15:10,Store 1,105,Completed,Mobile App,16.75
TXN-18082,27/05/2026 9:37,Store 6,104,Completed,Credit Card,37.49
TXN-18083,11/05/2026 21:40,Store 1,100,Completed,Mobile App,9.73
TXN-18084,09/05/2026 10:56,Store 1,105,Completed,Credit Card,19.85
TXN-18085,29/05/2026 14:40,Store 3,104,Completed,Credit Card,30.52
TXN-18086,07/05/2026 9:05,Store 3,102,Completed,Credit Card,39.86
TXN-18087,02/05/2026 19:22,Store 5,105,Completed,Credit Card,18.14
TXN-18088,29/05/2026 18:43,Store 4,104,Completed,Credit Card,14.28
TXN-18089,07/05/2026 20:04,Store 3,108,Completed,Mobile App,30.02
TXN-18090,01/05/2026 8:25,Store 5,109,Completed,Credit Card,32.65
TXN-18091,16/05/2026 18:43,Store 5,109,Completed,Credit Card,33.07
TXN-18092,09/05/2026 19:55,Store 3,103,Completed,Cash,6.23
TXN-18093,03/05/2026 19:20,Store 3,104,Completed,Credit Card,17.44
TXN-18094,12/05/2026 17:44,Store 1,104,Completed,Mobile App,28.82
TXN-18095,11/05/2026 18:19,Store 3,103,Completed,Credit Card,38.04
TXN-18096,18/05/2026 18:21,Store 2,108,Completed,Cash,5.57
TXN-18097,23/05/2026 16:38,Store 1,106,Completed,Credit Card,32.62
TXN-18098,13/05/2026 14:40,Store 3,108,Completed,Credit Card,20.58
TXN-18099,12/05/2026 18:38,Store 6,104,Completed,Credit Card,38.45
TXN-18100,12/05/2026 14:21,Store 6,105,Completed,Credit Card,19.83
TXN-18101,18/05/2026 17:34,Store 1,104,Completed,Cash,31.17
TXN-18102,12/05/2026 14:14,Store 2,109,Completed,Credit Card,42.07
TXN-18103,10/05/2026 7:32,Store 3,110,Completed,Mobile App,37.25
TXN-18104,16/05/2026 8:12,Store 5,106,Completed,Cash,29.94
TXN-18105,11/05/2026 16:53,Store 2,101,Completed,Credit Card,34.96
TXN-18106,01/05/2026 19:47,Store 2,109,Completed,Cash,35.28
TXN-18107,19/05/2026 10:41,Store 3,110,Completed,Credit Card,41.27
TXN-18108,24/05/2026 18:29,Store 3,103,Completed,Credit Card,9.37
TXN-18109,28/05/2026 13:54,Store 5,104,Completed,Credit Card,24.98
TXN-18110,20/05/2026 15:55,Store 6,101,Completed,Cash,26.67
TXN-18111,29/05/2026 16:44,Store 3,105,Completed,Mobile App,25.67
TXN-18112,27/05/2026 17:43,Store 3,103,Completed,Credit Card,32.47
TXN-18113,18/05/2026 11:32,Store 2,105,Completed,Credit Card,43.02
TXN-18114,04/05/2026 11:00,Store 1,105,Completed,Mobile App,25.53
TXN-18115,27/05/2026 11:40,Store 6,100,Completed,Credit Card,13.42
TXN-18116,08/05/2026 8:11,Store 2,104,Completed,Credit Card,10.48
TXN-18117,09/05/2026 12:48,Store 6,105,Completed,Credit Card,35.98
TXN-18118,06/05/2026 18:07,Store 3,108,Completed,Credit Card,19.27
TXN-18119,17/05/2026 15:28,Store 2,107,Completed,Cash,36.27
TXN-18120,08/05/2026 18:04,Store 1,108,Completed,Credit Card,38.06
TXN-18121,10/05/2026 8:21,Store 4,102,Completed,Credit Card,23.31
TXN-18122,30/05/2026 7:00,Store 3,104,Completed,Credit Card,11.41
TXN-18123,13/05/2026 7:21,Store 3,109,Completed,Credit Card,44.22
TXN-18124,04/05/2026 12:22,Store 2,100,Completed,Credit Card,26.86
TXN-18125,08/05/2026 14:45,Store 4,104,Completed,Credit Card,44.25
TXN-18126,25/05/2026 23:46,Store 3,103,Void,Cash,42.62
TXN-18127,08/05/2026 8:24,Store 1,106,Completed,Cash,22.98
TXN-18128,12/05/2026 12:51,Store 3,102,Completed,Cash,43.84
TXN-18129,18/05/2026 19:06,Store 2,105,Completed,Cash,26.82
TXN-18130,05/05/2026 7:34,Store 2,102,Completed,Mobile App,36.4
TXN-18131,29/05/2026 12:27,Store 6,109,Completed,Credit Card,13.58
TXN-18132,23/05/2026 16:39,Store 3,104,Completed,Cash,24.54
TXN-18133,14/05/2026 8:01,Store 4,102,Completed,Credit Card,36.66
TXN-18134,15/05/2026 8:39,Store 3,110,Completed,Credit Card,18.7
TXN-18135,24/05/2026 16:28,Store 5,105,Completed,Cash,38.71
TXN-18136,27/05/2026 10:54,Store 3,100,Completed,Credit Card,29.79
TXN-18137,04/05/2026 20:32,Store 6,106,Completed,Mobile App,36.63
TXN-18138,05/05/2026 11:50,Store 2,107,Completed,Cash,27.75
TXN-18139,19/05/2026 13:43,Store 5,101,Completed,Credit Card,11.31
TXN-18140,13/05/2026 19:01,Store 3,103,Completed,Cash,38.79
TXN-18141,13/05/2026 15:06,Store 2,110,Completed,Cash,30.53
TXN-18142,30/05/2026 12:38,Store 1,102,Void,Cash,23.47
TXN-18143,10/05/2026 12:17,Store 1,110,Completed,Cash,37.26
TXN-18144,17/05/2026 9:11,Store 2,101,Completed,Credit Card,30.17
TXN-18145,01/05/2026 19:58,Store 5,101,Completed,Mobile App,26.73
TXN-18146,28/05/2026 17:03,Store 5,106,Completed,Mobile App,5.39
TXN-18147,27/05/2026 13:11,Store 5,101,Completed,Cash,15.78
TXN-18148,15/05/2026 8:17,Store 2,109,Completed,Mobile App,40.09
TXN-18149,14/05/2026 7:34,Store 6,101,Completed,Credit Card,16.85
TXN-18150,13/05/2026 12:17,Store 2,110,Completed,Mobile App,42.06
TXN-18151,07/05/2026 18:25,Store 5,110,Completed,Cash,40.92
TXN-18152,29/05/2026 18:20,Store 3,103,Completed,Cash,32.11
TXN-18153,08/05/2026 16:17,Store 2,107,Completed,Mobile App,14.57
TXN-18154,01/05/2026 12:56,Store 6,100,Completed,Cash,29.74
TXN-18155,22/05/2026 9:03,Store 3,104,Completed,Credit Card,27.7
TXN-18156,02/05/2026 12:10,Store 3,106,Completed,Cash,17.78
TXN-18157,24/05/2026 14:45,Store 5,100,Completed,Cash,38.25
TXN-18158,08/05/2026 11:08,Store 3,101,Completed,Mobile App,34.59
TXN-18159,03/05/2026 15:37,Store 3,101,Completed,Cash,5
TXN-18160,21/05/2026 10:25,Store 6,100,Completed,Mobile App,44.9
TXN-18161,28/05/2026 7:06,Store 6,106,Completed,Cash,41.81
TXN-18162,20/05/2026 11:02,Store 5,100,Completed,Credit Card,20.93
TXN-18163,03/05/2026 18:03,Store 6,105,Completed,Mobile App,24.74
TXN-18164,12/05/2026 10:05,Store 5,108,Completed,Mobile App,13.47
TXN-18165,20/05/2026 16:48,Store 5,104,Completed,Mobile App,31.29
TXN-18166,25/05/2026 20:29,Store 6,102,Completed,Credit Card,5.85
TXN-18167,07/05/2026 7:03,Store 3,102,Completed,Mobile App,44.12
TXN-18168,29/05/2026 14:10,Store 5,106,Completed,Mobile App,31.42
TXN-18169,29/05/2026 18:51,Store 4,102,Completed,Mobile App,31.8
TXN-18170,17/05/2026 18:55,Store 2,106,Refund,Credit Card,23.64
TXN-18171,22/05/2026 19:44,Store 6,105,Completed,Credit Card,10.74
TXN-18172,14/05/2026 21:55,Store 4,104,Completed,Credit Card,32.14
TXN-18173,05/05/2026 8:15,Store 4,104,Completed,Cash,25.56
TXN-18174,30/05/2026 19:44,Store 3,103,Completed,Cash,32.39
TXN-18175,10/05/2026 9:38,Store 1,109,Completed,Cash,17.08
TXN-18176,11/05/2026 10:12,Store 5,109,Completed,Credit Card,43.31
TXN-18177,01/05/2026 16:00,Store 5,104,Completed,Cash,24.6
TXN-18178,19/05/2026 10:54,Store 5,102,Completed,Credit Card,42.34
TXN-18179,07/05/2026 18:58,Store 3,103,Completed,Mobile App,18.61
TXN-18180,24/05/2026 21:44,Store 2,100,Completed,Cash,40.25
TXN-18181,15/05/2026 19:29,Store 4,109,Completed,Credit Card,18.68
TXN-18182,25/05/2026 13:34,Store 6,109,Completed,Cash,31.05
TXN-18183,15/05/2026 8:43,Store 3,106,Completed,Credit Card,32.47
TXN-18184,22/05/2026 19:48,Store 3,105,Completed,Credit Card,16.54
TXN-18185,19/05/2026 8:16,Store 2,110,Completed,Credit Card,11.65
TXN-18186,19/05/2026 14:09,Store 4,102,Completed,Cash,14.42
TXN-18187,03/05/2026 9:04,Store 6,104,Completed,Credit Card,30.8
TXN-18188,27/05/2026 15:42,Store 4,102,Completed,Mobile App,30.86
TXN-18189,02/05/2026 14:21,Store 2,107,Completed,Cash,5.62
TXN-18190,26/05/2026 16:22,Store 6,101,Void,Cash,25.13
TXN-18191,21/05/2026 21:04,Store 2,101,Completed,Mobile App,44.66
TXN-18192,25/05/2026 21:53,Store 3,103,Void,Cash,39.61
TXN-18193,09/05/2026 20:46,Store 3,103,Completed,Mobile App,5.44
TXN-18194,17/05/2026 21:24,Store 3,103,Completed,Credit Card,10.18
TXN-18195,16/05/2026 18:48,Store 4,105,Completed,Mobile App,32.34
TXN-18196,06/05/2026 13:51,Store 1,106,Void,Cash,26.76
TXN-18197,23/05/2026 21:26,Store 3,103,Completed,Mobile App,36.38
TXN-18198,11/05/2026 16:16,Store 1,106,Completed,Mobile App,6.97
TXN-18199,13/05/2026 12:04,Store 4,104,Completed,Mobile App,19.93
TXN-18200,27/05/2026 12:25,Store 2,107,Completed,Mobile App,31.74
TXN-18201,13/05/2026 12:18,Store 2,105,Completed,Credit Card,21.51
TXN-18202,17/05/2026 17:11,Store 3,101,Completed,Cash,44.64
TXN-18203,21/05/2026 14:32,Store 3,101,Completed,Cash,24.48
TXN-18204,11/05/2026 9:47,Store 2,110,Completed,Cash,42.22
TXN-18205,03/05/2026 19:12,Store 4,104,Completed,Credit Card,44.29
TXN-18206,28/05/2026 19:39,Store 6,104,Completed,Credit Card,10.61
TXN-18207,19/05/2026 15:31,Store 6,101,Completed,Credit Card,18.99
TXN-18208,24/05/2026 12:45,Store 5,104,Refund,Credit Card,21.42
TXN-18209,22/05/2026 12:34,Store 3,101,Completed,Mobile App,7.42
TXN-18210,24/05/2026 12:10,Store 1,101,Void,Cash,6.13
TXN-18211,05/05/2026 10:34,Store 5,104,Completed,Cash,14.42
TXN-18212,16/05/2026 9:07,Store 6,101,Refund,Cash,10.64
TXN-18213,17/05/2026 19:09,Store 3,105,Completed,Credit Card,41.23
TXN-18214,16/05/2026 19:59,Store 3,103,Completed,Credit Card,27.29
TXN-18215,28/05/2026 15:04,Store 1,101,Completed,Credit Card,21.84
TXN-18216,06/05/2026 18:03,Store 1,110,Completed,Mobile App,41.68
TXN-18217,12/05/2026 11:04,Store 3,105,Completed,Credit Card,29.78
TXN-18218,25/05/2026 19:00,Store 2,106,Completed,Credit Card,32.1
TXN-18219,02/05/2026 7:29,Store 6,109,Completed,Mobile App,8.34
TXN-18220,27/05/2026 18:17,Store 2,108,Completed,Mobile App,26.87
TXN-18221,05/05/2026 16:06,Store 2,107,Completed,Cash,24.25
TXN-18222,06/05/2026 16:57,Store 1,110,Completed,Credit Card,43.18
TXN-18223,21/05/2026 17:17,Store 6,100,Completed,Mobile App,35.83
TXN-18224,28/05/2026 18:34,Store 3,100,Completed,Cash,32.55
TXN-18225,16/05/2026 15:04,Store 5,104,Completed,Cash,17.19
TXN-18226,30/05/2026 17:49,Store 5,102,Void,Credit Card,12.24
TXN-18227,30/05/2026 16:38,Store 2,104,Completed,Cash,34.42
TXN-18228,30/05/2026 8:35,Store 3,104,Completed,Credit Card,6.18
TXN-18229,05/05/2026 13:38,Store 6,106,Completed,Credit Card,42.14
TXN-18230,17/05/2026 16:08,Store 3,100,Completed,Credit Card,33.47
TXN-18231,14/05/2026 18:21,Store 3,109,Completed,Credit Card,5.53
TXN-18232,02/05/2026 14:00,Store 5,110,Completed,Mobile App,10.08
TXN-18233,17/05/2026 17:37,Store 6,110,Void,Mobile App,20.25
TXN-18234,07/05/2026 10:49,Store 4,108,Completed,Credit Card,8.71
TXN-18235,06/05/2026 8:47,Store 4,105,Completed,Cash,36.25
TXN-18236,17/05/2026 12:54,Store 1,105,Completed,Mobile App,31.01
TXN-18237,15/05/2026 17:56,Store 3,105,Completed,Credit Card,16.3
TXN-18238,20/05/2026 15:58,Store 5,100,Completed,Mobile App,15.34
TXN-18239,28/05/2026 13:03,Store 4,101,Completed,Cash,6.07
TXN-18240,26/05/2026 15:18,Store 2,110,Completed,Cash,33.03
TXN-18241,11/05/2026 8:44,Store 3,106,Completed,Credit Card,7.87
TXN-18242,19/05/2026 10:27,Store 6,108,Completed,Credit Card,27.15
TXN-18243,18/05/2026 7:14,Store 4,101,Completed,Cash,34.87
TXN-18244,20/05/2026 17:06,Store 3,103,Completed,Mobile App,21.46
TXN-18245,18/05/2026 19:42,Store 3,103,Completed,Mobile App,24.91
TXN-18246,07/05/2026 21:41,Store 6,105,Completed,Credit Card,32.61
TXN-18247,19/05/2026 12:45,Store 2,107,Completed,Credit Card,24.23
TXN-18248,01/05/2026 7:55,Store 2,104,Completed,Credit Card,24.66
TXN-18249,07/05/2026 14:11,Store 2,107,Refund,Cash,43.48
TXN-18250,14/05/2026 10:31,Store 3,106,Refund,Credit Card,6.51
TXN-18251,02/05/2026 11:37,Store 3,106,Completed,Cash,15.19
TXN-18252,19/05/2026 16:01,Store 5,110,Completed,Cash,35.85
TXN-18253,10/05/2026 12:36,Store 2,110,Completed,Credit Card,19.47
TXN-18254,08/05/2026 11:17,Store 2,107,Completed,Cash,32.31
TXN-18255,07/05/2026 14:38,Store 3,106,Void,Credit Card,9.01
TXN-18256,13/05/2026 20:48,Store 6,109,Completed,Credit Card,38.12
TXN-18257,25/05/2026 17:56,Store 1,101,Void,Cash,5.83
TXN-18258,22/05/2026 11:51,Store 5,100,Completed,Credit Card,24.39
TXN-18259,26/05/2026 9:15,Store 6,104,Completed,Credit Card,27.97
TXN-18260,13/05/2026 12:35,Store 3,105,Completed,Credit Card,27.11
TXN-18261,03/05/2026 20:02,Store 3,102,Completed,Cash,34.11
TXN-18262,21/05/2026 16:23,Store 2,107,Discount applied,Cash,35.93
TXN-18263,10/05/2026 14:56,Store 1,105,Completed,Credit Card,38.21
TXN-18264,25/05/2026 18:00,Store 3,103,Completed,Cash,39.25
TXN-18265,14/05/2026 16:39,Store 2,102,Completed,Cash,20.93
TXN-18266,15/05/2026 19:54,Store 5,102,Completed,Cash,29.62
TXN-18267,27/05/2026 17:53,Store 2,107,Completed,Credit Card,18.86
TXN-18268,22/05/2026 13:04,Store 6,105,Completed,Credit Card,40.43
TXN-18269,06/05/2026 15:54,Store 1,106,Completed,Cash,44.99
TXN-18270,10/05/2026 11:44,Store 5,100,Completed,Mobile App,44.26
TXN-18271,01/05/2026 19:39,Store 3,103,Completed,Cash,29.97
TXN-18272,21/05/2026 18:16,Store 5,106,Completed,Credit Card,36.88
TXN-18273,06/05/2026 8:18,Store 4,101,Completed,Credit Card,7.4
TXN-18274,25/05/2026 15:06,Store 6,105,Completed,Cash,12.05
TXN-18275,26/05/2026 18:37,Store 1,105,Completed,Cash,35.37
TXN-18276,04/05/2026 11:31,Store 6,102,Completed,Mobile App,41.87
TXN-18277,09/05/2026 14:14,Store 6,105,Completed,Mobile App,16.1
TXN-18278,07/05/2026 10:46,Store 2,110,Void,Credit Card,22.41
TXN-18279,05/05/2026 15:20,Store 5,102,Completed,Cash,21.4
TXN-18280,09/05/2026 22:39,Store 3,103,Void,Cash,22.58
TXN-18281,09/05/2026 14:14,Store 3,100,Completed,Credit Card,10.63
TXN-18282,03/05/2026 19:31,Store 3,101,Refund,Credit Card,21.44
TXN-18283,13/05/2026 16:18,Store 5,101,Completed,Mobile App,10.23
TXN-18284,10/05/2026 8:03,Store 3,104,Completed,Cash,29.91
TXN-18285,25/05/2026 21:40,Store 6,100,Completed,Credit Card,18.81
TXN-18286,05/05/2026 20:43,Store 5,104,Completed,Cash,34.34
TXN-18287,12/05/2026 17:41,Store 6,106,Completed,Credit Card,13.76
TXN-18288,16/05/2026 16:50,Store 2,102,Completed,Credit Card,39.87
TXN-18289,06/05/2026 9:54,Store 4,108,Completed,Cash,31.48
TXN-18290,14/05/2026 13:56,Store 5,105,Completed,Credit Card,17.17
TXN-18291,28/05/2026 7:42,Store 5,105,Completed,Credit Card,23.04
TXN-18292,26/05/2026 21:45,Store 2,106,Completed,Mobile App,22.37
TXN-18293,25/05/2026 13:38,Store 3,101,Completed,Mobile App,33.7
TXN-18294,07/05/2026 17:56,Store 4,102,Completed,Cash,6.26
TXN-18295,24/05/2026 13:30,Store 4,108,Completed,Mobile App,19.93
TXN-18296,23/05/2026 8:36,Store 6,100,Completed,Credit Card,38.03
TXN-18297,04/05/2026 16:06,Store 2,105,Completed,Credit Card,39.92
TXN-18298,25/05/2026 16:28,Store 4,101,Completed,Cash,7.02
TXN-18299,14/05/2026 21:03,Store 4,105,Completed,Cash,20.99
TXN-18300,29/05/2026 18:32,Store 1,108,Completed,Credit Card,20.94
TXN-18301,05/05/2026 8:11,Store 4,104,Completed,Cash,21.34
TXN-18302,16/05/2026 7:29,Store 5,108,Completed,Credit Card,42.96
TXN-18303,20/05/2026 17:41,Store 1,100,Completed,Credit Card,16.95
TXN-18304,02/05/2026 7:22,Store 2,100,Completed,Mobile App,26.57
TXN-18305,05/05/2026 19:23,Store 6,101,Completed,Credit Card,39.52
TXN-18306,20/05/2026 10:23,Store 4,109,Completed,Mobile App,29.92
TXN-18307,15/05/2026 8:32,Store 1,110,Completed,Cash,27.6
TXN-18308,19/05/2026 18:19,Store 6,102,Completed,Credit Card,22.14
TXN-18309,19/05/2026 9:47,Store 1,106,Completed,Mobile App,33.28
TXN-18310,21/05/2026 15:07,Store 6,105,Completed,Cash,26.79
TXN-18311,19/05/2026 13:16,Store 1,100,Completed,Credit Card,27.93
TXN-18312,21/05/2026 10:37,Store 3,106,Completed,Credit Card,43.34
TXN-18313,05/05/2026 18:33,Store 6,100,Refund,Cash,10.27
TXN-18314,07/05/2026 7:34,Store 4,109,Completed,Mobile App,8.62
TXN-18315,23/05/2026 17:31,Store 2,107,Completed,Credit Card,5.22
TXN-18316,02/05/2026 9:45,Store 4,109,Completed,Cash,14.26
TXN-18317,23/05/2026 15:24,Store 5,104,Completed,Credit Card,18.45
TXN-18318,17/05/2026 9:46,Store 4,102,Completed,Credit Card,41.65
TXN-18319,04/05/2026 9:06,Store 2,106,Completed,Credit Card,40.5
TXN-18320,25/05/2026 20:31,Store 3,109,Completed,Mobile App,37.11
TXN-18321,20/05/2026 13:52,Store 5,101,Completed,Credit Card,7.46
TXN-18322,27/05/2026 10:35,Store 2,105,Completed,Credit Card,19.29
TXN-18323,08/05/2026 17:01,Store 3,103,Completed,Mobile App,19.8
TXN-18324,13/05/2026 18:02,Store 4,109,Void,Cash,17.36
TXN-18325,09/05/2026 7:22,Store 4,101,Completed,Mobile App,23.72
TXN-18326,21/05/2026 10:55,Store 1,102,Completed,Mobile App,42.72
TXN-18327,03/05/2026 16:10,Store 2,101,Completed,Cash,35.01
TXN-18328,02/05/2026 10:56,Store 3,104,Completed,Credit Card,34.28
TXN-18329,07/05/2026 14:52,Store 3,110,Discount applied,Cash,26.19
TXN-18330,27/05/2026 11:54,Store 6,106,Completed,Cash,22.6
TXN-18331,30/05/2026 11:59,Store 4,104,Completed,Mobile App,38.03
TXN-18332,04/05/2026 15:10,Store 6,101,Void,Cash,22.8
TXN-18333,16/05/2026 15:03,Store 6,106,Completed,Credit Card,33.85
TXN-18334,15/05/2026 7:19,Store 6,105,Completed,Cash,21.02
TXN-18335,11/05/2026 16:16,Store 1,104,Completed,Cash,40.89
TXN-18336,17/05/2026 17:21,Store 5,100,Completed,Mobile App,16.45
TXN-18337,01/05/2026 14:05,Store 3,104,Void,Cash,6.26
TXN-18338,20/05/2026 20:55,Store 5,105,Completed,Cash,17.49
TXN-18339,07/05/2026 15:09,Store 6,105,Completed,Cash,28.76
TXN-18340,10/05/2026 16:38,Store 2,107,Completed,Mobile App,28.77
TXN-18341,06/05/2026 18:43,Store 5,105,Completed,Credit Card,28.62
TXN-18342,01/05/2026 16:46,Store 2,106,Completed,Credit Card,5.65
TXN-18343,20/05/2026 10:57,Store 1,110,Completed,Cash,8.29
TXN-18344,13/05/2026 17:37,Store 2,107,Completed,Mobile App,25.91
TXN-18345,25/05/2026 8:14,Store 2,105,Completed,Mobile App,18.64
TXN-18346,01/05/2026 13:37,Store 1,100,Completed,Credit Card,8.74
TXN-18347,08/05/2026 20:50,Store 2,106,Completed,Mobile App,22.34
TXN-18348,28/05/2026 18:20,Store 3,103,Completed,Cash,8.54
TXN-18349,05/05/2026 19:46,Store 4,108,Completed,Credit Card,35.72
TXN-18350,29/05/2026 13:45,Store 5,100,Completed,Credit Card,25.59
TXN-18351,11/05/2026 14:17,Store 3,110,Refund,Credit Card,6.72
TXN-18352,06/05/2026 12:10,Store 1,102,Completed,Credit Card,16.03
TXN-18353,09/05/2026 16:07,Store 5,100,Completed,Credit Card,41.09
TXN-18354,09/05/2026 14:11,Store 3,108,Refund,Credit Card,18.72
TXN-18355,22/05/2026 12:08,Store 2,110,Completed,Credit Card,44.06
TXN-18356,06/05/2026 11:30,Store 1,105,Discount applied,Cash,31.76
TXN-18357,13/05/2026 10:43,Store 5,101,Completed,Credit Card,39.18
TXN-18358,17/05/2026 7:19,Store 3,105,Completed,Cash,21.51
TXN-18359,22/05/2026 8:24,Store 1,106,Completed,Cash,23.49
TXN-18360,20/05/2026 13:28,Store 6,109,Completed,Credit Card,16.75
TXN-18361,17/05/2026 17:09,Store 5,104,Completed,Credit Card,36.62
TXN-18362,13/05/2026 12:14,Store 1,104,Completed,Credit Card,39.13
TXN-18363,23/05/2026 18:41,Store 3,105,Completed,Cash,39.06
TXN-18364,03/05/2026 13:31,Store 1,109,Completed,Credit Card,32.82
TXN-18365,05/05/2026 15:50,Store 2,107,Completed,Mobile App,17.55
TXN-18366,25/05/2026 12:56,Store 2,100,Refund,Mobile App,11.07
TXN-18367,23/05/2026 11:03,Store 6,104,Completed,Mobile App,38.43
TXN-18368,24/05/2026 18:44,Store 5,101,Completed,Credit Card,37.66
TXN-18369,06/05/2026 16:04,Store 6,108,Void,Cash,19.6
TXN-18370,19/05/2026 16:51,Store 6,109,Completed,Mobile App,16.43
TXN-18371,04/05/2026 9:11,Store 4,106,Completed,Cash,44.77
TXN-18372,24/05/2026 9:57,Store 2,107,Completed,Cash,10.52
TXN-18373,25/05/2026 8:22,Store 3,100,Completed,Cash,27.85
TXN-18374,30/05/2026 15:00,Store 2,104,Refund,Credit Card,24.39
TXN-18375,21/05/2026 9:43,Store 3,109,Completed,Mobile App,31.12
TXN-18376,12/05/2026 17:18,Store 2,107,Completed,Credit Card,21.13
TXN-18377,25/05/2026 11:16,Store 5,105,Completed,Cash,10.92
TXN-18378,18/05/2026 12:16,Store 3,108,Completed,Mobile App,11.66
TXN-18379,23/05/2026 16:06,Store 6,102,Void,Credit Card,12.19
TXN-18380,28/05/2026 12:07,Store 6,104,Completed,Credit Card,40.07
TXN-18381,20/05/2026 20:59,Store 2,102,Completed,Credit Card,31.78
TXN-18382,12/05/2026 18:52,Store 6,108,Void,Credit Card,17.25
TXN-18383,21/05/2026 19:22,Store 3,103,Completed,Cash,35.27
TXN-18384,23/05/2026 13:31,Store 3,106,Completed,Mobile App,22.56
TXN-18385,04/05/2026 10:59,Store 6,105,Completed,Cash,30.01
TXN-18386,16/05/2026 15:34,Store 6,100,Completed,Cash,10.94
TXN-18387,13/05/2026 12:53,Store 3,100,Completed,Credit Card,18.18
TXN-18388,30/05/2026 11:23,Store 2,107,Completed,Mobile App,20.78
TXN-18389,01/05/2026 20:42,Store 3,105,Completed,Credit Card,39.6
TXN-18390,17/05/2026 14:20,Store 4,110,Completed,Cash,16.72
TXN-18391,03/05/2026 18:33,Store 3,103,Completed,Credit Card,17.41
TXN-18392,04/05/2026 20:51,Store 4,102,Completed,Credit Card,42.54
TXN-18393,10/05/2026 19:36,Store 2,101,Refund,Cash,13.44
TXN-18394,02/05/2026 12:18,Store 3,102,Refund,Credit Card,10.63
TXN-18395,12/05/2026 8:02,Store 2,104,Completed,Cash,31.08
TXN-18396,28/05/2026 7:02,Store 1,106,Completed,Cash,29.39
TXN-18397,25/05/2026 20:10,Store 6,104,Completed,Credit Card,23.34
TXN-18398,06/05/2026 21:29,Store 3,103,Completed,Cash,16.04
TXN-18399,05/05/2026 14:56,Store 5,105,Completed,Mobile App,37.86
TXN-18400,30/05/2026 19:05,Store 3,104,Completed,Mobile App,39.23
TXN-18401,02/05/2026 8:13,Store 4,109,Completed,Credit Card,21.5
TXN-18402,27/05/2026 15:26,Store 5,100,Completed,Cash,35.4
TXN-18403,16/05/2026 7:22,Store 5,108,Completed,Cash,40.67
TXN-18404,09/05/2026 17:44,Store 3,104,Completed,Mobile App,13.08
TXN-18405,30/05/2026 9:59,Store 2,109,Completed,Credit Card,31.78
TXN-18406,27/05/2026 13:10,Store 6,106,Completed,Credit Card,29.96
TXN-18407,28/05/2026 16:32,Store 2,107,Completed,Credit Card,6.16
TXN-18408,10/05/2026 12:36,Store 2,104,Completed,Mobile App,12.08
TXN-18409,11/05/2026 7:06,Store 5,106,Completed,Credit Card,25.04
TXN-18410,16/05/2026 14:39,Store 3,108,Void,Mobile App,16.64
TXN-18411,09/05/2026 17:50,Store 5,106,Completed,Mobile App,43.78
TXN-18412,10/05/2026 12:24,Store 2,106,Completed,Mobile App,36.42
TXN-18413,29/05/2026 23:15,Store 3,103,Refund,Cash,39.58
TXN-18414,28/05/2026 16:08,Store 3,104,Completed,Cash,19.9
TXN-18415,20/05/2026 9:40,Store 1,102,Completed,Credit Card,7.68
TXN-18416,06/05/2026 20:27,Store 3,104,Completed,Credit Card,35.32
TXN-18417,01/05/2026 14:08,Store 1,106,Completed,Cash,27.46
TXN-18418,10/05/2026 16:47,Store 4,100,Completed,Mobile App,37.95
TXN-18419,20/05/2026 8:24,Store 2,108,Discount applied,Credit Card,23.52
TXN-18420,26/05/2026 12:49,Store 4,104,Completed,Credit Card,27.43
TXN-18421,05/05/2026 10:09,Store 1,101,Discount applied,Mobile App,14.99
TXN-18422,15/05/2026 21:37,Store 6,101,Completed,Credit Card,27.18
TXN-18423,24/05/2026 7:08,Store 6,105,Completed,Mobile App,32.02
TXN-18424,03/05/2026 14:51,Store 4,101,Completed,Cash,19.84
TXN-18425,03/05/2026 9:54,Store 1,100,Completed,Cash,23.63
TXN-18426,30/05/2026 17:45,Store 4,104,Completed,Credit Card,28.54
TXN-18427,24/05/2026 21:18,Store 3,103,Completed,Credit Card,6.52
TXN-18428,05/05/2026 21:28,Store 4,101,Completed,Credit Card,32.54
TXN-18429,19/05/2026 19:21,Store 6,110,Completed,Credit Card,29.32
TXN-18430,20/05/2026 18:38,Store 5,104,Discount applied,Credit Card,38.78
TXN-18431,07/05/2026 20:13,Store 6,102,Completed,Cash,7.45
TXN-18432,13/05/2026 18:15,Store 6,108,Completed,Credit Card,6.63
TXN-18433,01/05/2026 10:10,Store 1,106,Completed,Cash,35.3
TXN-18434,15/05/2026 15:21,Store 2,101,Refund,Mobile App,24.86
TXN-18435,15/05/2026 11:02,Store 3,104,Completed,Mobile App,39.03
TXN-18436,04/05/2026 20:52,Store 3,104,Completed,Credit Card,30.67
TXN-18437,21/05/2026 21:44,Store 3,103,Void,Cash,26.11
TXN-18438,29/05/2026 20:04,Store 3,103,Completed,Cash,22.87
TXN-18439,18/05/2026 16:08,Store 2,107,Completed,Credit Card,32.92
TXN-18440,03/05/2026 16:48,Store 5,104,Completed,Mobile App,40.55
TXN-18441,28/05/2026 11:26,Store 2,107,Completed,Mobile App,28.55
TXN-18442,06/05/2026 20:29,Store 5,100,Completed,Credit Card,44.91
TXN-18443,07/05/2026 18:03,Store 2,105,Completed,Mobile App,41.84
TXN-18444,15/05/2026 17:02,Store 5,110,Completed,Mobile App,17.17
TXN-18445,12/05/2026 14:29,Store 3,108,Completed,Credit Card,30.65
TXN-18446,24/05/2026 7:09,Store 6,100,Completed,Credit Card,14.35
TXN-18447,01/05/2026 21:54,Store 4,104,Completed,Credit Card,6.08
TXN-18448,08/05/2026 21:04,Store 5,106,Discount applied,Cash,6.77
TXN-18449,01/05/2026 8:52,Store 4,108,Completed,Cash,34.97
TXN-18450,12/05/2026 8:48,Store 2,102,Completed,Mobile App,26.69
TXN-18451,05/05/2026 11:15,Store 6,104,Completed,Cash,34.55
TXN-18452,04/05/2026 11:37,Store 3,106,Completed,Mobile App,18.08
TXN-18453,01/05/2026 10:26,Store 6,100,Completed,Cash,10.16
TXN-18454,22/05/2026 10:29,Store 6,100,Completed,Credit Card,31.71
TXN-18455,09/05/2026 21:48,Store 4,102,Completed,Credit Card,43.09
TXN-18456,23/05/2026 14:41,Store 3,105,Completed,Cash,41.57
TXN-18457,16/05/2026 12:45,Store 3,109,Completed,Cash,37.09
TXN-18458,06/05/2026 7:18,Store 1,105,Completed,Cash,15.85
TXN-18459,22/05/2026 13:29,Store 6,109,Completed,Credit Card,44.75
TXN-18460,03/05/2026 7:00,Store 1,109,Completed,Mobile App,19.54
TXN-18461,25/05/2026 17:08,Store 4,108,Completed,Cash,44.68
TXN-18462,06/05/2026 19:56,Store 6,108,Completed,Mobile App,27.1
TXN-18463,17/05/2026 17:06,Store 5,108,Completed,Credit Card,36.04
TXN-18464,13/05/2026 20:59,Store 3,103,Completed,Mobile App,7.92
TXN-18465,26/05/2026 8:37,Store 6,110,Void,Cash,5.22
TXN-18466,18/05/2026 18:16,Store 2,108,Completed,Mobile App,38.84
TXN-18467,06/05/2026 9:22,Store 6,109,Completed,Credit Card,40.34
TXN-18468,21/05/2026 14:19,Store 2,105,Completed,Credit Card,25.2
TXN-18469,14/05/2026 10:28,Store 4,109,Completed,Cash,30.87
TXN-18470,28/05/2026 17:15,Store 5,105,Completed,Credit Card,32.91
TXN-18471,29/05/2026 13:05,Store 5,101,Completed,Credit Card,17.85
TXN-18472,26/05/2026 12:31,Store 1,106,Completed,Credit Card,14.4
TXN-18473,24/05/2026 8:08,Store 1,102,Completed,Cash,14.12
TXN-18474,20/05/2026 9:10,Store 6,104,Completed,Credit Card,8.48
TXN-18475,09/05/2026 12:29,Store 1,110,Completed,Mobile App,38.34
TXN-18476,21/05/2026 11:10,Store 1,101,Void,Credit Card,13.11
TXN-18477,13/05/2026 8:44,Store 5,100,Completed,Cash,15.17
TXN-18478,03/05/2026 17:39,Store 3,103,Completed,Cash,17.31
TXN-18479,29/05/2026 14:38,Store 1,105,Completed,Cash,17.21
TXN-18480,21/05/2026 17:19,Store 2,107,Completed,Credit Card,23.6
TXN-18481,19/05/2026 18:36,Store 3,101,Completed,Credit Card,43.76
TXN-18482,15/05/2026 10:30,Store 4,110,Completed,Mobile App,18.66
TXN-18483,04/05/2026 13:51,Store 6,100,Completed,Credit Card,41.72
TXN-18484,13/05/2026 20:47,Store 6,105,Completed,Cash,8.91
TXN-18485,23/05/2026 8:26,Store 3,108,Completed,Credit Card,11.84
TXN-18486,04/05/2026 7:05,Store 5,100,Completed,Mobile App,21.7
TXN-18487,12/05/2026 12:12,Store 2,109,Completed,Credit Card,15.21
TXN-18488,22/05/2026 20:07,Store 1,102,Completed,Cash,38.41
TXN-18489,06/05/2026 21:33,Store 3,105,Completed,Credit Card,12.84
TXN-18490,28/05/2026 11:53,Store 6,100,Completed,Mobile App,13.18
TXN-18491,28/05/2026 17:03,Store 1,110,Completed,Credit Card,15.33
TXN-18492,06/05/2026 8:03,Store 4,109,Completed,Credit Card,16.56
TXN-18493,04/05/2026 16:38,Store 5,109,Completed,Credit Card,37.88
TXN-18494,18/05/2026 12:00,Store 3,100,Completed,Credit Card,31.98
TXN-18495,27/05/2026 7:13,Store 1,105,Completed,Mobile App,31.6
TXN-18496,15/05/2026 9:17,Store 6,102,Completed,Mobile App,10.08
TXN-18497,10/05/2026 18:12,Store 3,103,Completed,Credit Card,21.8
TXN-18498,25/05/2026 16:24,Store 1,101,Completed,Credit Card,24.52
TXN-18499,25/05/2026 8:18,Store 3,109,Completed,Credit Card,23.07
TXN-18500,03/05/2026 20:41,Store 2,102,Completed,Cash,8.77
TXN-18501,29/05/2026 8:33,Store 4,100,Completed,Cash,11.41
TXN-18502,27/05/2026 18:35,Store 3,102,Completed,Mobile App,5.77
TXN-18503,21/05/2026 17:11,Store 1,100,Completed,Credit Card,10.44
TXN-18504,02/05/2026 17:09,Store 4,109,Completed,Cash,26.6
TXN-18505,21/05/2026 9:48,Store 5,109,Completed,Credit Card,33.3
TXN-18506,15/05/2026 12:01,Store 6,110,Completed,Credit Card,21.16
TXN-18507,02/05/2026 8:02,Store 2,101,Completed,Credit Card,43.23
TXN-18508,24/05/2026 21:47,Store 1,105,Completed,Mobile App,36.9
TXN-18509,02/05/2026 9:06,Store 6,106,Completed,Credit Card,40.09
TXN-18510,16/05/2026 10:18,Store 6,101,Refund,Cash,22.98
TXN-18511,19/05/2026 16:57,Store 6,104,Completed,Mobile App,13.91
TXN-18512,04/05/2026 11:37,Store 1,106,Completed,Credit Card,15.73
TXN-18513,20/05/2026 19:52,Store 2,102,Completed,Cash,23.14
TXN-18514,19/05/2026 18:46,Store 1,108,Completed,Mobile App,12.11
TXN-18515,14/05/2026 8:50,Store 2,110,Completed,Cash,16.63
TXN-18516,08/05/2026 21:27,Store 1,100,Completed,Credit Card,32.53
TXN-18517,29/05/2026 19:07,Store 3,103,Completed,Credit Card,27.95
TXN-18518,23/05/2026 19:50,Store 3,103,Completed,Credit Card,33.16
TXN-18519,13/05/2026 13:01,Store 1,109,Completed,Mobile App,16.67
TXN-18520,09/05/2026 16:59,Store 4,106,Completed,Credit Card,15.87
TXN-18521,25/05/2026 14:15,Store 2,104,Completed,Mobile App,14.55
TXN-18522,11/05/2026 14:01,Store 5,102,Completed,Credit Card,40.4
TXN-18523,04/05/2026 10:36,Store 5,102,Completed,Mobile App,15.97
TXN-18524,11/05/2026 21:00,Store 1,106,Completed,Mobile App,29.15
TXN-18525,26/05/2026 12:03,Store 2,107,Discount applied,Cash,23.97
TXN-18526,06/05/2026 21:55,Store 3,109,Completed,Cash,26.31
TXN-18527,03/05/2026 13:02,Store 6,104,Completed,Cash,7.11
TXN-18528,26/05/2026 16:43,Store 4,109,Completed,Credit Card,36.17
TXN-18529,01/05/2026 21:15,Store 3,103,Void,Cash,24.77
TXN-18530,16/05/2026 19:26,Store 5,100,Completed,Credit Card,22.43
TXN-18531,23/05/2026 11:52,Store 2,102,Completed,Credit Card,43.89
TXN-18532,13/05/2026 7:00,Store 1,102,Completed,Cash,43.34
TXN-18533,07/05/2026 20:01,Store 3,100,Completed,Credit Card,10.34
TXN-18534,29/05/2026 21:46,Store 6,104,Completed,Credit Card,29.9
TXN-18535,03/05/2026 9:52,Store 5,105,Refund,Credit Card,6.42
TXN-18536,04/05/2026 13:16,Store 2,107,Completed,Mobile App,35.85
TXN-18537,16/05/2026 20:52,Store 2,100,Completed,Cash,42.67
TXN-18538,23/05/2026 16:25,Store 2,107,Completed,Cash,22.89
TXN-18539,10/05/2026 19:31,Store 3,103,Completed,Cash,38.43
TXN-18540,12/05/2026 9:34,Store 2,104,Completed,Mobile App,24.91
TXN-18541,26/05/2026 13:53,Store 5,105,Completed,Mobile App,12.78
TXN-18542,01/05/2026 12:12,Store 3,108,Completed,Credit Card,20.76
TXN-18543,05/05/2026 20:40,Store 1,108,Completed,Cash,5.37
TXN-18544,11/05/2026 19:26,Store 5,101,Completed,Cash,28.89
TXN-18545,05/05/2026 8:35,Store 4,100,Completed,Mobile App,22.35
TXN-18546,13/05/2026 13:46,Store 2,104,Completed,Cash,40.27
TXN-18547,21/05/2026 8:09,Store 5,106,Completed,Credit Card,40.9
TXN-18548,02/05/2026 9:22,Store 5,110,Completed,Cash,16.21
TXN-18549,03/05/2026 12:58,Store 6,102,Completed,Mobile App,25.89
TXN-18550,11/05/2026 7:01,Store 3,105,Completed,Credit Card,19.66
TXN-18551,09/05/2026 18:09,Store 5,105,Completed,Credit Card,26.36
TXN-18552,07/05/2026 18:48,Store 5,102,Completed,Mobile App,10.96
TXN-18553,12/05/2026 11:48,Store 6,105,Completed,Cash,36.15
TXN-18554,26/05/2026 18:30,Store 5,106,Completed,Mobile App,18.04
TXN-18555,11/05/2026 7:56,Store 4,110,Void,Mobile App,14.73
TXN-18556,30/05/2026 16:47,Store 6,100,Void,Credit Card,13.59
TXN-18557,20/05/2026 14:12,Store 6,105,Completed,Mobile App,16.94
TXN-18558,11/05/2026 11:13,Store 2,107,Completed,Cash,6.61
TXN-18559,25/05/2026 16:54,Store 2,105,Completed,Cash,34.22
TXN-18560,29/05/2026 9:25,Store 6,109,Completed,Mobile App,31.09
TXN-18561,27/05/2026 21:46,Store 4,109,Completed,Mobile App,39
TXN-18562,05/05/2026 10:43,Store 4,109,Completed,Mobile App,15.55
TXN-18563,05/05/2026 21:48,Store 1,100,Completed,Mobile App,28.82
TXN-18564,28/05/2026 19:03,Store 3,106,Completed,Mobile App,9.98
TXN-18565,07/05/2026 15:13,Store 2,107,Completed,Mobile App,30.58
TXN-18566,15/05/2026 19:58,Store 3,100,Completed,Credit Card,10.32
TXN-18567,28/05/2026 11:46,Store 4,110,Completed,Mobile App,25.72
TXN-18568,03/05/2026 13:51,Store 2,110,Completed,Cash,33.19
TXN-18569,19/05/2026 16:42,Store 2,102,Completed,Mobile App,34.28
TXN-18570,24/05/2026 13:39,Store 2,101,Completed,Mobile App,10.01
TXN-18571,09/05/2026 21:34,Store 1,102,Completed,Cash,39.1
TXN-18572,21/05/2026 19:27,Store 3,102,Completed,Cash,41.78
TXN-18573,09/05/2026 13:07,Store 5,101,Completed,Credit Card,34.21
TXN-18574,04/05/2026 13:56,Store 2,107,Completed,Credit Card,35.75
TXN-18575,19/05/2026 7:23,Store 3,108,Completed,Mobile App,30.73
TXN-18576,05/05/2026 7:13,Store 6,106,Completed,Credit Card,26.59
TXN-18577,12/05/2026 17:29,Store 5,109,Completed,Mobile App,30.7
TXN-18578,24/05/2026 16:59,Store 6,101,Completed,Credit Card,33.97
TXN-18579,07/05/2026 15:33,Store 6,110,Completed,Cash,14.07
TXN-18580,20/05/2026 17:15,Store 2,107,Completed,Cash,26.84
TXN-18581,28/05/2026 20:06,Store 3,103,Completed,Credit Card,36.58
TXN-18582,30/05/2026 20:15,Store 1,102,Completed,Mobile App,40.49
TXN-18583,30/05/2026 7:02,Store 2,102,Completed,Mobile App,32.32
TXN-18584,11/05/2026 21:08,Store 5,109,Completed,Credit Card,39.87
TXN-18585,19/05/2026 19:36,Store 3,103,Completed,Mobile App,8.25
TXN-18586,20/05/2026 11:30,Store 3,110,Void,Credit Card,32.81
TXN-18587,18/05/2026 13:15,Store 2,105,Completed,Mobile App,27.95
TXN-18588,20/05/2026 15:16,Store 2,100,Completed,Mobile App,39.33
TXN-18589,13/05/2026 23:35,Store 3,103,Void,Cash,36.03
TXN-18590,05/05/2026 8:42,Store 4,110,Completed,Mobile App,30.17
TXN-18591,30/05/2026 13:17,Store 2,107,Completed,Mobile App,31.48
TXN-18592,10/05/2026 14:35,Store 1,105,Completed,Credit Card,34.31
TXN-18593,09/05/2026 23:59,Store 3,103,Void,Cash,29.42
TXN-18594,18/05/2026 8:08,Store 2,101,Completed,Credit Card,22.24
TXN-18595,01/05/2026 19:27,Store 4,105,Completed,Mobile App,36.87
TXN-18596,19/05/2026 20:05,Store 3,103,Completed,Mobile App,6.47
TXN-18597,08/05/2026 21:53,Store 2,106,Completed,Mobile App,11.36
TXN-18598,22/05/2026 8:18,Store 4,104,Completed,Mobile App,12.1
TXN-18599,20/05/2026 20:46,Store 3,109,Completed,Mobile App,41.27
TXN-18600,18/05/2026 20:27,Store 1,104,Completed,Credit Card,7.78
TXN-18601,25/05/2026 10:00,Store 4,104,Completed,Credit Card,19.73
TXN-18602,06/05/2026 15:00,Store 3,110,Completed,Mobile App,28.57
TXN-18603,30/05/2026 12:00,Store 6,106,Void,Mobile App,23.31
TXN-18604,19/05/2026 10:32,Store 2,105,Completed,Credit Card,13.07
TXN-18605,05/05/2026 18:39,Store 3,103,Completed,Credit Card,6.99
TXN-18606,03/05/2026 12:59,Store 4,104,Completed,Cash,37.22
TXN-18607,07/05/2026 10:42,Store 3,101,Completed,Cash,22.73
TXN-18608,29/05/2026 16:07,Store 6,110,Completed,Mobile App,38.09
TXN-18609,17/05/2026 10:46,Store 1,109,Completed,Credit Card,43.38
TXN-18610,18/05/2026 20:34,Store 1,108,Completed,Mobile App,7.56
TXN-18611,30/05/2026 9:37,Store 2,107,Completed,Credit Card,13.17
TXN-18612,30/05/2026 13:39,Store 4,106,Completed,Cash,32.94
TXN-18613,06/05/2026 12:59,Store 2,107,Completed,Mobile App,12.47
TXN-18614,20/05/2026 12:38,Store 4,108,Completed,Mobile App,27.53
TXN-18615,14/05/2026 20:31,Store 1,108,Completed,Credit Card,27.17
TXN-18616,12/05/2026 20:40,Store 6,101,Completed,Credit Card,21.59
TXN-18617,08/05/2026 8:42,Store 3,102,Completed,Credit Card,25.13
TXN-18618,30/05/2026 11:02,Store 4,101,Completed,Cash,35.18
TXN-18619,23/05/2026 16:12,Store 4,104,Completed,Mobile App,11.97
TXN-18620,05/05/2026 14:32,Store 6,105,Completed,Credit Card,25.09
TXN-18621,17/05/2026 19:49,Store 1,101,Completed,Credit Card,15.11
TXN-18622,02/05/2026 13:59,Store 3,100,Completed,Cash,25.02
TXN-18623,30/05/2026 14:09,Store 5,101,Completed,Credit Card,18.87
TXN-18624,28/05/2026 21:38,Store 3,105,Completed,Cash,24.53
TXN-18625,06/05/2026 14:09,Store 1,110,Completed,Mobile App,25.61
TXN-18626,22/05/2026 8:22,Store 1,109,Completed,Cash,32.81
TXN-18627,16/05/2026 20:46,Store 3,108,Completed,Cash,34.84
TXN-18628,26/05/2026 18:43,Store 3,106,Completed,Mobile App,21.19
TXN-18629,20/05/2026 13:47,Store 6,100,Completed,Credit Card,42.26
TXN-18630,25/05/2026 21:38,Store 4,101,Completed,Cash,38.97
TXN-18631,09/05/2026 16:12,Store 2,101,Completed,Credit Card,12.6
TXN-18632,22/05/2026 9:02,Store 5,100,Completed,Credit Card,31.52
TXN-18633,15/05/2026 10:00,Store 2,107,Completed,Mobile App,17.98
TXN-18634,26/05/2026 18:21,Store 4,101,Void,Mobile App,27.99
TXN-18635,05/05/2026 13:54,Store 3,105,Completed,Mobile App,31.86
TXN-18636,19/05/2026 7:33,Store 3,104,Completed,Mobile App,41.82
TXN-18637,25/05/2026 19:35,Store 3,109,Completed,Mobile App,12.91
TXN-18638,26/05/2026 14:32,Store 3,101,Completed,Credit Card,34.95
TXN-18639,15/05/2026 11:39,Store 6,101,Completed,Credit Card,38.17
TXN-18640,17/05/2026 21:44,Store 3,103,Completed,Credit Card,15.24
TXN-18641,10/05/2026 11:21,Store 4,106,Completed,Credit Card,35.34
TXN-18642,07/05/2026 15:30,Store 5,109,Completed,Credit Card,43.47
TXN-18643,28/05/2026 21:11,Store 2,101,Completed,Credit Card,31.82
TXN-18644,01/05/2026 7:17,Store 6,101,Completed,Mobile App,28.3
TXN-18645,07/05/2026 14:19,Store 6,105,Completed,Cash,36.28
TXN-18646,06/05/2026 13:28,Store 3,104,Completed,Credit Card,39.48
TXN-18647,26/05/2026 12:00,Store 4,106,Completed,Credit Card,11.55
TXN-18648,10/05/2026 15:27,Store 2,108,Completed,Cash,23.3
TXN-18649,26/05/2026 9:27,Store 3,101,Completed,Credit Card,31.99
TXN-18650,03/05/2026 15:39,Store 6,104,Completed,Credit Card,7.83
TXN-18651,14/05/2026 18:01,Store 6,100,Completed,Credit Card,29.65
TXN-18652,25/05/2026 19:26,Store 5,101,Completed,Mobile App,14.94
TXN-18653,02/05/2026 11:46,Store 3,102,Completed,Cash,17.93
TXN-18654,19/05/2026 15:48,Store 1,101,Completed,Mobile App,16.43
TXN-18655,27/05/2026 14:59,Store 2,106,Completed,Mobile App,31.53
TXN-18656,03/05/2026 19:10,Store 4,101,Completed,Cash,9.34
TXN-18657,26/05/2026 21:17,Store 3,103,Completed,Mobile App,31.22
TXN-18658,23/05/2026 14:05,Store 5,104,Completed,Cash,37.26
TXN-18659,17/05/2026 13:46,Store 1,110,Completed,Mobile App,22.14
TXN-18660,17/05/2026 18:31,Store 3,106,Completed,Credit Card,7.31
TXN-18661,23/05/2026 18:55,Store 3,103,Completed,Credit Card,11.87
TXN-18662,28/05/2026 21:23,Store 2,108,Completed,Mobile App,7.81
TXN-18663,18/05/2026 9:20,Store 3,110,Completed,Credit Card,11.96
TXN-18664,14/05/2026 18:22,Store 3,105,Completed,Cash,29.67
TXN-18665,16/05/2026 10:25,Store 2,107,Completed,Cash,6.83
TXN-18666,30/05/2026 15:53,Store 5,110,Completed,Cash,23.82
TXN-18667,09/05/2026 19:54,Store 3,103,Completed,Credit Card,11.23
TXN-18668,25/05/2026 15:32,Store 1,110,Completed,Cash,5
TXN-18669,10/05/2026 20:24,Store 2,105,Refund,Credit Card,13.26
TXN-18670,30/05/2026 15:15,Store 5,102,Completed,Mobile App,28
TXN-18671,10/05/2026 18:27,Store 5,100,Completed,Credit Card,33.96
TXN-18672,12/05/2026 11:28,Store 3,106,Completed,Mobile App,34.11
TXN-18673,13/05/2026 15:15,Store 1,106,Completed,Credit Card,38.12
TXN-18674,28/05/2026 7:21,Store 1,106,Completed,Mobile App,19.4
TXN-18675,25/05/2026 17:45,Store 4,101,Completed,Mobile App,32.76
TXN-18676,11/05/2026 20:21,Store 3,103,Completed,Mobile App,10.78
TXN-18677,08/05/2026 11:28,Store 3,104,Completed,Credit Card,28.4
TXN-18678,08/05/2026 16:42,Store 5,102,Completed,Credit Card,15.56
TXN-18679,09/05/2026 8:34,Store 6,104,Completed,Credit Card,24.95
TXN-18680,13/05/2026 9:21,Store 6,101,Completed,Cash,28.5
TXN-18681,17/05/2026 18:17,Store 1,108,Completed,Credit Card,23.19
TXN-18682,02/05/2026 18:41,Store 4,101,Completed,Cash,19.06
TXN-18683,14/05/2026 16:17,Store 4,108,Completed,Credit Card,39.86
TXN-18684,11/05/2026 11:34,Store 5,106,Completed,Credit Card,25.57
TXN-18685,26/05/2026 16:24,Store 3,105,Completed,Mobile App,11.78
TXN-18686,14/05/2026 7:36,Store 5,106,Completed,Credit Card,37.27
TXN-18687,10/05/2026 21:48,Store 3,105,Completed,Mobile App,42.56
TXN-18688,27/05/2026 19:49,Store 2,106,Completed,Cash,37.2
TXN-18689,25/05/2026 9:25,Store 5,102,Refund,Credit Card,6.21
TXN-18690,27/05/2026 17:25,Store 1,104,Completed,Cash,25.01
TXN-18691,06/05/2026 18:22,Store 2,102,Completed,Credit Card,37.84
TXN-18692,17/05/2026 21:23,Store 5,104,Completed,Credit Card,27.75
TXN-18693,03/05/2026 17:27,Store 4,105,Completed,Credit Card,37.16
TXN-18694,04/05/2026 17:34,Store 2,102,Completed,Mobile App,13.95
TXN-18695,22/05/2026 21:12,Store 1,106,Completed,Cash,40.68
TXN-18696,30/05/2026 9:44,Store 3,108,Completed,Mobile App,12.86
TXN-18697,10/05/2026 11:49,Store 4,104,Completed,Mobile App,37.22
TXN-18698,16/05/2026 15:34,Store 5,110,Completed,Mobile App,28.24
TXN-18699,16/05/2026 10:13,Store 2,107,Completed,Mobile App,25.22
TXN-18700,26/05/2026 9:01,Store 4,100,Completed,Cash,11.33
TXN-18701,14/05/2026 19:51,Store 3,103,Completed,Mobile App,26.5
TXN-18702,16/05/2026 15:05,Store 2,105,Completed,Mobile App,5.46
TXN-18703,13/05/2026 15:19,Store 6,104,Completed,Cash,16.26
TXN-18704,20/05/2026 16:10,Store 4,108,Completed,Credit Card,16.83
TXN-18705,11/05/2026 11:08,Store 2,108,Completed,Mobile App,9.23
TXN-18706,15/05/2026 11:29,Store 3,104,Completed,Cash,11.3
TXN-18707,24/05/2026 18:43,Store 6,100,Completed,Credit Card,21.19
TXN-18708,03/05/2026 18:15,Store 1,101,Completed,Mobile App,7.3
TXN-18709,20/05/2026 12:55,Store 3,101,Completed,Mobile App,25.42
TXN-18710,22/05/2026 13:39,Store 2,107,Completed,Cash,14.82
TXN-18711,14/05/2026 16:47,Store 6,106,Completed,Cash,16.29
TXN-18712,20/05/2026 20:25,Store 3,104,Completed,Cash,34.01
TXN-18713,24/05/2026 10:13,Store 2,109,Completed,Cash,30.34
TXN-18714,19/05/2026 12:45,Store 4,109,Completed,Cash,22.81
TXN-18715,05/05/2026 16:22,Store 4,101,Completed,Cash,41.04
TXN-18716,18/05/2026 18:07,Store 6,108,Completed,Mobile App,7.06
TXN-18717,14/05/2026 15:10,Store 1,109,Completed,Cash,9.06
TXN-18718,27/05/2026 17:53,Store 3,103,Completed,Mobile App,24.77
TXN-18719,03/05/2026 12:10,Store 3,101,Completed,Mobile App,8
TXN-18720,22/05/2026 18:03,Store 2,109,Completed,Cash,17.28
TXN-18721,05/05/2026 20:05,Store 6,102,Completed,Credit Card,14.76
TXN-18722,23/05/2026 15:30,Store 5,100,Completed,Mobile App,7.69
TXN-18723,13/05/2026 15:26,Store 3,109,Completed,Credit Card,35.75
TXN-18724,30/05/2026 12:03,Store 6,104,Completed,Credit Card,39.39
TXN-18725,11/05/2026 19:28,Store 5,109,Completed,Cash,29.97
TXN-18726,10/05/2026 17:51,Store 2,107,Completed,Credit Card,12.53
TXN-18727,03/05/2026 15:34,Store 1,104,Completed,Credit Card,44.98
TXN-18728,23/05/2026 15:11,Store 4,102,Completed,Credit Card,34.96
TXN-18729,27/05/2026 9:21,Store 1,101,Completed,Credit Card,11.78
TXN-18730,05/05/2026 17:39,Store 3,103,Completed,Cash,35.88
TXN-18731,18/05/2026 10:45,Store 1,110,Completed,Mobile App,32.02
TXN-18732,14/05/2026 17:35,Store 3,102,Refund,Credit Card,19.56
TXN-18733,10/05/2026 16:46,Store 2,107,Completed,Cash,23.66
TXN-18734,11/05/2026 19:56,Store 3,103,Completed,Cash,33.21
TXN-18735,06/05/2026 16:27,Store 3,109,Completed,Mobile App,8.69
TXN-18736,05/05/2026 8:54,Store 5,101,Completed,Cash,34.59
TXN-18737,02/05/2026 10:06,Store 4,108,Completed,Cash,28.73
TXN-18738,20/05/2026 17:30,Store 3,103,Completed,Mobile App,10.46
TXN-18739,13/05/2026 19:01,Store 3,103,Completed,Credit Card,31.63
TXN-18740,11/05/2026 16:50,Store 5,104,Completed,Mobile App,5.21
TXN-18741,06/05/2026 7:45,Store 6,105,Completed,Mobile App,44.99
TXN-18742,14/05/2026 21:23,Store 5,108,Completed,Cash,21.75
TXN-18743,16/05/2026 18:28,Store 4,108,Completed,Mobile App,13.71
TXN-18744,25/05/2026 9:09,Store 3,110,Completed,Credit Card,16.64
TXN-18745,13/05/2026 18:27,Store 3,103,Completed,Credit Card,7.36
TXN-18746,01/05/2026 16:08,Store 5,106,Completed,Mobile App,38.01
TXN-18747,04/05/2026 8:11,Store 5,100,Completed,Cash,20.9
TXN-18748,25/05/2026 14:52,Store 2,110,Completed,Credit Card,29.44
TXN-18749,02/05/2026 10:06,Store 4,109,Completed,Credit Card,19.42
TXN-18750,07/05/2026 10:01,Store 6,102,Completed,Mobile App,19.46
TXN-18751,29/05/2026 13:36,Store 2,106,Completed,Cash,35.84
TXN-18752,18/05/2026 15:36,Store 4,108,Completed,Cash,25.74
TXN-18753,28/05/2026 20:00,Store 6,105,Completed,Credit Card,30.69
TXN-18754,20/05/2026 11:58,Store 5,104,Completed,Cash,40.47
TXN-18755,15/05/2026 15:59,Store 4,106,Completed,Cash,13.88
TXN-18756,07/05/2026 20:11,Store 1,106,Completed,Cash,20.05
TXN-18757,20/05/2026 21:34,Store 3,102,Completed,Credit Card,38.49
TXN-18758,11/05/2026 8:02,Store 5,105,Completed,Mobile App,26.17
TXN-18759,26/05/2026 20:36,Store 3,104,Completed,Credit Card,23.74
TXN-18760,19/05/2026 18:42,Store 2,108,Completed,Mobile App,41.23
TXN-18761,17/05/2026 22:59,Store 3,103,Void,Cash,27.2
TXN-18762,05/05/2026 9:35,Store 6,106,Completed,Credit Card,17.87
TXN-18763,19/05/2026 18:55,Store 3,103,Completed,Mobile App,14.93
TXN-18764,05/05/2026 13:06,Store 2,110,Completed,Cash,28.33
TXN-18765,13/05/2026 9:07,Store 3,108,Completed,Cash,34.73
TXN-18766,16/05/2026 16:13,Store 3,100,Completed,Credit Card,36.19
TXN-18767,02/05/2026 11:21,Store 6,101,Completed,Cash,27.46
TXN-18768,15/05/2026 11:03,Store 6,108,Completed,Credit Card,5.29
TXN-18769,02/05/2026 20:06,Store 1,109,Completed,Credit Card,6.12
TXN-18770,08/05/2026 10:46,Store 2,108,Completed,Credit Card,25.63
TXN-18771,01/05/2026 16:43,Store 4,108,Completed,Cash,23.24
TXN-18772,05/05/2026 7:57,Store 4,106,Completed,Cash,33.42
TXN-18773,20/05/2026 9:22,Store 2,100,Completed,Cash,9.77
TXN-18774,14/05/2026 9:26,Store 3,104,Completed,Mobile App,44.05
TXN-18775,26/05/2026 16:34,Store 4,108,Completed,Cash,36.11
TXN-18776,02/05/2026 16:44,Store 6,104,Completed,Cash,17.55
TXN-18777,10/05/2026 15:31,Store 2,108,Completed,Cash,38.38
TXN-18778,11/05/2026 13:52,Store 4,106,Completed,Cash,22.11
TXN-18779,07/05/2026 14:09,Store 6,102,Completed,Credit Card,5.43
TXN-18780,14/05/2026 20:35,Store 4,102,Completed,Cash,42.84
TXN-18781,20/05/2026 20:24,Store 2,104,Completed,Credit Card,30.19
TXN-18782,04/05/2026 9:42,Store 3,104,Completed,Mobile App,39.06
TXN-18783,23/05/2026 20:10,Store 5,100,Completed,Mobile App,9.42
TXN-18784,05/05/2026 19:33,Store 5,101,Completed,Credit Card,18.21
TXN-18785,23/05/2026 10:42,Store 1,105,Completed,Mobile App,33.26
TXN-18786,29/05/2026 9:58,Store 4,102,Completed,Cash,14.55
TXN-18787,26/05/2026 18:55,Store 4,110,Refund,Cash,11.77
TXN-18788,25/05/2026 14:51,Store 3,108,Completed,Mobile App,11.29
TXN-18789,29/05/2026 13:57,Store 2,107,Completed,Mobile App,16.55
TXN-18790,24/05/2026 17:09,Store 3,110,Completed,Credit Card,34.54
TXN-18791,15/05/2026 20:05,Store 3,109,Completed,Credit Card,30.56
TXN-18792,05/05/2026 8:45,Store 2,109,Completed,Credit Card,20.4
TXN-18793,18/05/2026 17:54,Store 6,104,Completed,Mobile App,40.33
TXN-18794,20/05/2026 8:21,Store 1,100,Void,Credit Card,21
TXN-18795,04/05/2026 11:39,Store 2,108,Completed,Cash,39.09
TXN-18796,22/05/2026 10:19,Store 3,101,Completed,Cash,20.89
TXN-18797,17/05/2026 8:16,Store 4,100,Completed,Cash,44.86
TXN-18798,01/05/2026 21:01,Store 3,103,Completed,Mobile App,21.78
TXN-18799,14/05/2026 21:22,Store 1,105,Completed,Credit Card,8.28
TXN-18800,09/05/2026 21:01,Store 3,103,Void,Cash,32.53
TXN-18801,01/05/2026 19:05,Store 2,108,Completed,Credit Card,33.46
TXN-18802,24/05/2026 19:11,Store 4,108,Discount applied,Mobile App,27.14
TXN-18803,15/05/2026 10:13,Store 4,110,Completed,Credit Card,16.25
TXN-18804,21/05/2026 19:09,Store 5,109,Completed,Credit Card,35.89
TXN-18805,30/05/2026 10:30,Store 2,110,Completed,Credit Card,39.21
TXN-18806,12/05/2026 9:11,Store 4,100,Completed,Cash,14.81
TXN-18807,26/05/2026 20:00,Store 6,102,Completed,Mobile App,37.85
TXN-18808,24/05/2026 19:19,Store 3,103,Completed,Mobile App,20.59
TXN-18809,05/05/2026 20:17,Store 2,109,Completed,Cash,24.71
TXN-18810,14/05/2026 12:09,Store 2,107,Completed,Credit Card,22.36
TXN-18811,01/05/2026 13:26,Store 6,108,Completed,Credit Card,9.57
TXN-18812,06/05/2026 20:00,Store 2,109,Discount applied,Credit Card,8.93
TXN-18813,07/05/2026 10:37,Store 5,100,Completed,Credit Card,8.23
TXN-18814,09/05/2026 11:16,Store 6,110,Void,Credit Card,14.59
TXN-18815,03/05/2026 10:01,Store 3,110,Void,Cash,27.16
TXN-18816,10/05/2026 13:06,Store 5,106,Completed,Mobile App,26.77
TXN-18817,15/05/2026 11:44,Store 3,105,Completed,Cash,13.59
TXN-18818,12/05/2026 17:31,Store 5,109,Refund,Cash,18.27
TXN-18819,14/05/2026 7:49,Store 2,102,Completed,Cash,18.72
TXN-18820,13/05/2026 9:18,Store 3,110,Completed,Credit Card,22.77
TXN-18821,13/05/2026 21:58,Store 6,109,Completed,Credit Card,10.59
TXN-18822,20/05/2026 17:23,Store 3,103,Completed,Credit Card,36.86
TXN-18823,20/05/2026 13:27,Store 5,101,Completed,Cash,40.92
TXN-18824,24/05/2026 18:34,Store 1,104,Completed,Mobile App,24.17
TXN-18825,23/05/2026 9:50,Store 1,105,Completed,Cash,43.84
TXN-18826,20/05/2026 17:58,Store 3,110,Completed,Cash,31.3
TXN-18827,27/05/2026 15:52,Store 3,108,Completed,Credit Card,30.27
TXN-18828,24/05/2026 8:54,Store 5,108,Completed,Credit Card,7.02
TXN-18829,21/05/2026 18:57,Store 3,105,Completed,Credit Card,25.69
TXN-18830,15/05/2026 15:09,Store 3,104,Completed,Credit Card,25.96
TXN-18831,22/05/2026 8:25,Store 1,110,Completed,Credit Card,38.37
TXN-18832,13/05/2026 17:00,Store 6,100,Completed,Cash,9.98
TXN-18833,05/05/2026 16:18,Store 6,102,Completed,Cash,39.59
TXN-18834,17/05/2026 11:54,Store 6,106,Completed,Cash,27.33
TXN-18835,18/05/2026 7:11,Store 6,102,Completed,Cash,27.22
TXN-18836,18/05/2026 8:04,Store 3,100,Completed,Cash,36.63
TXN-18837,11/05/2026 13:30,Store 2,104,Completed,Cash,7.07
TXN-18838,25/05/2026 12:52,Store 2,102,Completed,Credit Card,15.02
TXN-18839,21/05/2026 19:49,Store 2,102,Completed,Cash,29.47
TXN-18840,25/05/2026 10:13,Store 2,102,Completed,Credit Card,24.73
TXN-18841,10/05/2026 19:10,Store 4,104,Completed,Mobile App,13.62
TXN-18842,16/05/2026 10:51,Store 2,107,Refund,Credit Card,44.12
TXN-18843,30/05/2026 12:09,Store 2,109,Completed,Cash,44.02
TXN-18844,19/05/2026 18:12,Store 2,102,Discount applied,Credit Card,15.69
TXN-18845,23/05/2026 16:23,Store 5,109,Completed,Cash,30.97
TXN-18846,18/05/2026 14:33,Store 2,100,Completed,Mobile App,6.16
TXN-18847,14/05/2026 11:52,Store 3,104,Completed,Credit Card,5.28
TXN-18848,15/05/2026 12:26,Store 2,107,Completed,Credit Card,5.06
TXN-18849,30/05/2026 18:19,Store 6,109,Completed,Credit Card,6.81
TXN-18850,30/05/2026 12:11,Store 2,110,Completed,Credit Card,29.06
TXN-18851,30/05/2026 8:19,Store 6,108,Completed,Cash,38.39
TXN-18852,27/05/2026 18:47,Store 5,110,Completed,Mobile App,19.61
TXN-18853,25/05/2026 16:29,Store 6,102,Completed,Credit Card,27.99
TXN-18854,03/05/2026 14:16,Store 4,105,Completed,Cash,13.31
TXN-18855,06/05/2026 17:59,Store 1,100,Completed,Mobile App,13.12
TXN-18856,11/05/2026 21:27,Store 4,104,Refund,Cash,7.58
TXN-18857,03/05/2026 8:16,Store 5,108,Completed,Cash,6.51
TXN-18858,17/05/2026 15:28,Store 6,102,Completed,Mobile App,8.07
TXN-18859,07/05/2026 12:14,Store 5,104,Completed,Credit Card,43.24
TXN-18860,05/05/2026 17:54,Store 4,100,Completed,Credit Card,24.95
TXN-18861,25/05/2026 15:51,Store 5,109,Completed,Credit Card,14.9
TXN-18862,15/05/2026 8:37,Store 4,104,Completed,Credit Card,30.05
TXN-18863,20/05/2026 9:02,Store 4,104,Void,Cash,11.12
TXN-18864,04/05/2026 15:45,Store 4,101,Completed,Cash,17.28
TXN-18865,25/05/2026 18:23,Store 3,103,Completed,Cash,18.19
TXN-18866,05/05/2026 9:05,Store 2,110,Completed,Mobile App,13.36
TXN-18867,08/05/2026 13:48,Store 1,106,Completed,Credit Card,30
TXN-18868,11/05/2026 9:40,Store 6,102,Completed,Mobile App,44.12
TXN-18869,26/05/2026 10:22,Store 2,102,Completed,Credit Card,16.52
TXN-18870,21/05/2026 20:53,Store 2,108,Completed,Credit Card,33.77
TXN-18871,05/05/2026 7:33,Store 5,108,Completed,Cash,27.92
TXN-18872,20/05/2026 21:46,Store 6,105,Completed,Mobile App,40.2
TXN-18873,16/05/2026 20:18,Store 6,100,Void,Credit Card,12.71
TXN-18874,26/05/2026 7:50,Store 6,100,Completed,Mobile App,26.51
TXN-18875,07/05/2026 21:53,Store 1,102,Completed,Cash,6.32
TXN-18876,22/05/2026 11:25,Store 3,106,Discount applied,Cash,27.65
TXN-18877,01/05/2026 18:57,Store 5,105,Completed,Cash,40.43
TXN-18878,20/05/2026 12:31,Store 5,100,Void,Cash,31.36
TXN-18879,18/05/2026 20:51,Store 3,109,Discount applied,Credit Card,6.3
TXN-18880,09/05/2026 18:54,Store 4,105,Void,Credit Card,31.2
TXN-18881,04/05/2026 7:03,Store 1,102,Discount applied,Mobile App,9.58
TXN-18882,25/05/2026 16:36,Store 5,108,Completed,Mobile App,31.27
TXN-18883,26/05/2026 17:25,Store 5,106,Completed,Mobile App,34.41
TXN-18884,05/05/2026 18:03,Store 6,102,Completed,Mobile App,25.98
TXN-18885,09/05/2026 13:06,Store 2,109,Completed,Mobile App,8.47
TXN-18886,03/05/2026 15:44,Store 1,104,Completed,Cash,40.91
TXN-18887,01/05/2026 17:05,Store 2,100,Completed,Mobile App,31.76
TXN-18888,19/05/2026 19:47,Store 1,108,Completed,Credit Card,10.55
TXN-18889,19/05/2026 21:31,Store 1,101,Completed,Cash,35.51
TXN-18890,24/05/2026 16:01,Store 2,100,Completed,Credit Card,23.8
TXN-18891,15/05/2026 17:06,Store 4,110,Completed,Credit Card,25.76
TXN-18892,17/05/2026 21:50,Store 6,104,Completed,Credit Card,23.19
TXN-18893,23/05/2026 13:22,Store 2,104,Completed,Cash,43.02
TXN-18894,05/05/2026 11:54,Store 3,110,Completed,Mobile App,25.36
TXN-18895,22/05/2026 19:49,Store 3,103,Completed,Mobile App,22.03
TXN-18896,12/05/2026 12:46,Store 2,107,Completed,Cash,16.6
TXN-18897,07/05/2026 15:00,Store 1,108,Completed,Credit Card,35.19
TXN-18898,21/05/2026 20:48,Store 6,102,Completed,Credit Card,27.96
TXN-18899,08/05/2026 10:07,Store 5,100,Completed,Credit Card,39.95
TXN-18900,20/05/2026 16:21,Store 6,101,Completed,Cash,43.01
TXN-18901,13/05/2026 18:12,Store 3,108,Completed,Cash,30.09
TXN-18902,11/05/2026 15:30,Store 1,105,Completed,Credit Card,25.35
TXN-18903,27/05/2026 14:42,Store 6,102,Completed,Mobile App,44.47
TXN-18904,09/05/2026 12:39,Store 2,108,Completed,Mobile App,6.73
TXN-18905,24/05/2026 17:43,Store 1,106,Completed,Mobile App,33.34
TXN-18906,11/05/2026 20:28,Store 6,106,Completed,Credit Card,41.79
TXN-18907,18/05/2026 16:53,Store 6,109,Completed,Credit Card,39.82
TXN-18908,14/05/2026 18:39,Store 2,109,Completed,Cash,27.47
TXN-18909,03/05/2026 16:27,Store 6,110,Completed,Cash,14.31
TXN-18910,15/05/2026 8:52,Store 2,102,Completed,Mobile App,27.34
TXN-18911,02/05/2026 15:03,Store 3,106,Completed,Credit Card,29.68
TXN-18912,19/05/2026 18:27,Store 3,103,Completed,Credit Card,7.64
TXN-18913,02/05/2026 19:45,Store 1,109,Void,Mobile App,12.93
TXN-18914,22/05/2026 7:45,Store 6,109,Completed,Cash,27.86
TXN-18915,20/05/2026 10:51,Store 2,107,Completed,Credit Card,36.11
TXN-18916,25/05/2026 19:02,Store 1,104,Completed,Credit Card,8.74
TXN-18917,30/05/2026 19:42,Store 3,103,Completed,Cash,26.9
TXN-18918,09/05/2026 13:22,Store 2,102,Completed,Credit Card,39.06
TXN-18919,02/05/2026 17:21,Store 5,110,Completed,Mobile App,28.89
TXN-18920,30/05/2026 9:27,Store 6,110,Refund,Mobile App,7.9
TXN-18921,07/05/2026 19:32,Store 6,108,Completed,Credit Card,38.88
TXN-18922,02/05/2026 18:32,Store 3,103,Completed,Mobile App,24.21
TXN-18923,24/05/2026 9:13,Store 3,104,Completed,Credit Card,29.93
TXN-18924,06/05/2026 20:49,Store 4,100,Completed,Credit Card,37.88
TXN-18925,27/05/2026 9:38,Store 5,101,Completed,Mobile App,13.84
TXN-18926,05/05/2026 20:23,Store 5,106,Completed,Mobile App,37.35
TXN-18927,12/05/2026 12:34,Store 3,101,Void,Mobile App,24.37
TXN-18928,21/05/2026 13:20,Store 3,106,Void,Credit Card,21.38
TXN-18929,26/05/2026 14:27,Store 3,101,Completed,Credit Card,22.55
TXN-18930,25/05/2026 17:21,Store 2,110,Completed,Credit Card,22.6
TXN-18931,23/05/2026 15:38,Store 5,102,Completed,Credit Card,30.53
TXN-18932,03/05/2026 16:34,Store 6,105,Completed,Credit Card,13.31
TXN-18933,07/05/2026 10:39,Store 5,104,Completed,Credit Card,41.85
TXN-18934,25/05/2026 14:40,Store 2,107,Refund,Cash,34.62
TXN-18935,30/05/2026 14:40,Store 2,107,Completed,Mobile App,23.88
TXN-18936,04/05/2026 14:44,Store 3,109,Completed,Credit Card,15.89
TXN-18937,07/05/2026 7:27,Store 1,106,Completed,Credit Card,34.36
TXN-18938,11/05/2026 18:46,Store 3,103,Completed,Credit Card,25.14
TXN-18939,28/05/2026 16:20,Store 2,107,Completed,Cash,36.17
TXN-18940,09/05/2026 18:27,Store 3,103,Completed,Credit Card,6.14
TXN-18941,30/05/2026 8:58,Store 3,110,Completed,Cash,32.75
TXN-18942,09/05/2026 15:22,Store 1,105,Completed,Cash,38.44
TXN-18943,11/05/2026 15:35,Store 4,108,Completed,Credit Card,29.7
TXN-18944,08/05/2026 16:23,Store 1,102,Completed,Mobile App,8.94
TXN-18945,26/05/2026 20:51,Store 2,100,Completed,Mobile App,17.78
TXN-18946,04/05/2026 19:08,Store 5,102,Void,Mobile App,20.3
TXN-18947,04/05/2026 9:11,Store 1,109,Completed,Cash,20.51
TXN-18948,29/05/2026 14:43,Store 1,100,Completed,Credit Card,8.33
TXN-18949,08/05/2026 15:32,Store 5,110,Void,Mobile App,32.21
TXN-18950,07/05/2026 9:06,Store 5,108,Completed,Credit Card,35.45
TXN-18951,12/05/2026 12:24,Store 2,106,Completed,Cash,37.69
TXN-18952,15/05/2026 12:05,Store 5,104,Completed,Credit Card,12.81
TXN-18953,15/05/2026 21:24,Store 1,108,Completed,Mobile App,21.53
TXN-18954,18/05/2026 11:13,Store 2,105,Completed,Cash,14.11
TXN-18955,28/05/2026 16:43,Store 6,102,Void,Credit Card,18.54
TXN-18956,13/05/2026 19:38,Store 5,102,Refund,Credit Card,6.64
TXN-18957,08/05/2026 17:01,Store 5,109,Completed,Credit Card,35.13
TXN-18958,13/05/2026 20:52,Store 3,109,Completed,Mobile App,29.4
TXN-18959,09/05/2026 21:09,Store 3,110,Completed,Mobile App,12.9
TXN-18960,19/05/2026 7:53,Store 1,106,Completed,Credit Card,41.45
TXN-18961,12/05/2026 21:16,Store 3,103,Completed,Mobile App,20.94
TXN-18962,08/05/2026 13:41,Store 1,100,Completed,Cash,20.06
TXN-18963,10/05/2026 21:02,Store 1,109,Completed,Cash,25.24
TXN-18964,09/05/2026 9:44,Store 6,110,Refund,Credit Card,11.96
TXN-18965,01/05/2026 9:47,Store 5,106,Completed,Mobile App,34.14
TXN-18966,16/05/2026 16:38,Store 2,107,Discount applied,Cash,34.7
TXN-18967,13/05/2026 11:46,Store 4,105,Void,Credit Card,19.39
TXN-18968,30/05/2026 16:48,Store 2,107,Completed,Credit Card,32.42
TXN-18969,10/05/2026 14:25,Store 1,104,Completed,Mobile App,16.44
TXN-18970,21/05/2026 18:36,Store 4,106,Completed,Credit Card,42.82
TXN-18971,14/05/2026 9:49,Store 5,110,Completed,Credit Card,17.58
TXN-18972,04/05/2026 16:47,Store 4,109,Completed,Credit Card,22.42
TXN-18973,25/05/2026 9:55,Store 4,109,Completed,Credit Card,39.86
TXN-18974,08/05/2026 8:33,Store 5,102,Completed,Mobile App,30.39
TXN-18975,12/05/2026 13:38,Store 5,102,Completed,Credit Card,8.26
TXN-18976,11/05/2026 14:11,Store 4,108,Completed,Credit Card,42.79
TXN-18977,27/05/2026 19:43,Store 5,100,Completed,Credit Card,38.47
TXN-18978,29/05/2026 18:03,Store 4,105,Completed,Cash,23.9
TXN-18979,13/05/2026 7:51,Store 2,110,Completed,Credit Card,6.15
TXN-18980,19/05/2026 21:12,Store 1,104,Completed,Cash,8.63
TXN-18981,12/05/2026 21:18,Store 5,108,Completed,Credit Card,16.94
TXN-18982,10/05/2026 21:22,Store 6,100,Completed,Mobile App,23.55
TXN-18983,17/05/2026 21:10,Store 3,102,Completed,Mobile App,37.2
TXN-18984,27/05/2026 20:49,Store 6,104,Completed,Credit Card,23.15
TXN-18985,04/05/2026 7:35,Store 2,100,Completed,Cash,33.84
TXN-18986,18/05/2026 13:22,Store 6,108,Completed,Mobile App,28.97
TXN-18987,09/05/2026 11:03,Store 2,107,Completed,Credit Card,6.51
TXN-18988,24/05/2026 18:28,Store 2,102,Completed,Mobile App,39.39
TXN-18989,21/05/2026 15:42,Store 3,106,Completed,Mobile App,41.83
TXN-18990,23/05/2026 19:56,Store 4,109,Completed,Mobile App,10.43
TXN-18991,28/05/2026 9:04,Store 5,101,Completed,Credit Card,14.41
TXN-18992,07/05/2026 11:59,Store 4,104,Completed,Credit Card,10.8
TXN-18993,25/05/2026 22:18,Store 3,103,Void,Cash,38.22
TXN-18994,07/05/2026 10:46,Store 6,106,Completed,Credit Card,41.52
TXN-18995,22/05/2026 17:15,Store 5,110,Completed,Mobile App,35.84
TXN-18996,17/05/2026 17:45,Store 3,104,Completed,Credit Card,39.92
TXN-18997,21/05/2026 15:05,Store 1,104,Completed,Cash,44.52
TXN-18998,20/05/2026 19:36,Store 3,103,Completed,Cash,36.96
TXN-18999,19/05/2026 16:45,Store 5,106,Completed,Cash,27.96
TXN-19000,13/05/2026 11:03,Store 1,102,Completed,Cash,32.44
TXN-19001,30/05/2026 14:34,Store 3,104,Completed,Cash,16.71
TXN-19002,13/05/2026 20:26,Store 6,101,Void,Mobile App,26.07
TXN-19003,24/05/2026 18:52,Store 4,104,Void,Cash,11.14
TXN-19004,29/05/2026 20:22,Store 5,106,Completed,Credit Card,37.95
TXN-19005,26/05/2026 10:35,Store 1,105,Completed,Credit Card,10.83
TXN-19006,12/05/2026 19:23,Store 6,108,Completed,Mobile App,34.1
TXN-19007,28/05/2026 9:44,Store 6,100,Completed,Cash,25.85
TXN-19008,30/05/2026 12:48,Store 6,106,Completed,Credit Card,6.08
TXN-19009,09/05/2026 16:55,Store 1,108,Completed,Mobile App,19.92
TXN-19010,14/05/2026 12:30,Store 5,105,Completed,Credit Card,7.11
TXN-19011,17/05/2026 21:24,Store 1,101,Completed,Cash,24.98
TXN-19012,23/05/2026 14:43,Store 3,105,Completed,Credit Card,12.09
TXN-19013,28/05/2026 21:44,Store 3,108,Completed,Cash,17.62
TXN-19014,21/05/2026 21:38,Store 3,100,Completed,Cash,36.96
TXN-19015,04/05/2026 7:00,Store 4,108,Completed,Cash,37.57
TXN-19016,09/05/2026 8:38,Store 5,102,Completed,Credit Card,20.54
TXN-19017,21/05/2026 21:28,Store 3,103,Void,Cash,36.58
TXN-19018,05/05/2026 13:27,Store 3,100,Completed,Cash,14.71
TXN-19019,16/05/2026 18:36,Store 5,110,Completed,Cash,19.73
TXN-19020,19/05/2026 14:18,Store 4,110,Void,Credit Card,29.69
TXN-19021,12/05/2026 11:52,Store 3,100,Completed,Cash,34.18
TXN-19022,29/05/2026 15:35,Store 5,105,Completed,Cash,43.01
TXN-19023,30/05/2026 11:51,Store 6,106,Completed,Mobile App,36.55
TXN-19024,06/05/2026 12:49,Store 6,105,Completed,Credit Card,28.21
TXN-19025,05/05/2026 21:27,Store 1,105,Completed,Credit Card,29.75
TXN-19026,14/05/2026 21:58,Store 1,100,Completed,Cash,39.11
TXN-19027,24/05/2026 13:06,Store 1,109,Completed,Mobile App,10.98
TXN-19028,02/05/2026 19:59,Store 3,103,Completed,Mobile App,39.9
TXN-19029,07/05/2026 21:47,Store 6,102,Completed,Mobile App,33.73
TXN-19030,15/05/2026 8:09,Store 2,106,Completed,Credit Card,8.28
TXN-19031,21/05/2026 16:28,Store 4,104,Completed,Credit Card,13.67
TXN-19032,18/05/2026 18:46,Store 1,104,Completed,Mobile App,41.86
TXN-19033,14/05/2026 20:33,Store 4,110,Completed,Mobile App,5.13
TXN-19034,02/05/2026 16:12,Store 1,110,Completed,Cash,32.15
TXN-19035,15/05/2026 14:40,Store 2,101,Completed,Mobile App,31.03
TXN-19036,17/05/2026 7:19,Store 2,102,Void,Credit Card,15.75
TXN-19037,20/05/2026 18:44,Store 3,103,Completed,Cash,28.28
TXN-19038,06/05/2026 9:09,Store 4,105,Completed,Credit Card,25.49
TXN-19039,19/05/2026 19:44,Store 3,103,Completed,Mobile App,8.61
TXN-19040,21/05/2026 12:26,Store 3,109,Completed,Cash,12.88
TXN-19041,27/05/2026 21:25,Store 3,108,Completed,Credit Card,40.64
TXN-19042,07/05/2026 18:45,Store 5,108,Void,Cash,29.46
TXN-19043,28/05/2026 9:42,Store 1,100,Completed,Credit Card,40.78
TXN-19044,07/05/2026 19:00,Store 3,103,Completed,Mobile App,16.22
TXN-19045,21/05/2026 16:27,Store 4,104,Completed,Credit Card,13.17
TXN-19046,24/05/2026 20:31,Store 5,106,Completed,Mobile App,22.52
TXN-19047,18/05/2026 21:49,Store 4,109,Completed,Cash,32.38
TXN-19048,06/05/2026 20:03,Store 3,105,Completed,Cash,7.22
TXN-19049,06/05/2026 21:27,Store 1,105,Refund,Mobile App,7.79
TXN-19050,06/05/2026 17:24,Store 2,110,Completed,Cash,15.74
TXN-19051,20/05/2026 12:51,Store 4,100,Completed,Mobile App,40.9
TXN-19052,12/05/2026 18:25,Store 6,101,Completed,Credit Card,24.35
TXN-19053,14/05/2026 12:27,Store 4,110,Completed,Cash,10.51
TXN-19054,30/05/2026 21:33,Store 3,110,Completed,Mobile App,14.35
TXN-19055,21/05/2026 14:03,Store 5,100,Completed,Credit Card,29.08
TXN-19056,15/05/2026 20:02,Store 2,109,Completed,Cash,23.34
TXN-19057,30/05/2026 7:14,Store 3,102,Completed,Credit Card,7.12
TXN-19058,06/05/2026 21:28,Store 5,109,Completed,Mobile App,26.63
TXN-19059,24/05/2026 7:46,Store 2,101,Completed,Credit Card,29.74
TXN-19060,16/05/2026 7:33,Store 1,104,Completed,Mobile App,22.58
TXN-19061,23/05/2026 12:55,Store 3,109,Completed,Cash,31.98
TXN-19062,27/05/2026 19:40,Store 3,103,Completed,Credit Card,11.38
TXN-19063,16/05/2026 14:15,Store 1,104,Completed,Cash,37.27
TXN-19064,14/05/2026 19:17,Store 4,105,Completed,Mobile App,43.4
TXN-19065,14/05/2026 15:24,Store 6,110,Completed,Mobile App,18.85
TXN-19066,01/05/2026 8:00,Store 3,108,Completed,Credit Card,9.88
TXN-19067,15/05/2026 7:23,Store 2,102,Completed,Credit Card,22.38
TXN-19068,10/05/2026 18:13,Store 2,104,Completed,Mobile App,40.5
TXN-19069,17/05/2026 12:33,Store 2,110,Completed,Credit Card,6.56
TXN-19070,14/05/2026 12:56,Store 1,104,Completed,Credit Card,15.86
TXN-19071,20/05/2026 12:24,Store 4,100,Completed,Credit Card,8.4
TXN-19072,02/05/2026 8:48,Store 2,108,Completed,Credit Card,44.67
TXN-19073,28/05/2026 20:30,Store 4,100,Completed,Credit Card,29.51
TXN-19074,30/05/2026 19:30,Store 4,109,Completed,Cash,31.67
TXN-19075,12/05/2026 19:42,Store 2,102,Completed,Mobile App,12.42
TXN-19076,11/05/2026 14:56,Store 1,102,Completed,Credit Card,7.12
TXN-19077,14/05/2026 18:22,Store 3,100,Completed,Cash,20.53
TXN-19078,18/05/2026 11:07,Store 5,102,Completed,Mobile App,24.98
TXN-19079,24/05/2026 19:58,Store 3,103,Completed,Credit Card,23.19
TXN-19080,17/05/2026 15:18,Store 6,105,Completed,Credit Card,33.52
TXN-19081,15/05/2026 17:19,Store 2,107,Completed,Cash,26.56
TXN-19082,20/05/2026 7:27,Store 4,105,Completed,Mobile App,30.8
TXN-19083,30/05/2026 9:53,Store 1,104,Completed,Mobile App,34.68
TXN-19084,13/05/2026 18:37,Store 1,108,Completed,Mobile App,41.4
TXN-19085,01/05/2026 9:49,Store 1,109,Completed,Credit Card,20.81
TXN-19086,20/05/2026 13:54,Store 2,110,Completed,Cash,43.77
TXN-19087,10/05/2026 7:12,Store 5,102,Completed,Mobile App,39.33
TXN-19088,13/05/2026 20:46,Store 4,108,Completed,Mobile App,26.61
TXN-19089,15/05/2026 9:24,Store 4,100,Completed,Credit Card,43.16
TXN-19090,05/05/2026 11:51,Store 3,110,Completed,Mobile App,28.78
TXN-19091,21/05/2026 20:24,Store 2,109,Discount applied,Cash,33.27
TXN-19092,13/05/2026 19:03,Store 2,106,Completed,Credit Card,16.66
TXN-19093,26/05/2026 19:05,Store 3,103,Completed,Credit Card,8.02
TXN-19094,29/05/2026 7:31,Store 5,101,Completed,Cash,24.38
TXN-19095,24/05/2026 19:31,Store 2,109,Completed,Credit Card,12.47
TXN-19096,09/05/2026 8:17,Store 4,101,Refund,Mobile App,13.64
TXN-19097,06/05/2026 9:06,Store 5,110,Completed,Cash,8.68
TXN-19098,26/05/2026 17:09,Store 3,104,Completed,Mobile App,21.53
TXN-19099,01/05/2026 18:24,Store 6,104,Completed,Credit Card,40.95
TXN-19100,01/05/2026 10:28,Store 2,109,Completed,Credit Card,11.14
TXN-19101,21/05/2026 16:04,Store 1,109,Completed,Credit Card,5.23
TXN-19102,14/05/2026 19:03,Store 6,108,Completed,Credit Card,30.36
TXN-19103,26/05/2026 7:05,Store 5,104,Completed,Mobile App,6.51
TXN-19104,30/05/2026 17:38,Store 1,106,Completed,Mobile App,32.35
TXN-19105,26/05/2026 17:05,Store 5,104,Completed,Credit Card,42.29
TXN-19106,05/05/2026 8:29,Store 5,105,Completed,Credit Card,30.74
TXN-19107,17/05/2026 7:51,Store 1,109,Completed,Credit Card,12.61
TXN-19108,15/05/2026 15:47,Store 5,108,Completed,Cash,23.51
TXN-19109,08/05/2026 16:09,Store 1,108,Completed,Credit Card,16.25
TXN-19110,28/05/2026 8:03,Store 5,100,Completed,Credit Card,24.24
TXN-19111,19/05/2026 11:44,Store 5,101,Completed,Mobile App,27.06
TXN-19112,29/05/2026 21:58,Store 6,110,Completed,Credit Card,31.75
TXN-19113,12/05/2026 12:33,Store 5,101,Completed,Mobile App,27.74
TXN-19114,20/05/2026 11:55,Store 2,106,Completed,Credit Card,11.64
TXN-19115,03/05/2026 17:23,Store 2,104,Completed,Cash,32.1
TXN-19116,19/05/2026 17:09,Store 3,104,Completed,Credit Card,20.85
TXN-19117,05/05/2026 20:58,Store 6,106,Completed,Cash,43.82
TXN-19118,19/05/2026 11:07,Store 6,108,Completed,Cash,9.02
TXN-19119,30/05/2026 7:05,Store 4,106,Completed,Mobile App,40.9
TXN-19120,08/05/2026 21:43,Store 5,108,Completed,Credit Card,32.07
TXN-19121,17/05/2026 16:53,Store 3,103,Completed,Mobile App,8.68
TXN-19122,08/05/2026 10:15,Store 1,109,Completed,Mobile App,14.31
TXN-19123,26/05/2026 12:36,Store 3,102,Completed,Credit Card,42.28
TXN-19124,11/05/2026 15:53,Store 5,100,Discount applied,Credit Card,27.68
TXN-19125,02/05/2026 21:16,Store 2,104,Completed,Credit Card,21.02
TXN-19126,05/05/2026 21:16,Store 3,103,Void,Cash,24.35
TXN-19127,01/05/2026 19:16,Store 6,109,Completed,Mobile App,12.55
TXN-19128,01/05/2026 17:45,Store 3,105,Completed,Cash,42.76
TXN-19129,03/05/2026 12:27,Store 2,110,Completed,Credit Card,6.66
TXN-19130,18/05/2026 15:53,Store 2,105,Completed,Credit Card,14.77
TXN-19131,19/05/2026 11:40,Store 4,106,Completed,Mobile App,23.27
TXN-19132,24/05/2026 14:02,Store 1,105,Completed,Credit Card,36.65
TXN-19133,11/05/2026 17:25,Store 3,106,Completed,Cash,14.84
TXN-19134,16/05/2026 18:59,Store 3,103,Completed,Cash,26.72
TXN-19135,12/05/2026 20:40,Store 3,108,Completed,Cash,16.25
TXN-19136,06/05/2026 9:39,Store 3,101,Completed,Credit Card,10.98
TXN-19137,02/05/2026 7:47,Store 2,100,Completed,Cash,35.92
TXN-19138,16/05/2026 18:53,Store 3,102,Completed,Mobile App,44.42
TXN-19139,18/05/2026 15:00,Store 1,109,Completed,Cash,29.32
TXN-19140,08/05/2026 18:42,Store 6,105,Completed,Mobile App,21.56
TXN-19141,29/05/2026 13:22,Store 5,109,Completed,Mobile App,12.43
TXN-19142,30/05/2026 20:26,Store 1,110,Completed,Mobile App,9.41
TXN-19143,29/05/2026 8:16,Store 4,109,Completed,Credit Card,6.41
TXN-19144,18/05/2026 16:13,Store 4,102,Completed,Mobile App,30.84
TXN-19145,24/05/2026 10:44,Store 6,101,Completed,Credit Card,19.8
TXN-19146,25/05/2026 13:23,Store 6,106,Completed,Cash,27.47
TXN-19147,26/05/2026 13:20,Store 4,109,Completed,Credit Card,43.5
TXN-19148,29/05/2026 13:29,Store 4,108,Completed,Credit Card,20.54
TXN-19149,19/05/2026 9:16,Store 1,109,Completed,Mobile App,33.01
TXN-19150,11/05/2026 10:49,Store 2,107,Discount applied,Cash,19.84
TXN-19151,18/05/2026 14:38,Store 4,108,Completed,Mobile App,40
TXN-19152,02/05/2026 11:09,Store 1,106,Completed,Cash,31.38
TXN-19153,13/05/2026 21:40,Store 3,100,Completed,Cash,6.94
TXN-19154,27/05/2026 16:49,Store 6,110,Completed,Cash,21.72
TXN-19155,17/05/2026 10:51,Store 1,106,Completed,Cash,35.04
TXN-19156,09/05/2026 18:47,Store 6,104,Completed,Cash,5.4
TXN-19157,26/05/2026 17:45,Store 2,107,Completed,Credit Card,32.37
TXN-19158,25/05/2026 18:05,Store 1,104,Completed,Cash,14.3
TXN-19159,25/05/2026 8:20,Store 3,104,Completed,Cash,21.5
TXN-19160,15/05/2026 17:27,Store 3,103,Completed,Cash,20.82
TXN-19161,08/05/2026 15:43,Store 1,105,Completed,Mobile App,18.34
TXN-19162,30/05/2026 20:12,Store 3,105,Completed,Cash,16.69
TXN-19163,17/05/2026 13:19,Store 4,106,Completed,Cash,14.5
TXN-19164,16/05/2026 19:58,Store 6,106,Completed,Mobile App,37.74
TXN-19165,26/05/2026 13:11,Store 3,106,Completed,Credit Card,41.63
TXN-19166,02/05/2026 14:25,Store 5,100,Completed,Credit Card,37.91
TXN-19167,09/05/2026 19:50,Store 2,101,Completed,Mobile App,36.51
TXN-19168,18/05/2026 13:03,Store 4,100,Completed,Credit Card,23.71
TXN-19169,23/05/2026 16:46,Store 4,106,Completed,Credit Card,6.92
TXN-19170,25/05/2026 9:34,Store 6,100,Completed,Credit Card,37.74
TXN-19171,18/05/2026 19:04,Store 1,102,Void,Mobile App,14.89
TXN-19172,15/05/2026 8:41,Store 2,110,Completed,Credit Card,32.26
TXN-19173,30/05/2026 9:20,Store 6,110,Completed,Mobile App,6.84
TXN-19174,08/05/2026 9:47,Store 2,110,Completed,Credit Card,26.83
TXN-19175,25/05/2026 15:25,Store 2,107,Completed,Mobile App,11.4
TXN-19176,10/05/2026 12:39,Store 2,106,Completed,Mobile App,40.63
TXN-19177,02/05/2026 19:06,Store 5,106,Void,Cash,28.29
TXN-19178,08/05/2026 20:41,Store 1,104,Completed,Credit Card,12.29
TXN-19179,07/05/2026 13:37,Store 2,105,Completed,Credit Card,10.05
TXN-19180,07/05/2026 20:03,Store 1,100,Completed,Credit Card,20.62
TXN-19181,15/05/2026 10:53,Store 1,105,Completed,Cash,8.31
TXN-19182,25/05/2026 9:37,Store 2,104,Completed,Credit Card,19.17
TXN-19183,26/05/2026 16:42,Store 4,106,Completed,Credit Card,10.14
TXN-19184,07/05/2026 20:30,Store 4,101,Completed,Mobile App,36.75
TXN-19185,30/05/2026 18:06,Store 3,108,Completed,Cash,44.69
TXN-19186,12/05/2026 18:35,Store 2,101,Completed,Credit Card,37.36
TXN-19187,15/05/2026 21:48,Store 3,103,Completed,Cash,36.85
TXN-19188,25/05/2026 12:34,Store 2,104,Completed,Cash,16.92
TXN-19189,11/05/2026 20:47,Store 2,110,Completed,Credit Card,39.45
TXN-19190,29/05/2026 7:19,Store 5,102,Completed,Credit Card,42.53
TXN-19191,28/05/2026 10:52,Store 1,109,Completed,Credit Card,9.74
TXN-19192,14/05/2026 9:31,Store 5,108,Completed,Credit Card,30.81
TXN-19193,22/05/2026 11:14,Store 2,107,Refund,Cash,37.39
TXN-19194,27/05/2026 17:03,Store 2,106,Completed,Credit Card,22.73
TXN-19195,04/05/2026 18:35,Store 2,101,Completed,Credit Card,14.19
TXN-19196,15/05/2026 16:49,Store 5,108,Completed,Credit Card,39.69
TXN-19197,20/05/2026 16:16,Store 4,104,Void,Credit Card,13.67
TXN-19198,08/05/2026 20:01,Store 3,103,Completed,Cash,38.15
TXN-19199,24/05/2026 11:39,Store 2,105,Completed,Cash,6.57
TXN-19200,27/05/2026 8:35,Store 6,101,Completed,Credit Card,9.83
TXN-19201,18/05/2026 15:52,Store 2,107,Completed,Cash,25.1
TXN-19202,12/05/2026 11:06,Store 2,105,Completed,Mobile App,27.19
TXN-19203,05/05/2026 13:10,Store 2,107,Completed,Mobile App,28.1
TXN-19204,25/05/2026 17:57,Store 5,105,Completed,Mobile App,19.43
TXN-19205,22/05/2026 19:36,Store 2,100,Completed,Mobile App,29.91
TXN-19206,21/05/2026 12:44,Store 2,107,Discount applied,Cash,27.61
TXN-19207,12/05/2026 7:32,Store 1,101,Completed,Credit Card,14.04
TXN-19208,04/05/2026 9:49,Store 3,104,Completed,Cash,19.23
TXN-19209,20/05/2026 10:29,Store 3,110,Completed,Credit Card,19.97
TXN-19210,25/05/2026 17:22,Store 3,109,Completed,Credit Card,27.39
TXN-19211,11/05/2026 20:30,Store 3,103,Completed,Cash,12.76
TXN-19212,14/05/2026 17:55,Store 2,107,Completed,Cash,28.1
TXN-19213,24/05/2026 19:22,Store 4,102,Completed,Cash,24.53
TXN-19214,16/05/2026 18:19,Store 6,108,Completed,Cash,26.78
TXN-19215,13/05/2026 14:41,Store 1,102,Completed,Credit Card,10.01
TXN-19216,04/05/2026 13:45,Store 2,107,Completed,Cash,25.09
TXN-19217,22/05/2026 8:20,Store 2,100,Completed,Cash,5.3
TXN-19218,13/05/2026 20:49,Store 2,106,Completed,Cash,44.89
TXN-19219,28/05/2026 8:12,Store 5,100,Completed,Mobile App,31.86
TXN-19220,02/05/2026 18:04,Store 3,103,Completed,Cash,27.67
TXN-19221,17/05/2026 10:51,Store 3,101,Completed,Credit Card,17.09
TXN-19222,06/05/2026 19:44,Store 1,108,Completed,Credit Card,18.32
TXN-19223,18/05/2026 13:21,Store 1,102,Completed,Credit Card,40.48
TXN-19224,10/05/2026 12:08,Store 2,110,Completed,Credit Card,41.43
TXN-19225,08/05/2026 14:40,Store 4,108,Completed,Credit Card,39.73
TXN-19226,19/05/2026 18:14,Store 6,104,Completed,Mobile App,18.94
TXN-19227,20/05/2026 10:27,Store 6,105,Completed,Credit Card,14
TXN-19228,05/05/2026 14:46,Store 2,104,Completed,Cash,9.76
TXN-19229,09/05/2026 10:05,Store 5,101,Completed,Cash,15.55
TXN-19230,29/05/2026 15:55,Store 1,102,Completed,Mobile App,42.56
TXN-19231,24/05/2026 17:53,Store 3,103,Completed,Mobile App,12.96
TXN-19232,07/05/2026 18:40,Store 3,103,Completed,Cash,19.97
TXN-19233,06/05/2026 9:24,Store 6,110,Completed,Credit Card,29.69
TXN-19234,02/05/2026 12:57,Store 5,101,Refund,Credit Card,14.72
TXN-19235,22/05/2026 12:18,Store 5,105,Completed,Cash,16.03
TXN-19236,09/05/2026 7:45,Store 4,104,Completed,Credit Card,37.26
TXN-19237,05/05/2026 20:13,Store 4,104,Completed,Credit Card,31.59
TXN-19238,18/05/2026 12:14,Store 1,105,Completed,Mobile App,36.05
TXN-19239,26/05/2026 14:07,Store 2,108,Completed,Credit Card,43.49
TXN-19240,04/05/2026 13:30,Store 5,106,Completed,Credit Card,17.99
TXN-19241,21/05/2026 17:14,Store 4,100,Completed,Credit Card,15.09
TXN-19242,14/05/2026 21:28,Store 2,109,Completed,Credit Card,37.64
TXN-19243,27/05/2026 12:16,Store 1,102,Completed,Mobile App,28.8
TXN-19244,30/05/2026 20:30,Store 2,105,Completed,Mobile App,39.82
TXN-19245,06/05/2026 16:20,Store 5,100,Refund,Mobile App,9.42
TXN-19246,28/05/2026 17:39,Store 2,109,Completed,Mobile App,24.73
TXN-19247,24/05/2026 20:07,Store 2,101,Completed,Cash,24.62
TXN-19248,28/05/2026 10:42,Store 5,104,Refund,Credit Card,12.05
TXN-19249,20/05/2026 10:44,Store 1,105,Completed,Credit Card,34.87
TXN-19250,25/05/2026 11:21,Store 2,100,Completed,Cash,43.36
TXN-19251,28/05/2026 16:49,Store 2,101,Void,Mobile App,22.08
TXN-19252,13/05/2026 21:24,Store 3,103,Void,Cash,36.96
TXN-19253,20/05/2026 14:23,Store 6,106,Completed,Mobile App,41.44
TXN-19254,23/05/2026 14:47,Store 4,106,Completed,Credit Card,8.18
TXN-19255,14/05/2026 12:31,Store 3,101,Completed,Credit Card,9.72
TXN-19256,15/05/2026 20:04,Store 2,106,Completed,Credit Card,5.93
TXN-19257,20/05/2026 13:38,Store 5,108,Void,Cash,23.03
TXN-19258,21/05/2026 18:03,Store 3,108,Completed,Mobile App,39.97
TXN-19259,07/05/2026 19:47,Store 2,104,Completed,Cash,19.49
TXN-19260,12/05/2026 18:22,Store 3,105,Completed,Credit Card,12.53
TXN-19261,27/05/2026 20:35,Store 3,103,Completed,Mobile App,30.45
TXN-19262,13/05/2026 16:11,Store 2,107,Refund,Cash,44.16
TXN-19263,15/05/2026 21:59,Store 3,103,Completed,Mobile App,24.48
TXN-19264,14/05/2026 8:15,Store 4,108,Completed,Mobile App,26.35
TXN-19265,30/05/2026 10:10,Store 6,105,Completed,Credit Card,12.13
TXN-19266,29/05/2026 8:06,Store 5,100,Completed,Mobile App,27.24
TXN-19267,09/05/2026 20:12,Store 3,103,Completed,Mobile App,13.06
TXN-19268,29/05/2026 19:32,Store 6,110,Completed,Cash,20.94
TXN-19269,22/05/2026 19:31,Store 3,108,Completed,Cash,5.25
TXN-19270,24/05/2026 21:47,Store 4,110,Completed,Mobile App,9.39
TXN-19271,09/05/2026 16:44,Store 4,101,Completed,Credit Card,31.25
TXN-19272,30/05/2026 13:37,Store 5,108,Completed,Cash,19.95
TXN-19273,13/05/2026 18:35,Store 3,103,Completed,Mobile App,5.55
TXN-19274,01/05/2026 8:55,Store 6,102,Completed,Credit Card,13.23
TXN-19275,30/05/2026 18:05,Store 3,103,Completed,Credit Card,24.73
TXN-19276,08/05/2026 17:05,Store 3,103,Completed,Mobile App,39.56
TXN-19277,28/05/2026 20:52,Store 2,101,Completed,Cash,5.24
TXN-19278,19/05/2026 21:32,Store 4,102,Completed,Mobile App,30.53
TXN-19279,30/05/2026 18:59,Store 6,105,Completed,Credit Card,32.45
TXN-19280,10/05/2026 20:08,Store 6,106,Completed,Mobile App,33.38
TXN-19281,23/05/2026 13:09,Store 4,100,Completed,Credit Card,10.57
TXN-19282,07/05/2026 9:14,Store 2,105,Void,Cash,12.26
TXN-19283,20/05/2026 9:50,Store 2,108,Completed,Credit Card,29.93
TXN-19284,11/05/2026 14:30,Store 2,107,Completed,Credit Card,23
TXN-19285,24/05/2026 17:05,Store 4,100,Completed,Credit Card,41.58
TXN-19286,12/05/2026 7:39,Store 5,109,Void,Credit Card,32.38
TXN-19287,14/05/2026 20:32,Store 3,108,Completed,Cash,37.92
TXN-19288,30/05/2026 16:32,Store 2,110,Completed,Credit Card,26.84
TXN-19289,19/05/2026 17:32,Store 2,105,Refund,Mobile App,9.94
TXN-19290,18/05/2026 8:38,Store 4,109,Completed,Credit Card,20.57
TXN-19291,02/05/2026 13:38,Store 6,106,Completed,Credit Card,11.78
TXN-19292,17/05/2026 17:37,Store 5,102,Completed,Credit Card,25.64
TXN-19293,22/05/2026 19:29,Store 2,101,Completed,Credit Card,41.16
TXN-19294,21/05/2026 21:17,Store 3,103,Completed,Credit Card,5.51
TXN-19295,16/05/2026 17:15,Store 3,110,Completed,Cash,16.43
TXN-19296,25/05/2026 12:13,Store 2,107,Completed,Mobile App,27.32
TXN-19297,17/05/2026 15:45,Store 3,100,Completed,Credit Card,44.88
TXN-19298,20/05/2026 20:25,Store 3,103,Completed,Credit Card,16.29
TXN-19299,21/05/2026 12:18,Store 6,104,Void,Credit Card,7.49
TXN-19300,09/05/2026 13:07,Store 5,105,Completed,Credit Card,34.48
TXN-19301,07/05/2026 15:50,Store 1,101,Completed,Cash,44.48
TXN-19302,07/05/2026 19:56,Store 5,106,Completed,Cash,14.04
TXN-19303,02/05/2026 13:59,Store 2,102,Completed,Credit Card,30.8
TXN-19304,26/05/2026 8:00,Store 3,106,Completed,Credit Card,34.01
TXN-19305,24/05/2026 19:05,Store 1,101,Completed,Credit Card,32.74
TXN-19306,14/05/2026 21:40,Store 3,103,Completed,Mobile App,33.67
TXN-19307,07/05/2026 14:37,Store 2,101,Completed,Credit Card,21.58
TXN-19308,14/05/2026 13:55,Store 4,101,Completed,Credit Card,10.2
TXN-19309,08/05/2026 11:14,Store 1,108,Completed,Credit Card,16.5
TXN-19310,16/05/2026 15:17,Store 6,104,Completed,Credit Card,40.59
TXN-19311,13/05/2026 13:00,Store 4,105,Completed,Mobile App,7.34
TXN-19312,13/05/2026 7:20,Store 5,101,Completed,Credit Card,14.23
TXN-19313,11/05/2026 10:21,Store 2,107,Completed,Mobile App,23.23
TXN-19314,03/05/2026 19:23,Store 6,104,Completed,Mobile App,21.51
TXN-19315,28/05/2026 10:56,Store 2,106,Completed,Credit Card,41.83
TXN-19316,05/05/2026 9:22,Store 1,100,Completed,Credit Card,14.46
TXN-19317,07/05/2026 17:22,Store 3,103,Completed,Cash,33.84
TXN-19318,11/05/2026 17:34,Store 2,107,Completed,Cash,14.9
TXN-19319,09/05/2026 10:52,Store 6,100,Completed,Credit Card,12.96
TXN-19320,13/05/2026 9:30,Store 3,108,Completed,Credit Card,34.4
TXN-19321,11/05/2026 21:05,Store 6,105,Completed,Cash,12.13
TXN-19322,12/05/2026 8:03,Store 4,105,Completed,Credit Card,21.9
TXN-19323,01/05/2026 11:30,Store 2,107,Completed,Cash,14.28
TXN-19324,29/05/2026 20:16,Store 6,108,Completed,Credit Card,15.28
TXN-19325,12/05/2026 13:23,Store 2,107,Completed,Credit Card,30.68
TXN-19326,20/05/2026 16:49,Store 1,105,Completed,Credit Card,21.05
TXN-19327,01/05/2026 18:08,Store 4,105,Completed,Credit Card,10.01
TXN-19328,09/05/2026 11:41,Store 3,102,Completed,Credit Card,30.23
TXN-19329,22/05/2026 14:47,Store 6,104,Completed,Mobile App,32.05
TXN-19330,04/05/2026 9:16,Store 4,104,Completed,Cash,25.69
TXN-19331,10/05/2026 8:25,Store 6,109,Completed,Credit Card,19.96
TXN-19332,22/05/2026 14:14,Store 6,106,Completed,Credit Card,29.5
TXN-19333,05/05/2026 14:38,Store 6,100,Completed,Credit Card,10.35
TXN-19334,11/05/2026 9:44,Store 5,105,Void,Cash,27.71
TXN-19335,15/05/2026 17:46,Store 2,102,Completed,Cash,21.17
TXN-19336,15/05/2026 13:35,Store 2,104,Completed,Cash,23.14
TXN-19337,07/05/2026 7:57,Store 6,108,Completed,Credit Card,9.46
TXN-19338,23/05/2026 20:23,Store 1,109,Completed,Credit Card,44.71
TXN-19339,09/05/2026 15:31,Store 6,102,Completed,Credit Card,41.73
TXN-19340,15/05/2026 18:24,Store 6,106,Completed,Cash,35.64
TXN-19341,07/05/2026 21:56,Store 3,101,Completed,Credit Card,40.92
TXN-19342,09/05/2026 13:05,Store 3,100,Completed,Credit Card,23.08
TXN-19343,05/05/2026 19:58,Store 4,110,Completed,Cash,9.98
TXN-19344,18/05/2026 21:38,Store 5,110,Completed,Cash,38.72
TXN-19345,04/05/2026 17:59,Store 5,102,Completed,Credit Card,5.44
TXN-19346,28/05/2026 9:48,Store 6,104,Completed,Credit Card,32.49
TXN-19347,25/05/2026 15:38,Store 4,109,Completed,Mobile App,36.74
TXN-19348,29/05/2026 9:06,Store 2,108,Completed,Credit Card,31.29
TXN-19349,22/05/2026 16:39,Store 3,105,Void,Credit Card,10.93
TXN-19350,02/05/2026 17:35,Store 2,107,Completed,Mobile App,20.56
TXN-19351,10/05/2026 20:48,Store 3,103,Completed,Mobile App,28.39
TXN-19352,13/05/2026 11:47,Store 6,105,Completed,Mobile App,16.9
TXN-19353,28/05/2026 19:12,Store 2,101,Completed,Cash,42.38
TXN-19354,06/05/2026 14:32,Store 3,106,Completed,Mobile App,12.84
TXN-19355,24/05/2026 8:35,Store 3,100,Completed,Cash,33.38
TXN-19356,20/05/2026 14:44,Store 3,108,Completed,Credit Card,16.73
TXN-19357,24/05/2026 12:05,Store 6,106,Completed,Mobile App,27.22
TXN-19358,13/05/2026 20:00,Store 1,104,Completed,Credit Card,5.85
TXN-19359,30/05/2026 8:00,Store 3,110,Completed,Mobile App,32.14
TXN-19360,18/05/2026 21:45,Store 2,108,Completed,Mobile App,16.84
TXN-19361,05/05/2026 13:32,Store 1,104,Completed,Credit Card,15.47
TXN-19362,06/05/2026 8:19,Store 3,104,Completed,Credit Card,22.75
TXN-19363,10/05/2026 14:55,Store 4,100,Completed,Credit Card,41.07
TXN-19364,22/05/2026 7:50,Store 6,102,Completed,Mobile App,29.59
TXN-19365,09/05/2026 9:50,Store 6,104,Completed,Credit Card,6.55
TXN-19366,26/05/2026 18:15,Store 2,100,Completed,Credit Card,10.41
TXN-19367,30/05/2026 17:20,Store 1,102,Refund,Mobile App,10.42
TXN-19368,19/05/2026 7:38,Store 2,106,Completed,Mobile App,37.34
TXN-19369,29/05/2026 15:20,Store 3,108,Completed,Credit Card,43.64
TXN-19370,14/05/2026 20:46,Store 2,102,Completed,Credit Card,33.75
TXN-19371,13/05/2026 15:59,Store 4,104,Refund,Mobile App,6.34
TXN-19372,17/05/2026 10:02,Store 5,106,Completed,Credit Card,41.85
TXN-19373,18/05/2026 12:14,Store 1,105,Completed,Cash,31.14
TXN-19374,30/05/2026 14:01,Store 2,101,Completed,Cash,21.71
TXN-19375,15/05/2026 10:39,Store 3,109,Completed,Credit Card,6.25
TXN-19376,21/05/2026 17:23,Store 2,107,Completed,Credit Card,12.8
TXN-19377,01/05/2026 16:48,Store 4,101,Completed,Cash,10.6
TXN-19378,26/05/2026 7:14,Store 5,104,Completed,Credit Card,5.74
TXN-19379,14/05/2026 18:08,Store 4,110,Completed,Mobile App,17.79
TXN-19380,03/05/2026 13:42,Store 4,100,Completed,Cash,31.4
TXN-19381,14/05/2026 19:43,Store 1,100,Completed,Cash,8.18
TXN-19382,01/05/2026 12:05,Store 2,107,Discount applied,Cash,25.62
TXN-19383,03/05/2026 18:24,Store 3,108,Completed,Credit Card,6.39
TXN-19384,26/05/2026 12:00,Store 5,105,Completed,Credit Card,13.34
TXN-19385,08/05/2026 12:37,Store 6,105,Completed,Credit Card,41.84
TXN-19386,20/05/2026 9:50,Store 3,108,Completed,Cash,36.89
TXN-19387,28/05/2026 9:50,Store 4,100,Discount applied,Credit Card,27.13
TXN-19388,04/05/2026 15:22,Store 1,110,Completed,Credit Card,34.19
TXN-19389,06/05/2026 9:53,Store 5,105,Void,Credit Card,28.83
TXN-19390,09/05/2026 12:00,Store 2,104,Completed,Cash,19.56
TXN-19391,17/05/2026 11:41,Store 4,105,Completed,Cash,18.51
TXN-19392,20/05/2026 9:14,Store 6,110,Completed,Cash,8.19
TXN-19393,27/05/2026 17:54,Store 1,106,Completed,Mobile App,11.77
TXN-19394,20/05/2026 18:51,Store 1,105,Completed,Credit Card,30.06
TXN-19395,11/05/2026 15:14,Store 5,105,Completed,Credit Card,32.25
TXN-19396,08/05/2026 17:24,Store 5,101,Completed,Credit Card,42.98
TXN-19397,08/05/2026 17:14,Store 2,101,Completed,Credit Card,17.72
TXN-19398,05/05/2026 15:09,Store 1,109,Completed,Cash,12.69
TXN-19399,15/05/2026 20:42,Store 4,109,Completed,Credit Card,20.51
TXN-19400,18/05/2026 18:20,Store 6,110,Completed,Mobile App,27.49
TXN-19401,11/05/2026 18:26,Store 2,104,Completed,Cash,12.59
TXN-19402,23/05/2026 16:01,Store 3,109,Completed,Credit Card,37.03
TXN-19403,03/05/2026 21:37,Store 5,106,Completed,Mobile App,21.38
TXN-19404,01/05/2026 15:11,Store 2,107,Completed,Mobile App,18.46
TXN-19405,28/05/2026 17:33,Store 3,109,Completed,Credit Card,12.47
TXN-19406,10/05/2026 15:43,Store 6,109,Completed,Mobile App,23.34
TXN-19407,19/05/2026 14:57,Store 2,107,Completed,Credit Card,39.16
TXN-19408,17/05/2026 15:03,Store 6,100,Completed,Credit Card,7.59
TXN-19409,07/05/2026 14:18,Store 1,102,Completed,Cash,24.95
TXN-19410,17/05/2026 11:45,Store 5,104,Completed,Mobile App,17.45
TXN-19411,08/05/2026 17:40,Store 6,105,Void,Credit Card,12.76
TXN-19412,04/05/2026 20:43,Store 2,106,Completed,Mobile App,27.96
TXN-19413,06/05/2026 20:00,Store 2,108,Completed,Credit Card,6.2
TXN-19414,17/05/2026 10:55,Store 4,106,Completed,Credit Card,22.28
TXN-19415,14/05/2026 10:21,Store 2,107,Completed,Credit Card,5.19
TXN-19416,03/05/2026 20:48,Store 4,110,Refund,Cash,15.14
TXN-19417,26/05/2026 20:53,Store 1,102,Completed,Cash,44.15
TXN-19418,25/05/2026 14:28,Store 5,102,Completed,Mobile App,19.19
TXN-19419,20/05/2026 18:27,Store 6,105,Completed,Credit Card,18.44
TXN-19420,29/05/2026 12:39,Store 2,107,Completed,Cash,6.91
TXN-19421,26/05/2026 12:50,Store 6,110,Completed,Credit Card,18.83
TXN-19422,05/05/2026 14:28,Store 3,109,Completed,Credit Card,25.36
TXN-19423,17/05/2026 17:21,Store 6,108,Completed,Mobile App,36.74
TXN-19424,08/05/2026 14:04,Store 6,100,Completed,Mobile App,29.4
TXN-19425,11/05/2026 17:03,Store 6,102,Completed,Cash,35.45
TXN-19426,01/05/2026 19:22,Store 4,109,Completed,Credit Card,27.95
TXN-19427,23/05/2026 10:44,Store 6,105,Completed,Credit Card,16.42
TXN-19428,15/05/2026 20:46,Store 6,104,Completed,Credit Card,8.99
TXN-19429,07/05/2026 21:16,Store 2,105,Completed,Cash,23.7
TXN-19430,10/05/2026 9:52,Store 3,109,Completed,Mobile App,18.64
TXN-19431,10/05/2026 20:36,Store 6,105,Completed,Credit Card,41.94
TXN-19432,18/05/2026 9:48,Store 4,106,Completed,Credit Card,18.19
TXN-19433,06/05/2026 13:38,Store 6,108,Completed,Credit Card,14.36
TXN-19434,23/05/2026 17:12,Store 3,101,Completed,Cash,42.16
TXN-19435,18/05/2026 17:27,Store 6,108,Completed,Mobile App,15.15
TXN-19436,02/05/2026 15:43,Store 5,101,Completed,Cash,37.74
TXN-19437,08/05/2026 18:35,Store 2,105,Void,Cash,33.34
TXN-19438,15/05/2026 16:33,Store 1,100,Completed,Cash,34.58
TXN-19439,29/05/2026 20:16,Store 3,103,Completed,Mobile App,12.62
TXN-19440,24/05/2026 11:04,Store 1,108,Completed,Cash,31.93
TXN-19441,01/05/2026 18:15,Store 5,100,Completed,Credit Card,42.86
TXN-19442,09/05/2026 22:08,Store 3,103,Void,Cash,27.4
TXN-19443,02/05/2026 15:48,Store 6,105,Completed,Credit Card,29.35
TXN-19444,14/05/2026 7:28,Store 3,109,Completed,Credit Card,39.64
TXN-19445,28/05/2026 20:09,Store 2,104,Completed,Credit Card,24.16
TXN-19446,05/05/2026 16:24,Store 2,107,Completed,Cash,38.75
TXN-19447,03/05/2026 12:24,Store 3,108,Completed,Credit Card,16.4
TXN-19448,17/05/2026 17:41,Store 3,104,Completed,Cash,13.69
TXN-19449,15/05/2026 9:25,Store 5,101,Completed,Cash,42.83
TXN-19450,23/05/2026 16:08,Store 4,106,Completed,Cash,19.74
TXN-19451,10/05/2026 17:03,Store 2,107,Completed,Credit Card,16.83
TXN-19452,01/05/2026 19:44,Store 6,104,Completed,Cash,18.89
TXN-19453,21/05/2026 9:02,Store 3,109,Completed,Credit Card,42.65
TXN-19454,24/05/2026 16:22,Store 6,102,Completed,Mobile App,5.74
TXN-19455,23/05/2026 18:14,Store 3,103,Completed,Credit Card,32.11
TXN-19456,21/05/2026 16:51,Store 1,100,Completed,Cash,27.03
TXN-19457,08/05/2026 18:23,Store 2,102,Completed,Credit Card,26.87
TXN-19458,13/05/2026 20:40,Store 1,110,Completed,Cash,27.86
TXN-19459,23/05/2026 16:46,Store 2,101,Completed,Cash,18.73
TXN-19460,28/05/2026 20:33,Store 6,102,Completed,Credit Card,19.13
TXN-19461,13/05/2026 16:17,Store 2,106,Completed,Credit Card,41.57
TXN-19462,30/05/2026 7:43,Store 1,105,Completed,Mobile App,18.33
TXN-19463,02/05/2026 14:04,Store 6,110,Completed,Cash,17.65
TXN-19464,08/05/2026 9:54,Store 1,101,Completed,Credit Card,17.3
TXN-19465,11/05/2026 14:45,Store 3,105,Completed,Credit Card,17.97
TXN-19466,04/05/2026 17:53,Store 4,108,Completed,Credit Card,12.61
TXN-19467,29/05/2026 20:47,Store 4,110,Completed,Credit Card,5.73
TXN-19468,26/05/2026 13:05,Store 3,105,Completed,Credit Card,27.6
TXN-19469,23/05/2026 11:16,Store 6,104,Completed,Mobile App,25.27
TXN-19470,17/05/2026 20:22,Store 1,104,Completed,Mobile App,9.93
TXN-19471,01/05/2026 10:45,Store 6,100,Completed,Cash,32.18
TXN-19472,11/05/2026 10:20,Store 5,105,Completed,Mobile App,31.02
TXN-19473,03/05/2026 18:32,Store 6,109,Completed,Cash,42.51
TXN-19474,06/05/2026 10:55,Store 4,102,Completed,Credit Card,42.79
TXN-19475,08/05/2026 17:18,Store 4,104,Completed,Credit Card,11.65
TXN-19476,14/05/2026 20:46,Store 4,109,Completed,Credit Card,14.82
TXN-19477,21/05/2026 7:14,Store 5,109,Completed,Cash,31.48
TXN-19478,01/05/2026 13:40,Store 6,109,Completed,Mobile App,13.18
TXN-19479,09/05/2026 16:27,Store 1,108,Refund,Credit Card,13.83
TXN-19480,15/05/2026 9:43,Store 1,106,Completed,Cash,6.2
TXN-19481,27/05/2026 19:40,Store 3,103,Completed,Cash,32.69
TXN-19482,04/05/2026 7:29,Store 1,109,Completed,Cash,23.55
TXN-19483,02/05/2026 7:45,Store 5,100,Completed,Credit Card,31.3
TXN-19484,25/05/2026 7:34,Store 5,110,Completed,Cash,5.97
TXN-19485,19/05/2026 19:57,Store 3,103,Completed,Credit Card,21.12
TXN-19486,07/05/2026 18:52,Store 1,110,Completed,Mobile App,13.73
TXN-19487,01/05/2026 18:17,Store 2,105,Completed,Credit Card,6.8
TXN-19488,06/05/2026 9:04,Store 4,109,Completed,Mobile App,8.78
TXN-19489,16/05/2026 18:35,Store 4,101,Completed,Mobile App,44.47
TXN-19490,23/05/2026 21:24,Store 3,104,Completed,Mobile App,9.54
TXN-19491,05/05/2026 9:48,Store 6,105,Completed,Mobile App,20.36
TXN-19492,21/05/2026 13:31,Store 3,109,Completed,Mobile App,42.84
TXN-19493,13/05/2026 10:35,Store 2,109,Void,Credit Card,8.29
TXN-19494,12/05/2026 11:29,Store 1,102,Completed,Mobile App,11.43
TXN-19495,26/05/2026 13:26,Store 2,102,Completed,Mobile App,43.07
TXN-19496,19/05/2026 20:38,Store 3,108,Completed,Mobile App,14.29
TXN-19497,03/05/2026 15:36,Store 6,102,Completed,Cash,22.6
TXN-19498,30/05/2026 16:29,Store 2,104,Completed,Cash,23.31
TXN-19499,11/05/2026 17:12,Store 3,103,Completed,Credit Card,32.92
TXN-19500,07/05/2026 21:23,Store 5,108,Completed,Credit Card,31.66
TXN-19501,24/05/2026 20:15,Store 6,104,Completed,Mobile App,39.2
TXN-19502,14/05/2026 10:25,Store 6,101,Completed,Credit Card,17.6
TXN-19503,29/05/2026 9:32,Store 2,108,Completed,Mobile App,13.3
TXN-19504,17/05/2026 12:51,Store 4,109,Completed,Cash,34.56
TXN-19505,12/05/2026 16:18,Store 2,105,Completed,Cash,36.45
TXN-19506,17/05/2026 19:33,Store 6,110,Completed,Credit Card,33.58
TXN-19507,20/05/2026 11:26,Store 3,106,Completed,Credit Card,40.04
TXN-19508,05/05/2026 8:54,Store 6,106,Completed,Credit Card,5.14
TXN-19509,29/05/2026 13:20,Store 5,109,Completed,Credit Card,15.26
TXN-19510,24/05/2026 11:45,Store 4,108,Completed,Mobile App,37.07
TXN-19511,07/05/2026 10:51,Store 3,108,Completed,Cash,29.18
TXN-19512,03/05/2026 18:15,Store 3,100,Completed,Cash,18.26
TXN-19513,28/05/2026 15:05,Store 6,101,Completed,Credit Card,26.09
TXN-19514,04/05/2026 12:25,Store 3,109,Completed,Credit Card,22.29
TXN-19515,30/05/2026 14:26,Store 6,104,Completed,Mobile App,44.81
TXN-19516,30/05/2026 16:29,Store 6,105,Completed,Credit Card,29.24
TXN-19517,05/05/2026 7:05,Store 5,104,Completed,Cash,35.56
TXN-19518,17/05/2026 21:01,Store 4,108,Completed,Credit Card,34.65
TXN-19519,06/05/2026 8:46,Store 4,110,Completed,Credit Card,14.88
TXN-19520,05/05/2026 19:59,Store 6,106,Completed,Cash,31.75
TXN-19521,10/05/2026 18:23,Store 5,104,Completed,Cash,43.94
TXN-19522,03/05/2026 21:27,Store 3,108,Completed,Cash,12.24
TXN-19523,26/05/2026 11:21,Store 4,105,Completed,Cash,42.07
TXN-19524,03/05/2026 15:04,Store 2,109,Completed,Mobile App,31.08
TXN-19525,28/05/2026 21:29,Store 5,109,Completed,Credit Card,5.23
TXN-19526,14/05/2026 21:18,Store 3,103,Completed,Cash,29.02
TXN-19527,20/05/2026 12:29,Store 3,101,Completed,Mobile App,19.93
TXN-19528,05/05/2026 14:55,Store 3,100,Completed,Mobile App,19.42
TXN-19529,12/05/2026 10:56,Store 4,101,Completed,Cash,19.43
TXN-19530,07/05/2026 13:34,Store 5,101,Completed,Cash,43.18
TXN-19531,04/05/2026 13:02,Store 2,101,Completed,Cash,18.73
TXN-19532,29/05/2026 19:37,Store 4,108,Completed,Mobile App,40.23
TXN-19533,20/05/2026 17:05,Store 1,100,Refund,Credit Card,14.19
TXN-19534,20/05/2026 8:25,Store 1,105,Completed,Credit Card,14.78
TXN-19535,09/05/2026 21:31,Store 4,105,Completed,Mobile App,43.74
TXN-19536,13/05/2026 22:55,Store 3,103,Void,Cash,30.28
TXN-19537,23/05/2026 17:55,Store 3,103,Completed,Cash,28.23
TXN-19538,04/05/2026 16:39,Store 4,102,Completed,Credit Card,17.66
TXN-19539,11/05/2026 21:33,Store 3,103,Completed,Cash,17.29
TXN-19540,18/05/2026 21:03,Store 2,106,Completed,Cash,11.77
TXN-19541,28/05/2026 15:22,Store 5,101,Completed,Cash,19.19
TXN-19542,16/05/2026 16:50,Store 2,109,Refund,Cash,16.02
TXN-19543,10/05/2026 15:37,Store 3,106,Completed,Credit Card,23.97
TXN-19544,06/05/2026 10:57,Store 4,108,Completed,Credit Card,28.6
TXN-19545,19/05/2026 10:51,Store 6,104,Completed,Mobile App,10.1
TXN-19546,15/05/2026 9:46,Store 1,100,Completed,Credit Card,26.17
TXN-19547,19/05/2026 9:29,Store 2,100,Completed,Credit Card,27.68
TXN-19548,09/05/2026 7:50,Store 6,105,Completed,Credit Card,7.53
TXN-19549,16/05/2026 19:04,Store 5,105,Completed,Mobile App,16.8
TXN-19550,05/05/2026 20:17,Store 5,109,Completed,Credit Card,15.75
TXN-19551,03/05/2026 20:24,Store 2,110,Void,Credit Card,27.64
TXN-19552,28/05/2026 18:42,Store 5,104,Completed,Cash,37.93
TXN-19553,13/05/2026 20:34,Store 3,110,Completed,Credit Card,30.88
TXN-19554,06/05/2026 17:09,Store 5,101,Completed,Credit Card,18.57
TXN-19555,30/05/2026 21:15,Store 1,104,Completed,Cash,8.66
TXN-19556,05/05/2026 21:06,Store 3,103,Void,Cash,23.69
TXN-19557,01/05/2026 21:51,Store 3,109,Completed,Credit Card,19.46
TXN-19558,30/05/2026 17:35,Store 3,109,Completed,Mobile App,42.76
TXN-19559,24/05/2026 19:57,Store 4,105,Completed,Mobile App,12.97
TXN-19560,22/05/2026 21:56,Store 3,103,Completed,Mobile App,9.21
TXN-19561,23/05/2026 21:55,Store 3,101,Completed,Mobile App,37.51
TXN-19562,13/05/2026 13:27,Store 6,105,Completed,Credit Card,39.48
TXN-19563,05/05/2026 19:33,Store 1,101,Completed,Cash,14.22
TXN-19564,26/05/2026 10:23,Store 6,109,Completed,Cash,16.79
TXN-19565,29/05/2026 8:01,Store 3,110,Completed,Mobile App,9.28
TXN-19566,28/05/2026 11:35,Store 2,107,Completed,Mobile App,20.27
TXN-19567,18/05/2026 14:27,Store 2,105,Completed,Mobile App,37.31
TXN-19568,28/05/2026 19:34,Store 6,110,Completed,Mobile App,30.28
TXN-19569,27/05/2026 20:01,Store 5,100,Void,Cash,28.13
TXN-19570,26/05/2026 17:15,Store 3,103,Completed,Mobile App,5.57
TXN-19571,06/05/2026 8:06,Store 4,100,Completed,Credit Card,21.1
TXN-19572,02/05/2026 17:01,Store 1,100,Completed,Cash,18.66
TXN-19573,25/05/2026 17:02,Store 1,104,Completed,Credit Card,30.95
TXN-19574,27/05/2026 9:35,Store 2,100,Completed,Credit Card,10.78
TXN-19575,10/05/2026 12:58,Store 1,109,Completed,Cash,35.86
TXN-19576,05/05/2026 10:32,Store 5,104,Void,Cash,11.77
TXN-19577,07/05/2026 17:01,Store 4,108,Completed,Credit Card,29.8
TXN-19578,09/05/2026 17:19,Store 5,102,Completed,Cash,14.12
TXN-19579,25/05/2026 21:11,Store 3,103,Completed,Cash,30.65
TXN-19580,27/05/2026 8:25,Store 4,104,Completed,Cash,38.66
TXN-19581,30/05/2026 12:44,Store 3,108,Completed,Cash,37.76
TXN-19582,25/05/2026 18:30,Store 4,102,Completed,Credit Card,8.17
TXN-19583,09/05/2026 10:42,Store 3,101,Completed,Credit Card,23.95
TXN-19584,07/05/2026 19:19,Store 3,103,Completed,Mobile App,10.4
TXN-19585,20/05/2026 16:39,Store 6,104,Completed,Credit Card,20.55
TXN-19586,28/05/2026 21:08,Store 3,103,Completed,Credit Card,17.95
TXN-19587,13/05/2026 8:38,Store 2,105,Completed,Cash,35.85
TXN-19588,14/05/2026 7:50,Store 5,100,Completed,Cash,22.82
TXN-19589,02/05/2026 12:37,Store 6,101,Completed,Cash,31.91
TXN-19590,07/05/2026 7:17,Store 1,100,Completed,Mobile App,20.51
TXN-19591,15/05/2026 8:38,Store 5,109,Completed,Cash,17.89
TXN-19592,20/05/2026 19:33,Store 1,110,Void,Credit Card,19.42
TXN-19593,18/05/2026 12:46,Store 1,101,Completed,Credit Card,6.96
TXN-19594,28/05/2026 14:07,Store 4,101,Completed,Mobile App,8.69
TXN-19595,10/05/2026 9:38,Store 4,102,Completed,Mobile App,26.22
TXN-19596,29/05/2026 9:26,Store 5,102,Completed,Credit Card,37.83
TXN-19597,26/05/2026 7:46,Store 3,105,Completed,Credit Card,41.89
TXN-19598,15/05/2026 17:09,Store 4,108,Completed,Mobile App,8.67
TXN-19599,01/05/2026 17:25,Store 6,110,Completed,Mobile App,38.01
TXN-19600,23/05/2026 21:18,Store 6,100,Completed,Cash,21.02
TXN-19601,29/05/2026 15:02,Store 3,102,Completed,Credit Card,25.15
TXN-19602,30/05/2026 11:53,Store 2,109,Completed,Credit Card,37.93
TXN-19603,06/05/2026 12:50,Store 2,100,Completed,Cash,26.15
TXN-19604,07/05/2026 18:24,Store 3,103,Completed,Mobile App,12.87
TXN-19605,13/05/2026 10:02,Store 2,110,Void,Cash,9.19
TXN-19606,22/05/2026 15:26,Store 3,109,Completed,Mobile App,31.62
TXN-19607,27/05/2026 20:06,Store 5,109,Completed,Credit Card,35.35
TXN-19608,03/05/2026 19:57,Store 2,104,Completed,Credit Card,5.58
TXN-19609,03/05/2026 20:26,Store 4,108,Discount applied,Credit Card,36.2
TXN-19610,09/05/2026 19:48,Store 6,102,Void,Credit Card,7.05
TXN-19611,24/05/2026 21:56,Store 4,105,Completed,Credit Card,29.6
TXN-19612,25/05/2026 21:42,Store 3,103,Completed,Mobile App,22.95
TXN-19613,13/05/2026 21:35,Store 3,103,Void,Cash,39.37
TXN-19614,25/05/2026 13:27,Store 2,109,Completed,Credit Card,13.88
TXN-19615,09/05/2026 12:10,Store 2,107,Completed,Mobile App,12.49
TXN-19616,27/05/2026 19:32,Store 1,104,Completed,Cash,11.9
TXN-19617,24/05/2026 19:24,Store 3,106,Completed,Cash,44.45
TXN-19618,07/05/2026 19:19,Store 2,109,Completed,Mobile App,41.07
TXN-19619,26/05/2026 18:37,Store 1,109,Completed,Credit Card,21.11
TXN-19620,28/05/2026 16:24,Store 2,105,Completed,Credit Card,28.57
TXN-19621,09/05/2026 12:08,Store 4,108,Completed,Mobile App,27.2
TXN-19622,20/05/2026 17:02,Store 3,108,Completed,Cash,37.9
TXN-19623,26/05/2026 17:34,Store 1,109,Refund,Credit Card,21.86
TXN-19624,14/05/2026 19:02,Store 4,104,Completed,Credit Card,38.18
TXN-19625,08/05/2026 17:54,Store 3,103,Completed,Mobile App,25.12
TXN-19626,05/05/2026 7:22,Store 5,106,Completed,Credit Card,12
TXN-19627,13/05/2026 13:43,Store 2,108,Completed,Credit Card,34.19
TXN-19628,09/05/2026 19:58,Store 1,110,Completed,Credit Card,20.54
TXN-19629,07/05/2026 9:12,Store 6,109,Completed,Credit Card,32.98
TXN-19630,28/05/2026 17:22,Store 2,108,Completed,Mobile App,28.01
TXN-19631,15/05/2026 9:32,Store 5,108,Completed,Credit Card,36.54
TXN-19632,05/05/2026 8:10,Store 2,106,Completed,Mobile App,26.61
TXN-19633,09/05/2026 15:08,Store 1,104,Completed,Mobile App,32.93
TXN-19634,07/05/2026 12:24,Store 3,104,Completed,Credit Card,44.43
TXN-19635,29/05/2026 10:52,Store 6,108,Completed,Mobile App,30.03
TXN-19636,16/05/2026 9:32,Store 2,104,Completed,Mobile App,37.57
TXN-19637,06/05/2026 7:35,Store 4,101,Completed,Credit Card,40.83
TXN-19638,01/05/2026 11:35,Store 2,107,Completed,Mobile App,21.43
TXN-19639,29/05/2026 21:41,Store 3,103,Completed,Cash,21.55
TXN-19640,02/05/2026 13:46,Store 4,101,Completed,Mobile App,6.75
TXN-19641,18/05/2026 19:52,Store 6,101,Completed,Credit Card,28.21
TXN-19642,12/05/2026 8:02,Store 3,100,Completed,Cash,5.05
TXN-19643,22/05/2026 18:06,Store 3,103,Completed,Cash,31.47
TXN-19644,21/05/2026 19:37,Store 1,101,Completed,Credit Card,8.99
TXN-19645,23/05/2026 21:07,Store 3,103,Completed,Mobile App,11.18
TXN-19646,10/05/2026 12:33,Store 3,102,Completed,Credit Card,6.28
TXN-19647,22/05/2026 16:51,Store 5,106,Completed,Mobile App,35.06
TXN-19648,08/05/2026 7:47,Store 4,109,Completed,Credit Card,11.96
TXN-19649,28/05/2026 21:23,Store 3,103,Completed,Credit Card,24.87
TXN-19650,02/05/2026 14:52,Store 4,102,Completed,Mobile App,37.94
TXN-19651,28/05/2026 20:03,Store 4,101,Completed,Credit Card,29.16
TXN-19652,05/05/2026 7:40,Store 6,100,Completed,Cash,42.48
TXN-19653,30/05/2026 15:11,Store 6,100,Completed,Cash,25.6
TXN-19654,26/05/2026 19:37,Store 3,105,Completed,Cash,34.03
TXN-19655,15/05/2026 14:52,Store 6,110,Completed,Credit Card,6.99
TXN-19656,19/05/2026 20:10,Store 6,101,Completed,Cash,37.64
TXN-19657,16/05/2026 16:15,Store 3,105,Completed,Credit Card,18.98
TXN-19658,19/05/2026 7:40,Store 3,104,Completed,Credit Card,26.32
TXN-19659,24/05/2026 17:31,Store 3,104,Completed,Credit Card,9.28
TXN-19660,10/05/2026 14:24,Store 3,100,Refund,Credit Card,6.94
TXN-19661,27/05/2026 20:21,Store 4,106,Completed,Credit Card,14.86
TXN-19662,26/05/2026 19:38,Store 5,108,Completed,Mobile App,8.46
TXN-19663,07/05/2026 20:58,Store 4,104,Completed,Credit Card,36.81
TXN-19664,26/05/2026 14:56,Store 3,109,Completed,Credit Card,10.56
TXN-19665,10/05/2026 16:46,Store 3,106,Completed,Credit Card,19.38
TXN-19666,07/05/2026 8:33,Store 4,108,Completed,Credit Card,43.84
TXN-19667,19/05/2026 15:53,Store 1,102,Completed,Mobile App,25.3
TXN-19668,30/05/2026 21:23,Store 5,104,Completed,Mobile App,21.03
TXN-19669,06/05/2026 11:56,Store 4,106,Discount applied,Credit Card,14.48
TXN-19670,14/05/2026 11:21,Store 5,109,Completed,Cash,19.22
TXN-19671,15/05/2026 15:36,Store 5,108,Completed,Credit Card,27.66
TXN-19672,14/05/2026 14:08,Store 1,110,Completed,Mobile App,28.16
TXN-19673,20/05/2026 14:41,Store 5,104,Completed,Credit Card,16.11
TXN-19674,28/05/2026 18:47,Store 3,103,Completed,Cash,35.25
TXN-19675,10/05/2026 11:29,Store 6,110,Completed,Cash,32.58
TXN-19676,19/05/2026 12:45,Store 5,105,Completed,Mobile App,29.91
TXN-19677,25/05/2026 8:50,Store 6,100,Completed,Cash,24.43
TXN-19678,10/05/2026 17:24,Store 1,108,Void,Cash,16.21
TXN-19679,17/05/2026 17:53,Store 1,100,Completed,Mobile App,28.75
TXN-19680,02/05/2026 19:34,Store 1,106,Discount applied,Credit Card,37.07
TXN-19681,04/05/2026 14:51,Store 3,100,Completed,Credit Card,32.18
TXN-19682,21/05/2026 8:25,Store 5,101,Completed,Cash,28.23
TXN-19683,22/05/2026 9:35,Store 3,100,Completed,Cash,14.08
TXN-19684,10/05/2026 12:27,Store 2,107,Completed,Mobile App,12.48
TXN-19685,22/05/2026 10:44,Store 5,104,Completed,Credit Card,33.48
TXN-19686,26/05/2026 18:08,Store 3,103,Completed,Mobile App,35.94
TXN-19687,07/05/2026 8:05,Store 5,105,Void,Credit Card,6.78
TXN-19688,27/05/2026 21:13,Store 3,102,Discount applied,Credit Card,13.95
TXN-19689,10/05/2026 13:47,Store 6,106,Completed,Cash,37.01
TXN-19690,25/05/2026 10:48,Store 4,109,Completed,Credit Card,32.26
TXN-19691,20/05/2026 17:01,Store 4,106,Completed,Credit Card,9.19
TXN-19692,22/05/2026 13:25,Store 4,106,Completed,Credit Card,34.48
TXN-19693,14/05/2026 11:52,Store 5,110,Completed,Cash,44.75
TXN-19694,26/05/2026 15:31,Store 5,106,Completed,Cash,7.68
TXN-19695,21/05/2026 12:58,Store 4,109,Completed,Credit Card,13.42
TXN-19696,19/05/2026 9:41,Store 5,106,Completed,Cash,43.34
TXN-19697,14/05/2026 11:52,Store 3,101,Completed,Credit Card,35.63
TXN-19698,10/05/2026 16:50,Store 6,108,Completed,Credit Card,22.48
TXN-19699,18/05/2026 21:51,Store 1,108,Completed,Credit Card,16.64
TXN-19700,29/05/2026 7:36,Store 3,100,Completed,Credit Card,39.03
TXN-19701,13/05/2026 12:59,Store 5,105,Completed,Credit Card,21.43
TXN-19702,09/05/2026 19:05,Store 5,105,Completed,Cash,27.87
TXN-19703,22/05/2026 13:27,Store 1,101,Completed,Credit Card,18.78
TXN-19704,26/05/2026 12:08,Store 3,109,Discount applied,Credit Card,12.58
TXN-19705,24/05/2026 17:57,Store 1,105,Completed,Credit Card,14.96
TXN-19706,05/05/2026 12:08,Store 5,105,Completed,Credit Card,25.16
TXN-19707,12/05/2026 13:39,Store 5,101,Completed,Credit Card,30
TXN-19708,18/05/2026 19:29,Store 2,105,Completed,Mobile App,11.34
TXN-19709,25/05/2026 14:48,Store 2,109,Completed,Credit Card,6.52
TXN-19710,21/05/2026 12:48,Store 1,101,Completed,Credit Card,21.91
TXN-19711,03/05/2026 14:30,Store 1,110,Completed,Credit Card,27.9
TXN-19712,14/05/2026 13:12,Store 6,110,Completed,Mobile App,16.83
TXN-19713,30/05/2026 19:14,Store 3,100,Completed,Mobile App,39.25
TXN-19714,19/05/2026 10:15,Store 3,110,Completed,Mobile App,21.62
TXN-19715,19/05/2026 13:57,Store 6,105,Completed,Cash,23.43
TXN-19716,23/05/2026 16:31,Store 2,106,Completed,Cash,23.4
TXN-19717,11/05/2026 7:01,Store 4,101,Completed,Mobile App,8.21
TXN-19718,16/05/2026 19:16,Store 2,101,Completed,Credit Card,30.99
TXN-19719,26/05/2026 12:41,Store 4,109,Completed,Cash,25.9
TXN-19720,05/05/2026 20:19,Store 5,108,Completed,Cash,44.74
TXN-19721,08/05/2026 16:33,Store 6,102,Completed,Cash,22.31
TXN-19722,06/05/2026 12:47,Store 3,101,Completed,Cash,38.43
TXN-19723,28/05/2026 15:28,Store 4,108,Completed,Credit Card,36.6
TXN-19724,27/05/2026 17:04,Store 4,100,Completed,Credit Card,31.69
TXN-19725,07/05/2026 18:10,Store 6,102,Completed,Mobile App,22.3
TXN-19726,13/05/2026 9:55,Store 5,105,Completed,Cash,30.92
TXN-19727,23/05/2026 20:45,Store 3,103,Completed,Mobile App,29.84
TXN-19728,18/05/2026 14:56,Store 1,106,Completed,Credit Card,6.56
TXN-19729,15/05/2026 19:15,Store 1,100,Completed,Mobile App,27.16
TXN-19730,04/05/2026 9:20,Store 5,108,Completed,Mobile App,37.2
TXN-19731,23/05/2026 14:55,Store 5,109,Completed,Credit Card,34.65
TXN-19732,16/05/2026 19:17,Store 3,103,Completed,Credit Card,13.71
TXN-19733,11/05/2026 16:17,Store 6,106,Completed,Cash,42.57
TXN-19734,23/05/2026 20:52,Store 5,106,Completed,Cash,28.7
TXN-19735,16/05/2026 13:42,Store 4,104,Completed,Credit Card,21.72
TXN-19736,14/05/2026 18:46,Store 3,103,Completed,Credit Card,18.74
TXN-19737,30/05/2026 16:40,Store 2,107,Completed,Credit Card,11.02
TXN-19738,14/05/2026 18:53,Store 1,109,Completed,Credit Card,37.3
TXN-19739,29/05/2026 21:43,Store 4,101,Completed,Credit Card,31.3
TXN-19740,02/05/2026 19:13,Store 3,102,Completed,Cash,10.42
TXN-19741,09/05/2026 13:47,Store 3,110,Completed,Credit Card,7.24
TXN-19742,22/05/2026 18:29,Store 2,106,Completed,Credit Card,26.94
TXN-19743,08/05/2026 16:07,Store 2,100,Completed,Credit Card,37.18
TXN-19744,05/05/2026 11:13,Store 1,105,Completed,Mobile App,41.79
TXN-19745,23/05/2026 13:57,Store 3,104,Completed,Cash,20.25
TXN-19746,11/05/2026 17:54,Store 1,101,Completed,Credit Card,16.06
TXN-19747,18/05/2026 17:44,Store 3,108,Completed,Credit Card,38.85
TXN-19748,17/05/2026 21:04,Store 2,110,Completed,Credit Card,26.18
TXN-19749,08/05/2026 11:44,Store 4,110,Refund,Credit Card,20.63
TXN-19750,24/05/2026 7:26,Store 6,104,Completed,Mobile App,15.27
TXN-19751,07/05/2026 20:03,Store 6,102,Completed,Mobile App,36.93
TXN-19752,29/05/2026 8:05,Store 3,109,Completed,Credit Card,6.82
TXN-19753,29/05/2026 12:31,Store 6,101,Completed,Mobile App,12.46
TXN-19754,29/05/2026 7:57,Store 3,109,Completed,Credit Card,37.65
TXN-19755,03/05/2026 19:43,Store 2,109,Discount applied,Mobile App,28.37
TXN-19756,24/05/2026 20:47,Store 4,110,Completed,Mobile App,18.45
TXN-19757,26/05/2026 14:40,Store 1,101,Void,Cash,21.72
TXN-19758,06/05/2026 17:31,Store 1,100,Completed,Credit Card,26.33
TXN-19759,21/05/2026 18:40,Store 5,104,Completed,Cash,16.33
TXN-19760,26/05/2026 9:05,Store 3,101,Completed,Cash,10.18
TXN-19761,07/05/2026 21:30,Store 3,106,Completed,Cash,15.67
TXN-19762,18/05/2026 14:11,Store 4,101,Completed,Cash,37.69
TXN-19763,11/05/2026 17:54,Store 2,107,Completed,Mobile App,26.94
TXN-19764,19/05/2026 18:52,Store 2,100,Completed,Credit Card,27.88
TXN-19765,25/05/2026 18:50,Store 5,102,Completed,Credit Card,39.08
TXN-19766,11/05/2026 8:02,Store 4,102,Completed,Credit Card,15.88
TXN-19767,10/05/2026 17:21,Store 2,100,Completed,Mobile App,9.45
TXN-19768,05/05/2026 10:55,Store 2,106,Completed,Cash,19.92
TXN-19769,01/05/2026 17:09,Store 2,101,Void,Credit Card,33.2
TXN-19770,01/05/2026 9:23,Store 2,107,Completed,Credit Card,9.09
TXN-19771,15/05/2026 12:48,Store 4,102,Completed,Cash,15.34
TXN-19772,22/05/2026 18:17,Store 1,106,Completed,Mobile App,8.17
TXN-19773,25/05/2026 11:25,Store 1,106,Completed,Credit Card,20.63
TXN-19774,11/05/2026 16:00,Store 1,100,Completed,Credit Card,9.53
TXN-19775,11/05/2026 15:30,Store 4,101,Completed,Credit Card,44.69
TXN-19776,12/05/2026 12:32,Store 1,102,Completed,Credit Card,34.42
TXN-19777,27/05/2026 10:48,Store 6,106,Completed,Mobile App,10.69
TXN-19778,15/05/2026 16:27,Store 5,104,Completed,Credit Card,13.23
TXN-19779,29/05/2026 21:43,Store 3,103,Void,Cash,41.95
TXN-19780,20/05/2026 10:11,Store 2,107,Completed,Mobile App,12.38
TXN-19781,14/05/2026 18:48,Store 1,104,Completed,Mobile App,27.72
TXN-19782,05/05/2026 12:04,Store 2,107,Completed,Cash,7.83
TXN-19783,06/05/2026 12:48,Store 6,102,Completed,Credit Card,14.32
TXN-19784,30/05/2026 19:18,Store 3,103,Completed,Mobile App,24.55
TXN-19785,13/05/2026 7:40,Store 3,102,Completed,Mobile App,33.9
TXN-19786,28/05/2026 18:12,Store 1,110,Completed,Credit Card,40.32
TXN-19787,26/05/2026 15:23,Store 6,102,Completed,Credit Card,8.42
TXN-19788,26/05/2026 9:10,Store 2,100,Completed,Credit Card,22.18
TXN-19789,11/05/2026 14:16,Store 6,106,Completed,Mobile App,8.5
TXN-19790,13/05/2026 20:35,Store 3,101,Completed,Mobile App,12.56
TXN-19791,28/05/2026 11:07,Store 1,101,Completed,Credit Card,18.04
TXN-19792,14/05/2026 17:41,Store 5,106,Completed,Mobile App,21.05
TXN-19793,22/05/2026 19:50,Store 1,108,Completed,Cash,15.52
TXN-19794,05/05/2026 16:09,Store 1,110,Completed,Cash,37.92
TXN-19795,26/05/2026 20:30,Store 2,104,Completed,Cash,28.14
TXN-19796,19/05/2026 8:51,Store 3,105,Completed,Cash,7.69
TXN-19797,23/05/2026 21:43,Store 6,105,Completed,Credit Card,11.85
TXN-19798,12/05/2026 13:45,Store 6,100,Completed,Mobile App,22.6
TXN-19799,05/05/2026 20:30,Store 2,105,Completed,Credit Card,18.01
TXN-19800,21/05/2026 16:11,Store 2,110,Completed,Mobile App,25.11
TXN-19801,01/05/2026 13:20,Store 2,102,Completed,Cash,14
TXN-19802,26/05/2026 10:34,Store 4,104,Completed,Mobile App,23.4
TXN-19803,25/05/2026 14:10,Store 3,101,Completed,Cash,36.24
TXN-19804,11/05/2026 19:47,Store 4,108,Void,Cash,11.03
TXN-19805,26/05/2026 17:40,Store 3,104,Completed,Credit Card,41.17
TXN-19806,28/05/2026 14:29,Store 2,101,Completed,Credit Card,13.79
TXN-19807,11/05/2026 20:36,Store 5,109,Completed,Mobile App,28.74
TXN-19808,22/05/2026 14:03,Store 4,101,Completed,Mobile App,20.23
TXN-19809,21/05/2026 21:02,Store 1,104,Completed,Cash,23.08
TXN-19810,15/05/2026 20:53,Store 2,109,Completed,Mobile App,10.21
TXN-19811,03/05/2026 7:09,Store 4,108,Completed,Mobile App,31.48
TXN-19812,18/05/2026 7:11,Store 5,101,Completed,Cash,22.64
TXN-19813,10/05/2026 13:38,Store 6,110,Completed,Cash,8.84
TXN-19814,19/05/2026 19:13,Store 1,109,Completed,Cash,39.66
TXN-19815,21/05/2026 16:57,Store 6,101,Completed,Credit Card,38.14
TXN-19816,21/05/2026 16:16,Store 3,104,Completed,Credit Card,22.64
TXN-19817,25/05/2026 20:33,Store 1,106,Completed,Cash,30.07
TXN-19818,23/05/2026 12:19,Store 3,100,Discount applied,Cash,9.23
TXN-19819,17/05/2026 10:35,Store 3,110,Completed,Credit Card,37.01
TXN-19820,26/05/2026 12:37,Store 3,109,Completed,Credit Card,5.83
TXN-19821,03/05/2026 19:47,Store 4,105,Completed,Credit Card,32.83
TXN-19822,07/05/2026 19:22,Store 3,103,Completed,Cash,23.52
TXN-19823,01/05/2026 10:45,Store 4,109,Completed,Credit Card,19.21
TXN-19824,18/05/2026 11:46,Store 1,101,Void,Mobile App,15.44
TXN-19825,16/05/2026 8:39,Store 3,104,Refund,Mobile App,23.54
TXN-19826,23/05/2026 10:57,Store 1,109,Completed,Mobile App,8.15
TXN-19827,16/05/2026 15:15,Store 5,106,Completed,Cash,18.19
TXN-19828,13/05/2026 14:05,Store 4,102,Completed,Mobile App,42.61
TXN-19829,13/05/2026 10:33,Store 2,110,Completed,Mobile App,15.15
TXN-19830,17/05/2026 16:39,Store 2,107,Completed,Mobile App,8.31
TXN-19831,16/05/2026 18:20,Store 3,101,Completed,Cash,39.25
TXN-19832,14/05/2026 11:05,Store 4,108,Void,Cash,16.79
TXN-19833,08/05/2026 12:49,Store 4,105,Completed,Credit Card,36.92
TXN-19834,04/05/2026 10:07,Store 5,102,Completed,Credit Card,38.54
TXN-19835,17/05/2026 18:51,Store 3,103,Completed,Credit Card,35.05
TXN-19836,18/05/2026 12:58,Store 1,106,Completed,Credit Card,11.55
TXN-19837,29/05/2026 17:05,Store 3,103,Completed,Mobile App,7.25
TXN-19838,26/05/2026 16:01,Store 4,109,Completed,Mobile App,20.65
TXN-19839,21/05/2026 17:11,Store 5,108,Completed,Credit Card,25.88
TXN-19840,15/05/2026 18:03,Store 5,104,Completed,Mobile App,30.64
TXN-19841,13/05/2026 9:19,Store 5,105,Completed,Mobile App,6.25
TXN-19842,11/05/2026 17:06,Store 3,103,Completed,Cash,5.51
TXN-19843,14/05/2026 21:44,Store 5,102,Completed,Mobile App,7.01
TXN-19844,27/05/2026 21:42,Store 2,101,Completed,Cash,10.34
TXN-19845,26/05/2026 17:19,Store 1,104,Completed,Cash,28.99
TXN-19846,29/05/2026 10:47,Store 1,110,Completed,Cash,20.94
TXN-19847,18/05/2026 7:04,Store 1,106,Completed,Credit Card,39.51
TXN-19848,22/05/2026 12:32,Store 2,107,Completed,Credit Card,7.92
TXN-19849,16/05/2026 8:59,Store 6,102,Completed,Cash,25.91
TXN-19850,23/05/2026 10:36,Store 3,104,Completed,Credit Card,21.43
TXN-19851,13/05/2026 11:07,Store 3,100,Void,Mobile App,34.57
TXN-19852,29/05/2026 21:37,Store 4,104,Void,Mobile App,31.95
TXN-19853,17/05/2026 11:11,Store 3,104,Completed,Cash,36.11
TXN-19854,10/05/2026 20:48,Store 1,104,Completed,Mobile App,41.5
TXN-19855,23/05/2026 16:56,Store 5,105,Completed,Mobile App,27.96
TXN-19856,02/05/2026 17:50,Store 3,104,Completed,Cash,25.33
TXN-19857,26/05/2026 18:39,Store 4,100,Completed,Credit Card,9.5
TXN-19858,10/05/2026 20:05,Store 1,105,Completed,Credit Card,39.84
TXN-19859,24/05/2026 13:02,Store 1,104,Completed,Credit Card,18.12
TXN-19860,17/05/2026 17:51,Store 3,103,Completed,Mobile App,14.47
TXN-19861,30/05/2026 10:20,Store 4,102,Completed,Cash,30.99
TXN-19862,19/05/2026 19:12,Store 6,105,Completed,Mobile App,18.39
TXN-19863,08/05/2026 11:31,Store 6,106,Completed,Credit Card,15.1
TXN-19864,04/05/2026 19:55,Store 3,103,Completed,Credit Card,12.27
TXN-19865,04/05/2026 17:44,Store 4,105,Completed,Mobile App,24.58
TXN-19866,06/05/2026 10:13,Store 2,107,Discount applied,Cash,33.53
TXN-19867,27/05/2026 10:30,Store 6,100,Completed,Mobile App,42.16
TXN-19868,22/05/2026 14:36,Store 3,108,Completed,Mobile App,13.32
TXN-19869,02/05/2026 19:24,Store 4,100,Completed,Mobile App,26.24
TXN-19870,24/05/2026 9:59,Store 2,107,Completed,Credit Card,36.61
TXN-19871,01/05/2026 19:32,Store 3,106,Completed,Cash,10.82
TXN-19872,23/05/2026 10:31,Store 1,110,Completed,Mobile App,35.66
TXN-19873,19/05/2026 21:16,Store 1,109,Completed,Credit Card,18.44
TXN-19874,24/05/2026 20:48,Store 4,106,Completed,Mobile App,13.04
TXN-19875,04/05/2026 14:50,Store 4,110,Completed,Mobile App,33.13
TXN-19876,12/05/2026 16:30,Store 2,100,Void,Cash,13.24
TXN-19877,07/05/2026 15:14,Store 6,101,Completed,Cash,38.29
TXN-19878,07/05/2026 12:40,Store 5,100,Completed,Credit Card,44.81
TXN-19879,01/05/2026 7:01,Store 2,104,Completed,Cash,14.95
TXN-19880,07/05/2026 18:17,Store 3,103,Completed,Credit Card,39.97
TXN-19881,05/05/2026 18:42,Store 5,105,Completed,Mobile App,6.37
TXN-19882,30/05/2026 20:40,Store 1,105,Void,Mobile App,25.36
TXN-19883,29/05/2026 10:35,Store 5,105,Completed,Credit Card,21.92
TXN-19884,03/05/2026 13:24,Store 2,102,Refund,Cash,12.11
TXN-19885,29/05/2026 16:07,Store 3,103,Completed,Cash,6.54
TXN-19886,09/05/2026 21:26,Store 1,101,Completed,Cash,42.1
TXN-19887,02/05/2026 14:37,Store 2,107,Completed,Cash,14
TXN-19888,17/05/2026 19:39,Store 3,103,Completed,Mobile App,36.95
TXN-19889,24/05/2026 14:34,Store 3,104,Completed,Credit Card,20.36
TXN-19890,19/05/2026 9:42,Store 6,106,Completed,Mobile App,14.05
TXN-19891,08/05/2026 9:05,Store 3,108,Void,Cash,16.07
TXN-19892,10/05/2026 18:23,Store 3,103,Completed,Cash,20.46
TXN-19893,27/05/2026 13:22,Store 5,101,Completed,Mobile App,15.18
TXN-19894,24/05/2026 15:26,Store 2,107,Completed,Credit Card,29.25
TXN-19895,19/05/2026 21:16,Store 1,108,Completed,Credit Card,21.6
TXN-19896,03/05/2026 8:43,Store 6,108,Completed,Cash,39
TXN-19897,21/05/2026 19:24,Store 3,105,Completed,Cash,9.85
TXN-19898,03/05/2026 11:21,Store 1,105,Completed,Credit Card,20.18
TXN-19899,23/05/2026 8:50,Store 2,109,Completed,Credit Card,38.81
TXN-19900,21/05/2026 11:15,Store 5,101,Completed,Credit Card,40.87
TXN-19901,23/05/2026 7:42,Store 2,110,Completed,Credit Card,19.92
TXN-19902,21/05/2026 12:08,Store 3,104,Completed,Cash,10.13
TXN-19903,10/05/2026 10:04,Store 1,105,Completed,Credit Card,12.89
TXN-19904,01/05/2026 14:58,Store 6,106,Completed,Mobile App,21.9
TXN-19905,16/05/2026 9:46,Store 1,106,Completed,Mobile App,29.16
TXN-19906,19/05/2026 12:45,Store 5,109,Completed,Credit Card,8.39
TXN-19907,21/05/2026 21:53,Store 3,104,Completed,Credit Card,44.43
TXN-19908,12/05/2026 9:34,Store 4,108,Completed,Credit Card,30.55
TXN-19909,06/05/2026 15:27,Store 2,109,Completed,Mobile App,41.45
TXN-19910,20/05/2026 10:44,Store 3,100,Completed,Credit Card,16.24
TXN-19911,07/05/2026 18:29,Store 3,103,Completed,Credit Card,17.7
TXN-19912,24/05/2026 20:51,Store 6,109,Completed,Cash,14.27
TXN-19913,02/05/2026 15:20,Store 4,109,Completed,Credit Card,11.62
TXN-19914,29/05/2026 7:10,Store 6,105,Refund,Cash,12.88
TXN-19915,01/05/2026 21:11,Store 4,102,Completed,Mobile App,18.67
TXN-19916,10/05/2026 13:13,Store 1,104,Completed,Mobile App,12.23
TXN-19917,24/05/2026 20:45,Store 1,104,Completed,Credit Card,20.19
TXN-19918,01/05/2026 11:32,Store 3,100,Completed,Credit Card,20.79
TXN-19919,09/05/2026 21:27,Store 6,110,Completed,Cash,37.08
TXN-19920,17/05/2026 13:19,Store 3,102,Completed,Mobile App,22.71
TXN-19921,02/05/2026 7:41,Store 5,101,Completed,Credit Card,13.84
TXN-19922,14/05/2026 17:51,Store 3,104,Completed,Mobile App,12.23
TXN-19923,16/05/2026 11:12,Store 1,106,Completed,Cash,9.31
TXN-19924,04/05/2026 12:00,Store 3,101,Completed,Credit Card,29.39
TXN-19925,18/05/2026 18:18,Store 3,110,Completed,Credit Card,39.03
TXN-19926,17/05/2026 16:13,Store 6,109,Completed,Mobile App,37.34
TXN-19927,21/05/2026 12:43,Store 2,104,Completed,Cash,13.46
TXN-19928,28/05/2026 16:53,Store 2,107,Completed,Cash,21.46
TXN-19929,15/05/2026 17:14,Store 4,108,Completed,Credit Card,6.46
TXN-19930,09/05/2026 14:29,Store 2,101,Completed,Mobile App,10.04
TXN-19931,25/05/2026 18:15,Store 1,101,Refund,Credit Card,9.94
TXN-19932,13/05/2026 20:35,Store 5,105,Completed,Credit Card,35.24
TXN-19933,04/05/2026 17:16,Store 5,106,Completed,Credit Card,26.94
TXN-19934,05/05/2026 18:00,Store 4,102,Completed,Mobile App,29.5
TXN-19935,19/05/2026 16:55,Store 2,102,Completed,Credit Card,19.95
TXN-19936,16/05/2026 10:06,Store 2,107,Discount applied,Cash,23.69
TXN-19937,19/05/2026 18:49,Store 2,109,Completed,Mobile App,9.53
TXN-19938,05/05/2026 18:37,Store 2,110,Completed,Credit Card,35.27
TXN-19939,21/05/2026 16:24,Store 2,107,Completed,Mobile App,14.98
TXN-19940,04/05/2026 18:46,Store 4,108,Completed,Mobile App,38.46
TXN-19941,26/05/2026 14:32,Store 4,106,Refund,Cash,15.41
TXN-19942,03/05/2026 11:30,Store 2,107,Completed,Cash,22.96
TXN-19943,01/05/2026 11:22,Store 4,105,Completed,Cash,11.66
TXN-19944,18/05/2026 17:40,Store 6,109,Completed,Cash,10.41
TXN-19945,26/05/2026 19:01,Store 6,105,Completed,Credit Card,7.21
TXN-19946,29/05/2026 9:12,Store 2,105,Completed,Mobile App,31.83
TXN-19947,23/05/2026 8:06,Store 2,101,Completed,Credit Card,35.48
TXN-19948,26/05/2026 12:10,Store 1,108,Completed,Credit Card,12.36
TXN-19949,20/05/2026 21:30,Store 3,104,Completed,Credit Card,43.08
TXN-19950,15/05/2026 14:48,Store 1,109,Void,Cash,9.44
TXN-19951,15/05/2026 12:33,Store 6,110,Completed,Credit Card,36.79
TXN-19952,29/05/2026 16:00,Store 3,103,Completed,Mobile App,14.54
TXN-19953,18/05/2026 7:33,Store 1,110,Completed,Cash,42.38
TXN-19954,04/05/2026 19:29,Store 6,102,Refund,Cash,10.39
TXN-19955,02/05/2026 15:05,Store 5,106,Discount applied,Credit Card,36.94
TXN-19956,07/05/2026 18:05,Store 4,106,Refund,Cash,17.77
TXN-19957,07/05/2026 21:05,Store 3,101,Completed,Credit Card,17.33
TXN-19958,11/05/2026 12:25,Store 1,101,Completed,Mobile App,7.46
TXN-19959,22/05/2026 12:36,Store 4,100,Completed,Cash,9.48
TXN-19960,04/05/2026 19:37,Store 3,100,Completed,Cash,27.25
TXN-19961,27/05/2026 16:04,Store 6,110,Completed,Mobile App,24.25
TXN-19962,28/05/2026 10:08,Store 4,110,Completed,Credit Card,6.62
TXN-19963,27/05/2026 11:14,Store 2,106,Completed,Mobile App,41.4
TXN-19964,05/05/2026 16:32,Store 2,106,Discount applied,Cash,32.48
TXN-19965,24/05/2026 14:17,Store 3,106,Completed,Mobile App,39.42
TXN-19966,26/05/2026 18:56,Store 3,100,Completed,Mobile App,30.63
TXN-19967,11/05/2026 10:51,Store 5,106,Completed,Credit Card,27.55
TXN-19968,23/05/2026 21:08,Store 4,104,Completed,Mobile App,39.98
TXN-19969,22/05/2026 20:21,Store 3,103,Completed,Credit Card,22.13
TXN-19970,28/05/2026 17:02,Store 6,104,Completed,Cash,33.53
TXN-19971,24/05/2026 12:28,Store 6,100,Completed,Credit Card,20.37
TXN-19972,10/05/2026 19:20,Store 4,110,Completed,Cash,37.89
TXN-19973,06/05/2026 7:34,Store 4,100,Completed,Cash,9.13
TXN-19974,11/05/2026 9:59,Store 4,100,Completed,Mobile App,9.97
TXN-19975,26/05/2026 14:33,Store 4,109,Completed,Credit Card,10.49
TXN-19976,29/05/2026 7:27,Store 2,100,Completed,Cash,26.28
TXN-19977,03/05/2026 10:24,Store 2,109,Completed,Cash,9.13
TXN-19978,27/05/2026 18:51,Store 3,103,Completed,Credit Card,38.89
TXN-19979,14/05/2026 8:03,Store 4,110,Completed,Credit Card,38.09
TXN-19980,16/05/2026 20:03,Store 4,106,Completed,Cash,37.5
TXN-19981,06/05/2026 11:53,Store 4,108,Completed,Mobile App,14.11
TXN-19982,02/05/2026 7:29,Store 4,104,Void,Credit Card,10.19
TXN-19983,26/05/2026 14:25,Store 1,102,Completed,Credit Card,6.32
TXN-19984,14/05/2026 15:06,Store 4,102,Completed,Credit Card,41.72
TXN-19985,27/05/2026 15:59,Store 2,108,Completed,Cash,30.31
TXN-19986,08/05/2026 21:18,Store 1,102,Completed,Cash,23.72
TXN-19987,21/05/2026 18:18,Store 4,105,Completed,Credit Card,33.35
TXN-19988,29/05/2026 21:16,Store 4,105,Completed,Credit Card,15.55
TXN-19989,29/05/2026 8:11,Store 4,105,Completed,Mobile App,15.3
TXN-19990,29/05/2026 14:23,Store 5,110,Completed,Mobile App,9.73
TXN-19991,16/05/2026 17:19,Store 4,108,Completed,Credit Card,42.08
TXN-19992,07/05/2026 13:38,Store 1,105,Completed,Credit Card,23.19
TXN-19993,29/05/2026 10:22,Store 1,100,Completed,Credit Card,41.18
TXN-19994,14/05/2026 20:46,Store 4,101,Completed,Cash,33.84
TXN-19995,17/05/2026 8:43,Store 6,106,Completed,Credit Card,37.99
TXN-19996,30/05/2026 13:28,Store 4,104,Completed,Cash,9.84
TXN-19997,25/05/2026 21:13,Store 3,103,Completed,Credit Card,5.83
TXN-19998,22/05/2026 12:28,Store 1,101,Completed,Credit Card,37.89
TXN-19999,29/05/2026 10:01,Store 2,105,Completed,Cash,11.96
TXN-20000,30/05/2026 10:42,Store 3,101,Completed,Cash,27.09
TXN-20001,20/05/2026 15:25,Store 5,100,Completed,Mobile App,7.5
TXN-20002,24/05/2026 17:57,Store 2,102,Discount applied,Cash,19.56
TXN-20003,19/05/2026 7:19,Store 1,102,Completed,Credit Card,37.49
TXN-20004,09/05/2026 21:46,Store 4,102,Completed,Mobile App,24.57
TXN-20005,25/05/2026 21:11,Store 5,104,Completed,Credit Card,11.66
TXN-20006,02/05/2026 8:31,Store 6,109,Refund,Cash,22.39
TXN-20007,09/05/2026 14:19,Store 5,110,Completed,Credit Card,28.35
TXN-20008,15/05/2026 21:19,Store 3,103,Completed,Cash,20.61
TXN-20009,01/05/2026 20:41,Store 3,103,Completed,Credit Card,32.36
TXN-20010,27/05/2026 17:14,Store 3,103,Completed,Cash,36.28
TXN-20011,11/05/2026 15:36,Store 2,102,Discount applied,Cash,6.34
TXN-20012,08/05/2026 12:23,Store 6,104,Completed,Mobile App,23.22
TXN-20013,07/05/2026 21:22,Store 2,105,Completed,Credit Card,19.59
TXN-20014,06/05/2026 21:46,Store 5,108,Completed,Cash,28.02
TXN-20015,30/05/2026 12:50,Store 3,106,Completed,Mobile App,23.08
TXN-20016,28/05/2026 15:12,Store 6,106,Completed,Credit Card,43.57
TXN-20017,29/05/2026 21:40,Store 5,102,Completed,Mobile App,41.46
TXN-20018,02/05/2026 16:31,Store 2,107,Completed,Cash,22.53
TXN-20019,30/05/2026 19:45,Store 6,104,Refund,Credit Card,19.07
TXN-20020,27/05/2026 17:22,Store 3,103,Completed,Cash,10.14
TXN-20021,22/05/2026 20:50,Store 4,105,Completed,Credit Card,20.81
TXN-20022,18/05/2026 16:34,Store 5,100,Completed,Mobile App,22.2
TXN-20023,27/05/2026 19:40,Store 6,110,Refund,Credit Card,5.2
TXN-20024,20/05/2026 12:34,Store 5,102,Completed,Credit Card,39.04
TXN-20025,27/05/2026 8:40,Store 4,109,Completed,Cash,5.4
TXN-20026,13/05/2026 12:45,Store 2,107,Completed,Mobile App,18.25
TXN-20027,15/05/2026 10:37,Store 6,108,Discount applied,Credit Card,39.88
TXN-20028,22/05/2026 16:27,Store 3,108,Completed,Credit Card,7.55
TXN-20029,05/05/2026 21:12,Store 6,102,Refund,Mobile App,19.06
TXN-20030,03/05/2026 18:58,Store 6,100,Completed,Credit Card,21.35
TXN-20031,18/05/2026 8:22,Store 2,101,Completed,Credit Card,38.81
TXN-20032,18/05/2026 20:05,Store 3,105,Completed,Mobile App,26.9
TXN-20033,04/05/2026 8:35,Store 2,106,Completed,Credit Card,14.62
TXN-20034,06/05/2026 15:54,Store 2,102,Completed,Cash,36.45
TXN-20035,17/05/2026 21:24,Store 5,106,Completed,Credit Card,32.7
TXN-20036,20/05/2026 18:09,Store 3,103,Completed,Mobile App,17.43
TXN-20037,03/05/2026 15:06,Store 3,101,Completed,Credit Card,13.6
TXN-20038,14/05/2026 13:56,Store 6,102,Void,Mobile App,24.27
TXN-20039,14/05/2026 13:59,Store 3,109,Completed,Mobile App,7
TXN-20040,25/05/2026 7:03,Store 3,101,Completed,Mobile App,41.91
TXN-20041,05/05/2026 18:46,Store 2,101,Void,Cash,9.78
TXN-20042,19/05/2026 15:31,Store 5,110,Void,Credit Card,29.7
TXN-20043,30/05/2026 13:32,Store 4,105,Completed,Mobile App,27.74
TXN-20044,25/05/2026 15:55,Store 4,109,Completed,Credit Card,36.66
TXN-20045,12/05/2026 17:06,Store 6,102,Completed,Mobile App,24.58
TXN-20046,04/05/2026 16:13,Store 5,100,Completed,Mobile App,36.23
TXN-20047,01/05/2026 20:18,Store 3,103,Completed,Mobile App,35.53
TXN-20048,18/05/2026 10:44,Store 5,106,Completed,Mobile App,19.98
TXN-20049,11/05/2026 11:47,Store 2,107,Discount applied,Cash,28.46
TXN-20050,18/05/2026 17:07,Store 6,105,Completed,Credit Card,43.21
TXN-20051,29/05/2026 21:32,Store 2,108,Completed,Mobile App,38.77
TXN-20052,20/05/2026 13:23,Store 4,104,Completed,Mobile App,30.14
TXN-20053,16/05/2026 14:25,Store 4,101,Completed,Cash,22.47
TXN-20054,10/05/2026 14:16,Store 3,109,Completed,Credit Card,20.83
TXN-20055,19/05/2026 11:20,Store 2,107,Completed,Credit Card,31.2
TXN-20056,29/05/2026 16:37,Store 3,108,Completed,Cash,39.19
TXN-20057,09/05/2026 9:10,Store 6,101,Completed,Cash,29.92
TXN-20058,12/05/2026 13:10,Store 3,104,Completed,Credit Card,23.42
TXN-20059,16/05/2026 18:36,Store 6,100,Discount applied,Cash,9.17
TXN-20060,16/05/2026 10:31,Store 2,107,Discount applied,Cash,25.16
TXN-20061,14/05/2026 16:38,Store 2,107,Completed,Credit Card,16.08
TXN-20062,21/05/2026 12:06,Store 1,100,Completed,Credit Card,38.19
TXN-20063,24/05/2026 14:58,Store 4,104,Completed,Mobile App,38.22
TXN-20064,01/05/2026 16:43,Store 2,101,Refund,Credit Card,15.09
TXN-20065,07/05/2026 17:41,Store 1,100,Completed,Mobile App,9.7
TXN-20066,15/05/2026 13:05,Store 5,100,Completed,Credit Card,25.19
TXN-20067,19/05/2026 19:35,Store 6,102,Completed,Credit Card,37.46
TXN-20068,14/05/2026 14:20,Store 4,102,Completed,Mobile App,31.08
TXN-20069,10/05/2026 10:19,Store 4,101,Completed,Mobile App,41.23
TXN-20070,07/05/2026 21:47,Store 4,101,Completed,Cash,14.3
TXN-20071,22/05/2026 12:33,Store 4,108,Completed,Credit Card,41.71
TXN-20072,10/05/2026 16:22,Store 6,100,Completed,Credit Card,31.02
TXN-20073,05/05/2026 13:00,Store 1,100,Completed,Credit Card,7.71
TXN-20074,08/05/2026 19:54,Store 5,108,Completed,Credit Card,7.81
TXN-20075,07/05/2026 19:21,Store 3,102,Completed,Cash,19.36
TXN-20076,23/05/2026 7:07,Store 1,100,Completed,Cash,18.61
TXN-20077,03/05/2026 20:11,Store 5,105,Completed,Credit Card,29.99
TXN-20078,25/05/2026 8:09,Store 5,105,Void,Mobile App,24.93
TXN-20079,02/05/2026 18:17,Store 2,106,Completed,Mobile App,39.71
TXN-20080,02/05/2026 12:43,Store 1,101,Completed,Credit Card,36.19
TXN-20081,25/05/2026 19:52,Store 1,109,Completed,Cash,34.3
TXN-20082,30/05/2026 21:52,Store 3,103,Completed,Mobile App,23.77
TXN-20083,08/05/2026 14:31,Store 6,101,Completed,Credit Card,6.4
TXN-20084,25/05/2026 7:26,Store 1,110,Completed,Mobile App,42.6
TXN-20085,08/05/2026 19:44,Store 2,105,Completed,Cash,42.04
TXN-20086,13/05/2026 10:57,Store 5,108,Completed,Credit Card,43.32
TXN-20087,18/05/2026 15:23,Store 3,105,Completed,Credit Card,11.57
TXN-20088,11/05/2026 21:48,Store 6,108,Completed,Credit Card,21.43
TXN-20089,12/05/2026 18:32,Store 1,104,Completed,Mobile App,9.41
TXN-20090,14/05/2026 18:37,Store 1,104,Completed,Credit Card,20.31
TXN-20091,27/05/2026 13:42,Store 2,110,Completed,Credit Card,12.29
TXN-20092,08/05/2026 19:58,Store 3,103,Completed,Cash,15.85
TXN-20093,13/05/2026 20:57,Store 6,102,Completed,Credit Card,37.1
TXN-20094,22/05/2026 8:01,Store 2,100,Completed,Mobile App,33.43
TXN-20095,23/05/2026 18:25,Store 3,100,Void,Credit Card,7.57
TXN-20096,08/05/2026 12:58,Store 6,105,Completed,Cash,32.98
TXN-20097,29/05/2026 18:17,Store 5,108,Completed,Mobile App,29.51
TXN-20098,11/05/2026 13:25,Store 6,100,Completed,Mobile App,44.03
TXN-20099,18/05/2026 8:16,Store 3,110,Completed,Cash,38.12
TXN-20100,02/05/2026 18:51,Store 6,100,Completed,Credit Card,13.4
TXN-20101,27/05/2026 18:38,Store 3,102,Completed,Credit Card,13.47
TXN-20102,10/05/2026 11:19,Store 2,104,Void,Credit Card,5.56
TXN-20103,14/05/2026 10:11,Store 2,106,Void,Cash,32.93
TXN-20104,10/05/2026 17:30,Store 2,106,Completed,Cash,6.42
TXN-20105,16/05/2026 21:19,Store 1,100,Completed,Mobile App,9.9
TXN-20106,04/05/2026 12:41,Store 2,105,Completed,Credit Card,33.36
TXN-20107,17/05/2026 11:32,Store 2,104,Completed,Credit Card,41.1
TXN-20108,16/05/2026 19:48,Store 2,102,Completed,Mobile App,22.35
TXN-20109,03/05/2026 16:24,Store 5,105,Completed,Credit Card,8.25
TXN-20110,26/05/2026 8:57,Store 4,102,Completed,Credit Card,25.25
TXN-20111,07/05/2026 17:56,Store 6,104,Completed,Cash,34.81
TXN-20112,06/05/2026 18:18,Store 4,104,Completed,Cash,35.59
TXN-20113,11/05/2026 7:49,Store 2,102,Completed,Cash,28.14
TXN-20114,18/05/2026 11:54,Store 4,104,Refund,Mobile App,21.34
TXN-20115,09/05/2026 12:53,Store 6,102,Completed,Cash,37.9
TXN-20116,06/05/2026 20:24,Store 6,106,Completed,Credit Card,12.73
TXN-20117,19/05/2026 18:00,Store 2,104,Completed,Mobile App,23.22
TXN-20118,03/05/2026 9:48,Store 1,109,Completed,Mobile App,33.97
TXN-20119,12/05/2026 10:44,Store 2,100,Completed,Credit Card,21.98
TXN-20120,02/05/2026 13:25,Store 2,109,Completed,Cash,7.45
TXN-20121,04/05/2026 11:17,Store 3,102,Completed,Credit Card,11.77
TXN-20122,20/05/2026 9:49,Store 5,108,Completed,Cash,14.27
TXN-20123,25/05/2026 15:58,Store 2,109,Completed,Credit Card,18.95
TXN-20124,01/05/2026 16:44,Store 6,110,Completed,Credit Card,20.88
TXN-20125,02/05/2026 20:36,Store 2,109,Completed,Cash,23.5
TXN-20126,07/05/2026 19:09,Store 5,102,Completed,Cash,6.05
TXN-20127,09/05/2026 17:08,Store 3,110,Completed,Cash,12.36
TXN-20128,03/05/2026 20:31,Store 5,109,Completed,Credit Card,24.89
TXN-20129,08/05/2026 14:46,Store 1,100,Completed,Credit Card,28.56
TXN-20130,04/05/2026 10:17,Store 6,102,Completed,Credit Card,16.09
TXN-20131,05/05/2026 14:54,Store 3,109,Completed,Credit Card,32.91
TXN-20132,17/05/2026 18:05,Store 2,108,Completed,Cash,16.74
TXN-20133,15/05/2026 16:11,Store 4,109,Completed,Credit Card,5.49
TXN-20134,18/05/2026 16:02,Store 2,108,Completed,Cash,12.91
TXN-20135,30/05/2026 14:01,Store 2,107,Completed,Mobile App,23.14
TXN-20136,25/05/2026 13:13,Store 2,105,Discount applied,Credit Card,34.25
TXN-20137,30/05/2026 21:36,Store 4,110,Completed,Mobile App,9.48
TXN-20138,08/05/2026 20:12,Store 2,110,Completed,Mobile App,32.59
TXN-20139,24/05/2026 13:11,Store 1,109,Completed,Cash,14.2
TXN-20140,07/05/2026 20:46,Store 3,103,Completed,Cash,19.92
TXN-20141,01/05/2026 13:48,Store 3,110,Completed,Cash,18.27
TXN-20142,01/05/2026 19:25,Store 5,100,Discount applied,Credit Card,8.64
TXN-20143,16/05/2026 9:42,Store 2,107,Discount applied,Cash,17.65
TXN-20144,18/05/2026 7:40,Store 2,110,Completed,Cash,35.94
TXN-20145,11/05/2026 21:15,Store 2,109,Completed,Cash,22.87
TXN-20146,16/05/2026 18:15,Store 3,101,Completed,Mobile App,26.53
TXN-20147,20/05/2026 14:34,Store 2,107,Completed,Credit Card,20.3
TXN-20148,28/05/2026 12:44,Store 4,102,Completed,Credit Card,20.34
TXN-20149,14/05/2026 9:55,Store 4,108,Completed,Credit Card,33.12
TXN-20150,14/05/2026 8:57,Store 2,109,Completed,Mobile App,19.26
TXN-20151,23/05/2026 14:28,Store 1,108,Completed,Cash,39.02
TXN-20152,11/05/2026 17:58,Store 3,103,Completed,Mobile App,24.13
TXN-20153,18/05/2026 18:03,Store 1,110,Completed,Cash,14.24
TXN-20154,17/05/2026 19:11,Store 4,104,Completed,Cash,18
TXN-20155,26/05/2026 20:17,Store 1,106,Completed,Credit Card,44.77
TXN-20156,14/05/2026 9:42,Store 6,100,Completed,Credit Card,15.64
TXN-20157,05/05/2026 17:44,Store 5,105,Completed,Credit Card,17.58
TXN-20158,30/05/2026 13:33,Store 1,106,Completed,Mobile App,22.96
TXN-20159,11/05/2026 11:02,Store 6,101,Completed,Cash,23.41
TXN-20160,16/05/2026 13:10,Store 3,110,Void,Cash,34.36
TXN-20161,08/05/2026 9:15,Store 2,101,Completed,Credit Card,19.94
TXN-20162,29/05/2026 19:55,Store 1,100,Completed,Credit Card,12.12
TXN-20163,26/05/2026 10:43,Store 5,108,Completed,Credit Card,23.07
TXN-20164,27/05/2026 9:35,Store 3,104,Completed,Mobile App,21.93
TXN-20165,15/05/2026 8:29,Store 2,104,Void,Credit Card,21.02
TXN-20166,25/05/2026 7:45,Store 4,102,Completed,Mobile App,39.9
TXN-20167,24/05/2026 21:02,Store 6,102,Completed,Cash,30.36
TXN-20168,28/05/2026 10:05,Store 6,105,Completed,Cash,41.42
TXN-20169,11/05/2026 11:29,Store 2,110,Completed,Credit Card,36.08
TXN-20170,02/05/2026 7:35,Store 2,108,Completed,Cash,6.03
TXN-20171,27/05/2026 19:31,Store 3,101,Completed,Credit Card,38.65
TXN-20172,10/05/2026 7:08,Store 1,110,Completed,Credit Card,41.29
TXN-20173,03/05/2026 15:04,Store 5,109,Completed,Mobile App,43.17
TXN-20174,28/05/2026 16:59,Store 3,100,Completed,Credit Card,27.94
TXN-20175,30/05/2026 15:54,Store 2,107,Completed,Credit Card,13.13
TXN-20176,23/05/2026 17:36,Store 5,106,Completed,Credit Card,17.2
TXN-20177,16/05/2026 13:11,Store 6,105,Completed,Mobile App,32.05
TXN-20178,19/05/2026 13:40,Store 4,105,Completed,Mobile App,6.46
TXN-20179,08/05/2026 7:55,Store 1,109,Completed,Mobile App,27.65
TXN-20180,22/05/2026 23:01,Store 3,103,Refund,Cash,38.85
TXN-20181,12/05/2026 15:49,Store 3,105,Completed,Credit Card,32.79
TXN-20182,23/05/2026 12:52,Store 3,110,Completed,Credit Card,7.75
TXN-20183,13/05/2026 20:07,Store 3,103,Completed,Mobile App,19.89
TXN-20184,12/05/2026 9:44,Store 6,106,Completed,Cash,31.43
TXN-20185,15/05/2026 18:50,Store 1,108,Void,Credit Card,10.81
TXN-20186,08/05/2026 15:10,Store 4,108,Completed,Mobile App,18.93
TXN-20187,26/05/2026 20:46,Store 6,102,Completed,Mobile App,40.89
TXN-20188,16/05/2026 21:18,Store 3,105,Completed,Mobile App,44.76
TXN-20189,17/05/2026 19:18,Store 6,100,Completed,Credit Card,38.13
TXN-20190,23/05/2026 16:28,Store 5,110,Void,Cash,24.88
TXN-20191,24/05/2026 7:15,Store 4,108,Completed,Cash,10.46
TXN-20192,22/05/2026 19:11,Store 2,105,Completed,Cash,18.41
TXN-20193,12/05/2026 20:15,Store 3,110,Completed,Cash,17.67
TXN-20194,08/05/2026 18:26,Store 2,101,Completed,Credit Card,32.62
TXN-20195,22/05/2026 10:25,Store 2,107,Completed,Cash,13.53
TXN-20196,21/05/2026 9:46,Store 4,100,Completed,Cash,9.72
TXN-20197,09/05/2026 10:57,Store 5,101,Completed,Credit Card,36.43
TXN-20198,23/05/2026 19:54,Store 1,104,Completed,Mobile App,31.57
TXN-20199,19/05/2026 21:02,Store 3,103,Completed,Cash,16.7
TXN-20200,02/05/2026 12:29,Store 6,104,Completed,Mobile App,15.4
TXN-20201,13/05/2026 18:59,Store 1,110,Completed,Credit Card,42.52
TXN-20202,29/05/2026 22:41,Store 3,103,Void,Cash,30.53
TXN-20203,24/05/2026 7:28,Store 2,104,Completed,Mobile App,21.64
TXN-20204,01/05/2026 8:37,Store 3,106,Completed,Cash,7.52
TXN-20205,06/05/2026 13:02,Store 5,110,Discount applied,Cash,14.67
TXN-20206,14/05/2026 9:26,Store 1,106,Completed,Cash,20.28
TXN-20207,30/05/2026 17:04,Store 2,109,Void,Mobile App,6.71
TXN-20208,29/05/2026 18:17,Store 3,103,Completed,Mobile App,32.56
TXN-20209,14/05/2026 10:54,Store 2,109,Completed,Credit Card,43.66
TXN-20210,12/05/2026 11:19,Store 2,101,Refund,Credit Card,5.66
TXN-20211,14/05/2026 9:19,Store 6,101,Completed,Credit Card,29.69
TXN-20212,07/05/2026 9:11,Store 3,108,Discount applied,Credit Card,34.47
TXN-20213,16/05/2026 13:54,Store 2,102,Completed,Mobile App,29.02
TXN-20214,14/05/2026 17:11,Store 6,101,Completed,Mobile App,42.05
TXN-20215,16/05/2026 17:36,Store 4,100,Completed,Credit Card,8.4
TXN-20216,01/05/2026 19:10,Store 3,103,Completed,Credit Card,10.65
TXN-20217,10/05/2026 13:50,Store 1,109,Completed,Cash,15.05
TXN-20218,19/05/2026 15:14,Store 2,107,Completed,Cash,24.06
TXN-20219,21/05/2026 11:30,Store 5,105,Completed,Cash,21.24
TXN-20220,10/05/2026 8:04,Store 3,104,Completed,Credit Card,13.31
TXN-20221,29/05/2026 11:42,Store 4,102,Completed,Credit Card,28.85
TXN-20222,07/05/2026 18:38,Store 5,105,Completed,Credit Card,26.52
TXN-20223,23/05/2026 13:44,Store 2,109,Refund,Credit Card,18.3
TXN-20224,17/05/2026 11:48,Store 4,106,Completed,Credit Card,9.28
TXN-20225,09/05/2026 9:18,Store 1,110,Completed,Credit Card,17.99
TXN-20226,09/05/2026 11:39,Store 2,106,Completed,Credit Card,18.17
TXN-20227,06/05/2026 9:04,Store 6,110,Completed,Cash,42.13
TXN-20228,29/05/2026 7:16,Store 2,110,Completed,Cash,44.38
TXN-20229,12/05/2026 17:59,Store 6,100,Completed,Credit Card,22.35
TXN-20230,27/05/2026 11:06,Store 2,106,Completed,Mobile App,21.24
TXN-20231,05/05/2026 20:48,Store 4,109,Completed,Credit Card,44.07
TXN-20232,26/05/2026 11:18,Store 6,106,Completed,Mobile App,5.71
TXN-20233,20/05/2026 7:48,Store 5,105,Completed,Cash,6.04
TXN-20234,05/05/2026 11:33,Store 3,102,Completed,Credit Card,43.08
TXN-20235,01/05/2026 15:27,Store 6,109,Completed,Mobile App,27.95
TXN-20236,30/05/2026 19:08,Store 4,110,Completed,Mobile App,27.89
TXN-20237,07/05/2026 10:22,Store 3,108,Completed,Mobile App,18.59
TXN-20238,16/05/2026 19:56,Store 3,103,Completed,Cash,37.64
TXN-20239,06/05/2026 21:59,Store 3,104,Completed,Cash,25.17
TXN-20240,24/05/2026 13:01,Store 1,102,Completed,Credit Card,30.99
TXN-20241,15/05/2026 13:25,Store 6,100,Completed,Mobile App,29.19
TXN-20242,04/05/2026 10:32,Store 6,102,Completed,Credit Card,27.02
TXN-20243,04/05/2026 13:20,Store 2,107,Refund,Cash,44.97
TXN-20244,04/05/2026 18:37,Store 4,110,Completed,Credit Card,29.2
TXN-20245,24/05/2026 18:41,Store 6,102,Completed,Mobile App,40.5
TXN-20246,07/05/2026 19:33,Store 3,103,Completed,Credit Card,16.63
TXN-20247,10/05/2026 16:24,Store 2,104,Completed,Cash,30.73
TXN-20248,19/05/2026 20:17,Store 6,110,Completed,Mobile App,11.86
TXN-20249,20/05/2026 19:09,Store 3,110,Completed,Credit Card,6.88
TXN-20250,15/05/2026 20:21,Store 4,109,Completed,Credit Card,17.83
TXN-20251,08/05/2026 8:09,Store 6,102,Completed,Cash,11.11
TXN-20252,08/05/2026 16:34,Store 6,100,Completed,Credit Card,6.6
TXN-20253,02/05/2026 9:34,Store 6,102,Completed,Cash,43.89
TXN-20254,05/05/2026 14:39,Store 2,104,Completed,Mobile App,42.76
TXN-20255,04/05/2026 16:00,Store 2,105,Completed,Credit Card,38.2
TXN-20256,15/05/2026 8:19,Store 4,104,Completed,Credit Card,7.95
TXN-20257,01/05/2026 19:51,Store 4,100,Completed,Credit Card,15.27
TXN-20258,05/05/2026 18:38,Store 4,108,Completed,Credit Card,31.17
TXN-20259,13/05/2026 14:37,Store 5,110,Completed,Credit Card,40.84
TXN-20260,22/05/2026 15:54,Store 1,106,Completed,Cash,6.98
TXN-20261,09/05/2026 17:33,Store 2,108,Completed,Cash,34.06
TXN-20262,06/05/2026 11:28,Store 5,109,Completed,Credit Card,31.07
TXN-20263,01/05/2026 17:36,Store 2,107,Completed,Cash,27.88
TXN-20264,20/05/2026 12:08,Store 3,104,Completed,Credit Card,20.89
TXN-20265,13/05/2026 11:58,Store 4,108,Completed,Cash,13.76
TXN-20266,11/05/2026 21:27,Store 5,101,Completed,Credit Card,27.08
TXN-20267,28/05/2026 13:57,Store 5,106,Completed,Credit Card,7.18
TXN-20268,20/05/2026 17:10,Store 6,101,Completed,Credit Card,28.86
TXN-20269,22/05/2026 15:57,Store 2,107,Completed,Credit Card,19.07
TXN-20270,11/05/2026 9:44,Store 4,101,Completed,Mobile App,18.42
TXN-20271,21/05/2026 8:08,Store 1,106,Completed,Credit Card,8.13
TXN-20272,18/05/2026 10:42,Store 4,108,Completed,Cash,27.22
TXN-20273,24/05/2026 19:44,Store 2,101,Completed,Credit Card,43.77
TXN-20274,07/05/2026 9:25,Store 6,101,Completed,Cash,40.15
TXN-20275,13/05/2026 12:01,Store 6,106,Completed,Cash,24.06
TXN-20276,22/05/2026 8:04,Store 4,101,Completed,Cash,24.8
TXN-20277,16/05/2026 10:06,Store 1,101,Completed,Mobile App,11.05
TXN-20278,03/05/2026 8:59,Store 5,104,Completed,Mobile App,25.27
TXN-20279,22/05/2026 10:55,Store 4,110,Completed,Cash,24.93
TXN-20280,27/05/2026 13:16,Store 4,102,Completed,Credit Card,26.33
TXN-20281,26/05/2026 15:54,Store 1,101,Completed,Credit Card,11.65
TXN-20282,17/05/2026 8:17,Store 1,106,Completed,Credit Card,34.65
TXN-20283,04/05/2026 7:26,Store 3,102,Completed,Credit Card,37.19
TXN-20284,05/05/2026 14:48,Store 4,104,Completed,Mobile App,9.13
TXN-20285,30/05/2026 11:05,Store 2,104,Completed,Cash,28.76
TXN-20286,04/05/2026 21:11,Store 5,106,Completed,Credit Card,27.11
TXN-20287,04/05/2026 17:38,Store 3,102,Refund,Credit Card,12.75
TXN-20288,17/05/2026 13:48,Store 5,110,Completed,Credit Card,17.81
TXN-20289,15/05/2026 7:12,Store 2,109,Void,Mobile App,20.54
TXN-20290,05/05/2026 18:14,Store 3,104,Completed,Cash,30.1
TXN-20291,13/05/2026 19:06,Store 6,104,Completed,Cash,40.68
TXN-20292,03/05/2026 8:06,Store 3,102,Completed,Credit Card,28.03
TXN-20293,19/05/2026 17:48,Store 2,105,Completed,Mobile App,40.09
TXN-20294,08/05/2026 16:05,Store 6,100,Completed,Cash,5.5
TXN-20295,25/05/2026 15:34,Store 2,110,Completed,Credit Card,20.16
TXN-20296,12/05/2026 21:51,Store 3,103,Completed,Credit Card,16.57
TXN-20297,23/05/2026 18:57,Store 5,101,Completed,Cash,42.95
TXN-20298,12/05/2026 20:08,Store 6,108,Completed,Cash,22.12
TXN-20299,15/05/2026 16:43,Store 2,106,Completed,Credit Card,21.53
TXN-20300,30/05/2026 13:45,Store 3,110,Completed,Mobile App,10.67
TXN-20301,10/05/2026 12:22,Store 4,108,Completed,Cash,7.33
TXN-20302,18/05/2026 12:01,Store 2,107,Completed,Credit Card,24.47
TXN-20303,23/05/2026 18:39,Store 3,103,Completed,Mobile App,32.79
TXN-20304,10/05/2026 16:01,Store 3,109,Completed,Cash,42.21
TXN-20305,07/05/2026 16:03,Store 4,106,Completed,Mobile App,42.35
TXN-20306,27/05/2026 15:14,Store 2,107,Completed,Cash,39.07
TXN-20307,28/05/2026 11:00,Store 2,107,Completed,Mobile App,25.2
TXN-20308,30/05/2026 20:08,Store 6,106,Completed,Cash,8.83
TXN-20309,05/05/2026 8:02,Store 2,102,Completed,Mobile App,14.2
TXN-20310,26/05/2026 17:00,Store 3,103,Completed,Mobile App,7.6
TXN-20311,05/05/2026 13:43,Store 5,108,Void,Cash,22.5
TXN-20312,20/05/2026 21:49,Store 5,109,Completed,Cash,43.44
TXN-20313,01/05/2026 16:26,Store 2,107,Completed,Mobile App,30.06
TXN-20314,08/05/2026 15:12,Store 5,105,Completed,Cash,31.72
TXN-20315,30/05/2026 10:23,Store 2,109,Completed,Credit Card,8.43
TXN-20316,27/05/2026 16:34,Store 2,102,Void,Credit Card,7.74
TXN-20317,20/05/2026 20:28,Store 1,106,Completed,Credit Card,5.35
TXN-20318,11/05/2026 21:52,Store 3,101,Completed,Mobile App,29.67
TXN-20319,01/05/2026 21:10,Store 2,110,Completed,Cash,17.81
TXN-20320,10/05/2026 10:27,Store 2,108,Completed,Credit Card,8.36
TXN-20321,09/05/2026 9:23,Store 3,108,Completed,Cash,7.1
TXN-20322,14/05/2026 20:54,Store 2,101,Completed,Cash,33.42
TXN-20323,30/05/2026 12:36,Store 4,106,Completed,Credit Card,34.4
TXN-20324,21/05/2026 18:11,Store 4,102,Completed,Credit Card,37.75
TXN-20325,05/05/2026 21:03,Store 2,105,Completed,Cash,26.8
TXN-20326,12/05/2026 18:02,Store 4,101,Completed,Cash,7.5
TXN-20327,03/05/2026 15:24,Store 6,104,Completed,Credit Card,41.34
TXN-20328,22/05/2026 17:34,Store 6,101,Completed,Mobile App,7.11
TXN-20329,26/05/2026 10:54,Store 5,101,Completed,Mobile App,41.25
TXN-20330,28/05/2026 13:33,Store 6,109,Completed,Cash,12.36
TXN-20331,10/05/2026 20:18,Store 1,102,Completed,Credit Card,20.67
TXN-20332,04/05/2026 10:50,Store 2,105,Completed,Credit Card,16.33
TXN-20333,09/05/2026 14:08,Store 6,100,Completed,Mobile App,24.13
TXN-20334,25/05/2026 8:11,Store 5,109,Completed,Credit Card,38.69
TXN-20335,26/05/2026 17:41,Store 3,100,Completed,Credit Card,27.32
TXN-20336,09/05/2026 16:29,Store 4,108,Completed,Cash,16.5
TXN-20337,02/05/2026 12:42,Store 3,106,Completed,Credit Card,12.83
TXN-20338,22/05/2026 15:10,Store 5,106,Void,Credit Card,31.55
TXN-20339,19/05/2026 12:40,Store 4,109,Completed,Credit Card,12.48
TXN-20340,07/05/2026 20:40,Store 6,108,Completed,Cash,17.79
TXN-20341,08/05/2026 16:55,Store 3,100,Completed,Credit Card,24.07
TXN-20342,28/05/2026 13:17,Store 1,104,Completed,Mobile App,15.26
TXN-20343,22/05/2026 9:18,Store 6,109,Completed,Cash,32.57
TXN-20344,19/05/2026 16:04,Store 4,100,Completed,Credit Card,29.43
TXN-20345,20/05/2026 11:00,Store 2,104,Completed,Mobile App,36.69
TXN-20346,25/05/2026 20:48,Store 3,103,Completed,Cash,27.96
TXN-20347,20/05/2026 15:52,Store 3,108,Completed,Mobile App,28.11
TXN-20348,01/05/2026 16:11,Store 1,106,Completed,Mobile App,9.37
TXN-20349,08/05/2026 15:00,Store 4,104,Completed,Mobile App,8.62
TXN-20350,22/05/2026 9:38,Store 4,108,Completed,Cash,36.95
TXN-20351,26/05/2026 15:26,Store 3,110,Completed,Credit Card,25.77
TXN-20352,23/05/2026 16:53,Store 6,109,Completed,Credit Card,13.6
TXN-20353,01/05/2026 18:56,Store 1,105,Completed,Credit Card,17.14
TXN-20354,20/05/2026 13:27,Store 1,106,Completed,Credit Card,15.15
TXN-20355,23/05/2026 7:38,Store 1,104,Void,Cash,33.26
TXN-20356,16/05/2026 16:10,Store 5,104,Void,Cash,8.35
TXN-20357,18/05/2026 21:51,Store 3,101,Completed,Credit Card,27.68
TXN-20358,23/05/2026 10:39,Store 6,105,Completed,Cash,12.45
TXN-20359,06/05/2026 14:18,Store 2,110,Completed,Cash,23.04
TXN-20360,04/05/2026 10:25,Store 1,105,Completed,Credit Card,20.19
TXN-20361,16/05/2026 12:18,Store 3,102,Completed,Credit Card,33.47
TXN-20362,23/05/2026 11:35,Store 1,100,Completed,Credit Card,25.87
TXN-20363,21/05/2026 21:12,Store 3,103,Completed,Credit Card,36.76
TXN-20364,27/05/2026 17:38,Store 1,110,Completed,Credit Card,37.08
TXN-20365,10/05/2026 17:39,Store 4,108,Void,Credit Card,12.13
TXN-20366,09/05/2026 11:38,Store 5,102,Completed,Mobile App,5.76
TXN-20367,05/05/2026 19:44,Store 2,106,Completed,Credit Card,36.05
TXN-20368,04/05/2026 16:36,Store 6,109,Completed,Credit Card,29.12
TXN-20369,13/05/2026 15:53,Store 2,105,Completed,Cash,22.2
TXN-20370,24/05/2026 7:47,Store 1,100,Completed,Mobile App,29.7
TXN-20371,02/05/2026 19:02,Store 5,104,Completed,Credit Card,8.02
TXN-20372,08/05/2026 15:41,Store 1,100,Completed,Mobile App,20.86
TXN-20373,18/05/2026 17:57,Store 6,104,Completed,Credit Card,40.41
TXN-20374,11/05/2026 21:29,Store 2,106,Completed,Cash,44.68
TXN-20375,05/05/2026 18:05,Store 4,109,Completed,Credit Card,38.1
TXN-20376,29/05/2026 16:45,Store 1,100,Completed,Credit Card,35.51
TXN-20377,09/05/2026 20:01,Store 3,101,Completed,Mobile App,36.6
TXN-20378,04/05/2026 19:02,Store 3,103,Completed,Mobile App,13.95
TXN-20379,09/05/2026 17:37,Store 3,101,Completed,Credit Card,34.96
TXN-20380,07/05/2026 15:33,Store 1,110,Completed,Mobile App,15.17
TXN-20381,14/05/2026 11:45,Store 4,106,Completed,Cash,35.45
TXN-20382,10/05/2026 21:44,Store 4,102,Completed,Cash,23.55
TXN-20383,10/05/2026 11:20,Store 5,101,Completed,Cash,32.56
TXN-20384,06/05/2026 15:23,Store 4,100,Completed,Credit Card,12.69
TXN-20385,14/05/2026 13:05,Store 3,105,Completed,Mobile App,18.65
TXN-20386,19/05/2026 15:57,Store 4,108,Completed,Credit Card,23.79
TXN-20387,12/05/2026 19:59,Store 3,103,Completed,Credit Card,16.75
TXN-20388,21/05/2026 9:50,Store 4,100,Completed,Credit Card,42.82
TXN-20389,03/05/2026 12:31,Store 5,100,Completed,Cash,29.02
TXN-20390,14/05/2026 12:05,Store 2,107,Completed,Credit Card,32.89
TXN-20391,30/05/2026 12:51,Store 6,106,Completed,Cash,13.44
TXN-20392,09/05/2026 7:44,Store 4,108,Completed,Credit Card,43.02
TXN-20393,02/05/2026 12:16,Store 4,109,Completed,Credit Card,29.04
TXN-20394,19/05/2026 9:04,Store 1,108,Completed,Credit Card,9.17
TXN-20395,21/05/2026 21:55,Store 3,103,Void,Cash,31.08
TXN-20396,03/05/2026 10:25,Store 4,109,Completed,Credit Card,33.23
TXN-20397,29/05/2026 8:25,Store 2,109,Completed,Mobile App,7.28
TXN-20398,23/05/2026 20:37,Store 5,101,Completed,Cash,7.69
TXN-20399,28/05/2026 15:45,Store 5,101,Completed,Cash,7.44
TXN-20400,14/05/2026 13:22,Store 3,101,Completed,Mobile App,9.26
TXN-20401,22/05/2026 15:10,Store 2,110,Completed,Credit Card,6.26
TXN-20402,05/05/2026 15:28,Store 4,101,Completed,Credit Card,32.41
TXN-20403,13/05/2026 12:52,Store 2,107,Completed,Cash,22.5
TXN-20404,01/05/2026 10:40,Store 3,102,Completed,Cash,5.48
TXN-20405,21/05/2026 17:30,Store 4,102,Completed,Credit Card,35.98
TXN-20406,17/05/2026 17:39,Store 6,108,Completed,Mobile App,21.69
TXN-20407,21/05/2026 18:30,Store 3,103,Completed,Cash,11.06
TXN-20408,24/05/2026 12:37,Store 4,106,Completed,Cash,26.22
TXN-20409,23/05/2026 14:24,Store 3,102,Completed,Cash,39.76
TXN-20410,24/05/2026 17:43,Store 2,105,Completed,Cash,33.5
TXN-20411,16/05/2026 19:46,Store 3,103,Completed,Credit Card,33.8
TXN-20412,03/05/2026 7:51,Store 3,104,Completed,Credit Card,13.68
TXN-20413,29/05/2026 21:22,Store 1,109,Completed,Credit Card,14.33
TXN-20414,20/05/2026 13:35,Store 5,109,Completed,Credit Card,12.03
TXN-20415,18/05/2026 9:45,Store 2,107,Completed,Mobile App,38.36
TXN-20416,15/05/2026 19:45,Store 2,102,Completed,Mobile App,27.95
TXN-20417,20/05/2026 15:16,Store 2,107,Completed,Credit Card,26.5
TXN-20418,21/05/2026 12:16,Store 2,110,Completed,Credit Card,34.04
TXN-20419,25/05/2026 20:58,Store 1,101,Completed,Credit Card,39.43
TXN-20420,24/05/2026 19:09,Store 2,102,Completed,Credit Card,31.91
TXN-20421,17/05/2026 14:00,Store 4,106,Void,Mobile App,13.72
TXN-20422,19/05/2026 8:20,Store 1,106,Completed,Credit Card,28.24
TXN-20423,08/05/2026 8:13,Store 2,106,Completed,Credit Card,36.18
TXN-20424,03/05/2026 12:01,Store 6,109,Completed,Credit Card,20.29
TXN-20425,15/05/2026 20:43,Store 2,108,Completed,Credit Card,38.88
TXN-20426,15/05/2026 20:47,Store 4,100,Completed,Mobile App,6.97
TXN-20427,06/05/2026 13:17,Store 5,105,Completed,Cash,30.45
TXN-20428,08/05/2026 11:53,Store 4,109,Void,Credit Card,15.3
TXN-20429,22/05/2026 7:00,Store 4,106,Completed,Mobile App,33.03
TXN-20430,10/05/2026 10:49,Store 1,104,Completed,Cash,18.12
TXN-20431,05/05/2026 17:51,Store 2,107,Completed,Cash,24.12
TXN-20432,23/05/2026 14:10,Store 1,101,Completed,Cash,7.42
TXN-20433,23/05/2026 7:25,Store 4,105,Completed,Credit Card,19.1
TXN-20434,04/05/2026 19:02,Store 2,109,Completed,Cash,20.17
TXN-20435,28/05/2026 20:23,Store 4,100,Completed,Cash,5.83
TXN-20436,14/05/2026 14:48,Store 6,109,Completed,Credit Card,29.23
TXN-20437,04/05/2026 19:59,Store 3,103,Completed,Cash,6.46
TXN-20438,18/05/2026 18:47,Store 4,105,Completed,Credit Card,32.41
TXN-20439,01/05/2026 10:07,Store 5,109,Completed,Cash,13.49
TXN-20440,28/05/2026 18:36,Store 1,106,Completed,Credit Card,25.71
TXN-20441,29/05/2026 9:58,Store 5,109,Completed,Cash,7.96
TXN-20442,18/05/2026 14:20,Store 3,108,Completed,Cash,8.27
TXN-20443,13/05/2026 9:09,Store 5,110,Completed,Credit Card,21.93
TXN-20444,25/05/2026 14:38,Store 6,102,Completed,Mobile App,22.69
TXN-20445,15/05/2026 19:59,Store 5,102,Completed,Mobile App,36.78
TXN-20446,06/05/2026 21:12,Store 3,104,Completed,Cash,37.28
TXN-20447,26/05/2026 14:24,Store 5,109,Completed,Credit Card,25.94
TXN-20448,10/05/2026 20:56,Store 1,100,Completed,Credit Card,20.23
TXN-20449,14/05/2026 15:17,Store 6,104,Completed,Credit Card,8.98
TXN-20450,01/05/2026 12:29,Store 3,101,Completed,Credit Card,6.35
TXN-20451,18/05/2026 11:48,Store 1,100,Completed,Cash,8.29
TXN-20452,27/05/2026 12:54,Store 6,110,Completed,Credit Card,43.79
TXN-20453,26/05/2026 18:22,Store 1,108,Completed,Credit Card,18.76
TXN-20454,12/05/2026 10:30,Store 1,108,Completed,Credit Card,32.23
TXN-20455,15/05/2026 16:52,Store 1,105,Refund,Mobile App,12.21
TXN-20456,21/05/2026 17:59,Store 2,104,Completed,Credit Card,26.41
TXN-20457,30/05/2026 16:27,Store 4,108,Completed,Mobile App,44.48
TXN-20458,02/05/2026 7:36,Store 5,106,Completed,Credit Card,28.21
TXN-20459,20/05/2026 11:10,Store 3,110,Void,Cash,18.25
